Iteration	Posterior	Likelihood	Prior	rate_log_sd	tree_length
0	-1903.528	-2093.411	189.8831	1.911563	0.9960791
6	-1909.642	-2099.463	189.8206	1.867034	1.098599
12	-1913.979	-2103.901	189.9218	2.036991	0.8116137
18	-1916.536	-2106.48	189.9432	2.015618	0.8116137
24	-1915.532	-2105.323	189.7907	1.753695	1.224464
30	-1907.573	-2097.149	189.576	1.812824	1.351625
36	-1906.354	-2096.286	189.9322	1.977151	0.8725346
42	-1903.585	-2093.644	190.0589	1.853241	0.8692406
48	-1907.167	-2097.19	190.0232	1.853241	0.9100494
54	-1911.499	-2101.536	190.0371	1.95753	0.7625137
60	-1905.569	-2095.598	190.0293	1.988005	0.7280423
66	-1908.925	-2098.832	189.9064	2.170729	0.6082178
72	-1911.797	-2101.669	189.8715	1.985239	0.9316193
78	-1917.168	-2107.156	189.9887	1.991701	0.782689
84	-1921.828	-2111.693	189.8644	2.211301	0.6120926
90	-1912.196	-2102.1	189.9038	2.162868	0.6349115
96	-1918.34	-2108.225	189.8852	2.162868	0.6743585
102	-1914.39	-2104.406	190.0161	1.915794	0.845609
108	-1909.433	-2099.139	189.7065	1.90615	1.165759
114	-1904.182	-2094.157	189.9752	1.993045	0.7991666
120	-1898.238	-2088.255	190.0168	1.951483	0.7991666
126	-1903.35	-2093.187	189.8372	1.840296	1.107836
132	-1899.675	-2089.587	189.9119	1.811693	1.065185
138	-1910.413	-2100.354	189.9405	1.82562	1.024383
144	-1911.737	-2101.473	189.736	1.618347	1.378829
150	-1908.473	-2098.216	189.7427	1.635783	1.359838
156	-1915.703	-2104.712	189.0094	1.552588	1.947705
162	-1910.16	-2100.047	189.8865	2.016247	0.8802409
168	-1903.639	-2093.559	189.9208	2.042726	0.8054899
174	-1906.164	-2096.01	189.8462	2.068998	0.8657022
180	-1912.482	-2102.138	189.6567	1.762641	1.327276
186	-1910.298	-2100.128	189.8298	1.792447	1.157366
192	-1914.08	-2103.942	189.862	1.832683	1.092099
198	-1910.993	-2100.993	190.0005	1.887059	0.8975966
204	-1923.91	-2113.902	189.9914	1.910681	0.8810595
210	-1933.635	-2123.537	189.9011	2.035088	0.8403532
216	-1933.41	-2123.31	189.9	2.02128	0.858442
222	-1917.573	-2107.457	189.8839	1.86473	1.041351
228	-1906.496	-2096.233	189.7366	1.922224	1.124796
234	-1902.518	-2092.455	189.9371	1.72172	1.124796
240	-1907.663	-2097.735	190.0727	1.766809	0.9499891
246	-1912.071	-2101.842	189.7715	2.005788	1.013435
252	-1920.574	-2110.32	189.7459	1.937628	1.102372
258	-1919.091	-2108.955	189.8633	1.898345	1.028709
264	-1905.916	-2095.585	189.6685	1.647496	1.408771
270	-1909.437	-2099.207	189.7706	1.570217	1.389453
276	-1921.27	-2110.957	189.6873	1.653517	1.389453
282	-1912.165	-2101.851	189.686	1.879438	1.206542
288	-1912.484	-2102.294	189.8096	1.768672	1.195573
294	-1919.75	-2109.651	189.9012	1.787042	1.097989
300	-1905.166	-2094.853	189.6872	1.722562	1.334929
306	-1913.237	-2103.157	189.9203	1.861892	1.008512
312	-1915.275	-2105.23	189.9549	2.004214	0.8112242
318	-1912.408	-2102.318	189.9105	2.167468	0.6059734
324	-1915.782	-2105.705	189.9229	2.16963	0.5522839
330	-1910.442	-2100.308	189.8658	2.17761	0.6833035
336	-1906.295	-2096.207	189.9119	2.117861	0.7074938
342	-1911.623	-2101.58	189.9573	2.124019	0.5957546
348	-1906.277	-2096.193	189.9162	2.181342	0.4929946
354	-1904.798	-2094.593	189.7948	2.301497	0.474516
360	-1907.855	-2097.624	189.7684	2.326497	0.4636624
366	-1905.841	-2095.961	190.1203	1.839293	0.8106657
372	-1906.641	-2096.728	190.0868	1.908608	0.76132
378	-1905.61	-2095.621	190.0114	1.908608	0.85997
384	-1918.461	-2108.204	189.7431	2.348037	0.5592896
390	-1921.162	-2111.042	189.8799	1.576929	1.297
396	-1920.2	-2109.807	189.6066	1.672698	1.437043
402	-1915.175	-2104.739	189.5641	2.512635	0.4045649
408	-1917.662	-2107.295	189.6326	2.464718	0.5134235
414	-1925.51	-2115.295	189.7847	2.312338	0.5173371
420	-1916.702	-2106.688	189.9859	1.909549	0.8885761
426	-1911.992	-2101.858	189.8656	2.061636	0.8512741
432	-1912.22	-2102.225	190.0046	2.03137	0.6967959
438	-1910.138	-2100.121	189.9821	1.890439	0.9143365
444	-1910.781	-2100.748	189.9671	1.905473	0.9143365
450	-1933.303	-2123.309	190.0052	1.984186	0.7700887
456	-1924.822	-2114.759	189.9368	2.098983	0.6970678
462	-1909.226	-2099.03	189.8042	2.289349	0.5468014
468	-1904.869	-2094.725	189.8553	2.218685	0.616715
474	-1905.758	-2095.663	189.9051	2.18497	0.5640455
480	-1907.911	-2097.845	189.9343	2.152551	0.5772374
486	-1909.56	-2099.611	190.0512	1.997304	0.6734764
492	-1907.276	-2097.197	189.9208	1.769985	1.095728
498	-1909.905	-2099.712	189.8068	1.763983	1.20197
504	-1916.173	-2105.838	189.6642	1.654273	1.406825
510	-1915.345	-2104.537	189.1916	1.552149	1.824066
516	-1914.01	-2103.214	189.2044	1.539271	1.824066
522	-1923.584	-2112.658	189.0742	1.472418	1.958053
528	-1925.021	-2114.821	189.7992	1.943084	1.047387
534	-1913.667	-2103.514	189.8471	1.865562	1.075368
540	-1915.591	-2105.493	189.902	2.079401	0.7812136
546	-1901.976	-2091.925	189.949	1.93235	0.9045125
552	-1901.146	-2091.116	189.9696	1.967513	0.8391477
558	-1895.745	-2085.759	190.0142	1.922943	0.8391477
564	-1909.932	-2099.906	189.9746	2.044718	0.7248254
570	-1903.206	-2093.124	189.9178	2.110724	0.709615
576	-1907.198	-2097.089	189.8913	2.110724	0.7515562
582	-1915.378	-2105.338	189.9591	2.042972	0.7515562
588	-1913.978	-2103.923	189.9449	2.099253	0.6817912
594	-1936.587	-2126.445	189.8572	2.167892	0.7153658
600	-1922.597	-2112.651	190.0539	1.90084	0.8169613
606	-1911.493	-2101.423	189.9301	1.970591	0.8826595
612	-1908.572	-2098.527	189.9552	1.952324	0.8746772
618	-1915.481	-2105.151	189.6695	1.877493	1.222254
624	-1934.31	-2123.426	189.1161	1.50116	1.910418
630	-1906.94	-2096.865	189.9254	2.081274	0.7445294
636	-1910.844	-2100.703	189.8587	2.174033	0.702445
642	-1904.534	-2094.423	189.8889	2.146253	0.6981356
648	-1911.816	-2101.685	189.8689	2.156669	0.7146144
654	-1915.837	-2105.766	189.9289	2.13373	0.6442031
660	-1911.336	-2100.157	188.8206	1.417695	2.161658
666	-1924.305	-2113.327	189.0214	1.599475	1.907983
672	-1917.192	-2106.869	189.677	1.611054	1.430306
678	-1930.061	-2119.801	189.7396	1.557718	1.423152
684	-1921.492	-2111.126	189.6345	1.657809	1.427049
690	-1920.66	-2110.651	189.9914	2.071335	0.6440181
696	-1914.598	-2104.595	189.9972	2.011162	0.7420467
702	-1903.995	-2093.923	189.9282	2.126793	0.6605072
708	-1906.086	-2096.125	190.0393	1.934289	0.7919566
714	-1901.838	-2091.738	189.9001	1.950158	0.9385857
720	-1922.353	-2112.343	189.9906	2.041011	0.7044192
726	-1920.528	-2110.276	189.7481	1.860728	1.169058
732	-1929.529	-2119.429	189.8998	1.864388	1.026256
738	-1927.464	-2117.328	189.8646	1.864388	1.060082
744	-1913.02	-2102.971	189.9506	1.833787	1.006347
750	-1919.087	-2109.075	189.9886	1.795864	1.006347
756	-1912.663	-2102.517	189.8538	1.842582	1.090561
762	-1897.801	-2087.59	189.7895	1.713411	1.259165
768	-1906.048	-2095.819	189.7706	1.84901	1.159666
774	-1910.878	-2100.604	189.7265	1.722784	1.303129
780	-1914.852	-2104.581	189.7288	1.806291	1.232306
786	-1911.724	-2101.685	189.9619	1.824809	1.004067
792	-1918.314	-2107.514	189.2002	1.50628	1.849663
798	-1914.72	-2103.846	189.1264	1.580099	1.849663
804	-1913.989	-2103.428	189.4394	1.572726	1.635191
810	-1927.198	-2116.859	189.6609	1.71506	1.361792
816	-1925.067	-2115.04	189.9736	1.778252	1.038213
822	-1912.791	-2102.562	189.7712	1.838354	1.168501
828	-1916.995	-2106.689	189.6941	1.915399	1.168501
834	-1917.663	-2107.517	189.8541	1.754332	1.169466
840	-1913.55	-2103.518	189.9684	1.744873	1.074838
846	-1910.693	-2100.116	189.4231	1.707477	1.548884
852	-1911.597	-2101.408	189.8107	1.6599	1.285786
858	-1908.706	-2098.41	189.7038	1.718507	1.324932
864	-1912.396	-2102.208	189.812	1.661253	1.283613
870	-1923.364	-2113.319	189.9552	1.781606	1.05265
876	-1921.614	-2111.592	189.9776	1.943981	0.8580921
882	-1902.515	-2092.45	189.9353	2.077886	0.7346127
888	-1906.344	-2096.41	190.0658	1.970369	0.6964128
894	-1912.104	-2102.045	189.9411	1.924922	0.9214617
900	-1897.007	-2086.938	189.9307	1.935339	0.9214617
906	-1893.083	-2083.054	189.9714	1.894662	0.9214617
912	-1897.531	-2087.525	189.9934	1.905068	0.8851445
918	-1899.273	-2089.3	190.0265	1.905068	0.8460125
924	-1896.102	-2085.955	189.8527	2.216529	0.6287339
930	-1911.398	-2101.241	189.8435	2.251534	0.4650377
936	-1903.546	-2093.388	189.842	2.253849	0.4706065
942	-1895.83	-2085.725	189.8946	2.189682	0.5863778
948	-1902.281	-2092.102	189.8215	2.275957	0.5088422
954	-1915.761	-2105.583	189.8215	2.275957	0.5088422
960	-1907.082	-2096.849	189.7672	2.325209	0.4503987
966	-1903.221	-2092.919	189.6975	2.384925	0.4177846
972	-1901.76	-2091.399	189.6393	2.430381	0.3909117
978	-1910.618	-2100.246	189.6278	2.453598	0.4152583
984	-1907.608	-2097.407	189.7994	2.298273	0.4975914
990	-1921.066	-2110.894	189.8285	2.167588	0.7603638
996	-1914.131	-2103.867	189.7356	2.355252	0.5605184
1002	-1921.796	-2111.566	189.77	2.327582	0.498015
1008	-1904.902	-2094.805	189.9032	2.120343	0.7179224
1014	-1903.979	-2093.906	189.9264	2.161787	0.5720374
1020	-1906.342	-2096.352	190.0104	2.055655	0.6364937
1026	-1914.467	-2104.353	189.8856	2.050352	0.8406057
1032	-1914.399	-2104.294	189.8954	2.016713	0.8692614
1038	-1905.819	-2095.77	189.9502	1.828976	1.011572
1044	-1919.619	-2109.558	189.9396	2.075601	0.7313864
1050	-1912.351	-2102.331	189.9795	1.999009	0.7852408
1056	-1910.552	-2100.535	189.9828	2.020822	0.7492539
1062	-1908.91	-2098.814	189.9038	2.055394	0.8110846
1068	-1905.979	-2095.98	190.0006	1.92017	0.858991
1074	-1905.441	-2095.357	189.916	2.004764	0.858991
1080	-1912.358	-2102.357	189.9988	1.922043	0.858991
1086	-1921.48	-2111.472	189.9918	2.045473	0.694336
1092	-1913.335	-2103.067	189.7314	2.365641	0.4824814
1098	-1904.593	-2094.302	189.7087	2.387365	0.472118
1104	-1910.322	-2100.169	189.8471	1.864735	1.076168
1110	-1907.3	-2097.233	189.933	1.864735	0.9930491
1116	-1909.984	-2099.942	189.958	1.85466	0.9779
1122	-1897.255	-2087.215	189.9606	1.938639	0.8842788
1128	-1904.232	-2094.2	189.9676	2.024377	0.7663961
1134	-1901.683	-2091.447	189.764	2.329575	0.5461802
1140	-1904.957	-2094.821	189.8641	2.230275	0.5413929
1146	-1910.063	-2099.941	189.8773	2.217486	0.5384032
1152	-1911.269	-2101.167	189.8985	2.187818	0.5790915
1158	-1910.939	-2100.915	189.9761	2.047401	0.7180089
1164	-1916.392	-2106.239	189.8474	1.885553	1.056302
1170	-1917.195	-2107.007	189.8124	1.803449	1.162949
1176	-1928.243	-2118.24	189.9969	1.803449	0.9903754
1182	-1919.168	-2109.062	189.8936	1.908371	0.9887009
1188	-1919.891	-2109.791	189.8993	1.943519	0.946433
1194	-1917.131	-2107.101	189.9702	2.102277	0.6207556
1200	-1914.306	-2104.249	189.9431	2.154044	0.516171
1206	-1912.371	-2102.12	189.7497	2.347861	0.5065797
1212	-1895.524	-2085.107	189.5836	2.488856	0.395985
1218	-1900.775	-2090.342	189.567	2.487027	0.3665381
1224	-1906.091	-2095.639	189.5476	2.507255	0.3676416
1230	-1916.006	-2105.452	189.4466	2.573058	0.32762
1236	-1923.249	-2112.593	189.344	2.5913	0.2664368
1242	-1925.793	-2115.495	189.7022	1.684223	1.353505
1248	-1909.394	-2099.273	189.8792	1.643657	1.242549
1254	-1910.718	-2100.097	189.3783	2.589236	0.2863519
1260	-1911.368	-2100.579	189.2108	2.667194	0.2373933
1266	-1903.107	-2092.131	189.0243	2.771748	0.2049995
1272	-1911.866	-2100.938	189.0715	2.771748	0.2226189
1278	-1930.191	-2119.362	189.1708	2.70679	0.2372483
1284	-1914.255	-2104.064	189.8093	1.695803	1.25737
1290	-1908.989	-2098.72	189.7312	1.773821	1.25737
1296	-1922.489	-2112.291	189.8018	1.703314	1.25737
1302	-1922.857	-2112.731	189.8744	2.129103	0.7494352
1308	-1917.824	-2107.715	189.8912	2.015105	0.8760765
1314	-1925.018	-2114.958	189.9402	1.910653	0.9379445
1320	-1911.452	-2101.249	189.7972	1.766721	1.207881
1326	-1924.066	-2113.823	189.7568	1.722074	1.279014
1332	-1911.437	-2101.248	189.8114	2.284797	0.5275124
1338	-1912.682	-2102.483	189.8012	2.294975	0.5275124
1344	-1928.742	-2118.601	189.8582	2.22174	0.5999112
1350	-1923.202	-2112.968	189.7658	2.319373	0.5832887
1356	-1923.579	-2113.343	189.7641	2.332998	0.4840514
1362	-1913.754	-2103.623	189.8697	2.224012	0.5453488
1368	-1922.493	-2112.288	189.7952	2.249726	0.6803131
1374	-1935.384	-2125.212	189.8287	1.872644	1.085935
1380	-1918.141	-2107.937	189.7963	2.299111	0.4675058
1386	-1924.184	-2113.945	189.7617	2.335227	0.5191057
1392	-1917.048	-2106.842	189.7941	2.301671	0.4696954
1398	-1918.542	-2108.327	189.7851	2.308375	0.546858
1404	-1916.676	-2106.363	189.6871	2.409688	0.5204388
1410	-1914.234	-2103.891	189.6562	2.441295	0.507684
1416	-1919.08	-2108.732	189.652	2.441295	0.4548618
1422	-1929.046	-2118.826	189.7803	2.313034	0.4548618
1428	-1927.567	-2117.307	189.7393	2.357469	0.5211072
1434	-1920.14	-2110.06	189.9201	2.154835	0.6141923
1440	-1910.902	-2100.852	189.9502	2.072376	0.7195624
1446	-1927.852	-2117.806	189.9536	1.784407	1.051503
1452	-1927.697	-2117.513	189.8165	1.677175	1.266793
1458	-1920.26	-2110.112	189.8519	1.730664	1.191847
1464	-1926.46	-2116.164	189.704	1.826795	1.235919
1470	-1927.499	-2117.343	189.8439	2.066717	0.8710088
1476	-1913.525	-2103.524	189.9984	1.912275	0.8710088
1482	-1924.437	-2114.345	189.9082	1.953572	0.9261897
1488	-1920.985	-2110.891	189.9056	2.022686	0.8500305
1494	-1922.228	-2112.243	190.0148	1.953513	0.7991201
1500	-1917.208	-2107.073	189.8657	1.868579	1.05501
1506	-1920.626	-2110.513	189.8876	1.84674	1.05501
1512	-1916.705	-2106.458	189.7523	2.343682	0.4721485
1518	-1927.837	-2117.567	189.7299	2.35845	0.571448
1524	-1915.211	-2105.237	190.0254	1.971636	0.7590493
1530	-1922.674	-2112.635	189.9611	1.903183	0.9233636
1536	-1922.416	-2112.053	189.6371	1.973414	1.167636
1542	-1914.348	-2104.159	189.8108	1.921216	1.057214
1548	-1921.167	-2110.862	189.6955	1.628367	1.402623
1554	-1913.651	-2102.846	189.195	1.467939	1.879385
1560	-1909.866	-2098.721	188.8552	1.418938	2.138342
1566	-1918.49	-2106.685	188.1946	1.309091	2.626322
1572	-1913.539	-2102.561	189.0215	1.455224	2.004797
1578	-1920.791	-2109.784	188.9931	1.671143	1.878537
1584	-1921.216	-2111.057	189.8405	2.244398	0.5839918
1590	-1920.507	-2110.403	189.8959	2.173151	0.6291736
1596	-1920.651	-2110.677	190.0257	2.067883	0.5462337
1602	-1925.606	-2115.617	190.0108	2.013876	0.716114
1608	-1927.63	-2117.556	189.9261	2.042503	0.7987504
1614	-1932.366	-2122.265	189.8993	2.045515	0.8295037
1620	-1932.72	-2122.734	190.0148	2.022088	0.6951153
1626	-1927.13	-2117.107	189.9775	2.059411	0.6951153
1632	-1932.004	-2121.713	189.7085	1.856934	1.206605
1638	-1934.12	-2124.078	189.9582	1.748783	1.080711
1644	-1924.025	-2113.959	189.9339	1.949237	0.9025962
1650	-1917.582	-2107.509	189.9274	2.019188	0.8273008
1656	-1919.919	-2109.846	189.9277	2.136808	0.6400058
1662	-1925.699	-2115.615	189.9161	2.168869	0.5838995
1668	-1911.597	-2101.512	189.9152	2.160264	0.6129011
1674	-1915.917	-2105.806	189.8885	2.199781	0.5714812
1680	-1917.097	-2106.885	189.7886	2.286635	0.6134295
1686	-1911.548	-2101.432	189.884	2.195588	0.6010643
1692	-1912.517	-2102.056	189.5391	2.526267	0.3834953
1698	-1903.658	-2093.084	189.4264	2.579205	0.315002
1704	-1901.258	-2090.664	189.4059	2.599692	0.315002
1710	-1913.815	-2103.424	189.6093	2.478094	0.4318378
1716	-1918.43	-2108.014	189.5843	2.491963	0.4037236
1722	-1918.181	-2107.752	189.5704	2.495022	0.3835765
1728	-1901.13	-2090.733	189.6035	2.438661	0.3514317
1734	-1915.324	-2105.202	189.8782	2.024476	0.8803255
1740	-1896.283	-2086.115	189.8317	2.26583	0.5057497
1746	-1909.078	-2098.865	189.7875	2.310079	0.5057497
1752	-1909.402	-2099.276	189.8735	1.756255	1.15072
1758	-1908.027	-2097.98	189.9527	1.95827	0.8706808
1764	-1907.143	-2097.016	189.8729	1.997861	0.9163199
1770	-1908.001	-2097.789	189.7877	1.930513	1.070251
1776	-1904.143	-2093.996	189.8529	1.9569	0.9808233
1782	-1916.545	-2106.467	189.9217	2.092947	0.7322904
1788	-1903.248	-2093.095	189.8465	2.190859	0.694305
1794	-1907.256	-2097.183	189.9269	2.135625	0.6444722
1800	-1906.578	-2096.471	189.8927	2.132373	0.7154034
1806	-1912.305	-2102.107	189.802	2.24538	0.6756032
1812	-1908.437	-2098.379	189.9423	1.980224	0.8569892
1818	-1912.973	-2102.804	189.8313	2.036459	0.9196591
1824	-1910.109	-2100.032	189.923	2.093898	0.72871
1830	-1910.51	-2100.293	189.7834	2.305953	0.5673071
1836	-1910.119	-2100.013	189.8946	2.167763	0.6448275
1842	-1902.905	-2092.88	189.9753	2.06587	0.6873648
1848	-1910.512	-2100.393	189.8806	2.208405	0.5686374
1854	-1911.707	-2101.49	189.7827	2.313762	0.5246041
1860	-1908.733	-2098.515	189.7815	1.728556	1.253254
1866	-1907.349	-2097.279	189.9298	1.75734	1.099067
1872	-1912.105	-2101.814	189.7094	2.381204	0.4429077
1878	-1916.531	-2106.387	189.8562	2.196432	0.6654674
1884	-1913.804	-2103.805	190.0014	2.02025	0.7210472
1890	-1919.808	-2109.797	189.9885	2.011422	0.7546931
1896	-1913.025	-2102.912	189.8869	2.036013	0.8565064
1902	-1914.192	-2104.061	189.8689	1.844221	1.074973
1908	-1925.394	-2115.172	189.7779	1.82729	1.172242
1914	-1926.855	-2116.561	189.7061	1.721888	1.320355
1920	-1919.872	-2109.54	189.6682	1.73131	1.343175
1926	-1911.09	-2101.009	189.9193	1.812194	1.057718
1932	-1912.063	-2101.993	189.9292	1.623931	1.217077
1938	-1911.88	-2101.612	189.7315	1.717636	1.303235
1944	-1925.089	-2115.014	189.9256	1.944688	0.9168323
1950	-1926.205	-2114.935	188.7298	1.426808	2.214637
1956	-1918.531	-2107.621	189.0899	1.440163	1.969136
1962	-1922.066	-2111.633	189.5667	1.632846	1.497514
1968	-1936.692	-2125.759	189.0664	1.646849	1.845026
1974	-1921.526	-2111.416	189.8894	2.140701	0.706894
1980	-1922.704	-2112.637	189.9326	1.943705	0.9101793
1986	-1933.357	-2123.413	190.0559	1.900287	0.8150381
1992	-1930.84	-2120.682	189.8421	1.724485	1.205569
1998	-1930.006	-2119.759	189.7533	1.680328	1.315781
2004	-1921.662	-2111.373	189.7105	1.616542	1.400135
2010	-1911.915	-2101.396	189.4808	1.508909	1.651303
2016	-1929.932	-2118.989	189.0565	1.461806	1.977046
2022	-1923.497	-2112.749	189.2525	1.45285	1.85044
2028	-1924.141	-2113.348	189.2071	1.498197	1.85044
2034	-1928.538	-2118.421	189.8827	1.877475	1.030195
2040	-1918.196	-2107.164	188.9679	1.504331	2.007815
2046	-1919.625	-2108.508	188.8836	1.588642	2.007815
2052	-1916.118	-2104.202	188.0845	1.311812	2.692454
2058	-1933.094	-2121.384	188.2891	1.172829	2.652127
2064	-1915.442	-2105.35	189.9071	2.101758	0.7412181
2070	-1918.484	-2108.258	189.7732	2.101758	0.9116427
2076	-1919.111	-2108.991	189.8794	2.165323	0.68066
2082	-1930.073	-2119.971	189.8976	2.165323	0.6434795
2088	-1906.724	-2096.633	189.909	2.143376	0.6659793
2094	-1918.259	-2107.853	189.594	1.755569	1.382601
2100	-1916.743	-2106.529	189.7867	2.221483	0.7422722
2106	-1912.485	-2102.312	189.8268	2.236122	0.6434801
2112	-1921.791	-2111.507	189.7166	2.360888	0.4061992
2118	-1912.089	-2101.872	189.7829	2.313809	0.5216037
2124	-1906.192	-2095.229	189.0366	1.449902	1.998272
2130	-1908.036	-2096.976	188.9396	1.546973	1.998272
2136	-1914.982	-2104.29	189.308	1.676015	1.655441
2142	-1919.325	-2109.22	189.8954	2.184777	0.5993618
2148	-1919.401	-2109.353	189.9517	1.903637	0.9331218
2154	-1916.464	-2105.561	189.0967	1.426848	1.973516
2160	-1915.794	-2104.907	189.1131	1.33938	2.020954
2166	-1912.554	-2101.615	189.0617	1.364071	2.038658
2172	-1912.407	-2101.339	188.9326	1.389727	2.10683
2178	-1904.009	-2093.334	189.3248	1.594803	1.701287
2184	-1905.865	-2095.273	189.4072	1.551917	1.673179
2190	-1902.921	-2092.806	189.8852	1.761291	1.135818
2196	-1902.636	-2092.436	189.8006	1.761291	1.209563
2202	-1899.607	-2089.231	189.6248	1.598868	1.479382
2208	-1901.601	-2091.462	189.8609	1.686785	1.221671
2214	-1922.217	-2111.772	189.5555	1.637369	1.502511
2220	-1914.564	-2104.257	189.6929	1.485159	1.51363
2226	-1913.291	-2102.899	189.6085	1.569576	1.51363
2232	-1919.912	-2109.673	189.7609	2.017686	1.012149
2238	-1912.754	-2102.336	189.5816	1.787544	1.367179
2244	-1926.293	-2115.839	189.546	1.594885	1.541243
2250	-1915.933	-2105.973	190.0401	1.933698	0.7917508
2256	-1929.601	-2119.592	189.9911	2.065558	0.6570501
2262	-1921.649	-2110.703	189.0545	1.652187	1.849487
2268	-1916.021	-2105.11	189.0882	1.492405	1.935217
2274	-1912.872	-2102.207	189.3353	1.591108	1.696446
2280	-1913.936	-2103.302	189.3661	1.517843	1.726469
2286	-1915.469	-2105.195	189.7257	1.671626	1.344871
2292	-1915.841	-2105.486	189.6456	1.734593	1.358468
2298	-1898.76	-2088.484	189.7238	1.643779	1.368467
2304	-1911.223	-2101.074	189.8503	1.940438	1.000076
2310	-1912.382	-2102.319	189.9372	1.931725	0.91831
2316	-1915.6	-2105.525	189.9245	1.963292	0.8972783
2322	-1927.554	-2117.314	189.7598	1.760289	1.244875
2328	-1929.074	-2118.828	189.7544	1.593838	1.383637
2334	-1917.992	-2107.982	189.9901	1.997091	0.7732136
2340	-1910.751	-2100.737	189.9854	1.93	0.8653803
2346	-1913.834	-2103.825	189.9909	1.924572	0.8653803
2352	-1916.026	-2105.937	189.9105	1.850834	1.029039
2358	-1905.556	-2095.447	189.8913	1.824218	1.072767
2364	-1905.832	-2095.903	190.0707	1.819843	0.8942363
2370	-1899.309	-2089.304	189.9953	1.998633	0.7634893
2376	-1906.785	-2096.801	190.0158	1.962177	0.7860009
2382	-1903.279	-2093.256	189.9769	1.962177	0.8366924
2388	-1906.526	-2096.503	189.9769	2.027317	0.7483006
2394	-1915.25	-2105.247	189.9972	1.920933	0.8622238
2400	-1911.117	-2101.042	189.9248	1.993331	0.8622238
2406	-1925.476	-2115.188	189.7121	1.920993	1.147705
2412	-1921.83	-2111.738	189.9082	1.895472	0.9870521
2418	-1922.543	-2112.497	189.9542	1.943789	0.8857129
2424	-1914.599	-2104.528	189.9287	1.921738	0.9384153
2430	-1920.977	-2110.722	189.7451	1.939993	1.100936
2436	-1911.953	-2101.668	189.7144	1.848347	1.20882
2442	-1913.398	-2103.288	189.8899	1.961129	0.937774
2448	-1913.945	-2103.855	189.91	1.892529	0.9882262
2454	-1909.564	-2099.53	189.9665	1.836021	0.9882262
2460	-1939.078	-2128.726	189.6481	1.650433	1.42226
2466	-1925.193	-2115.157	189.9638	1.727182	1.095511
2472	-1921.86	-2111.632	189.7723	1.644977	1.328951
2478	-1915.005	-2105.076	190.0704	1.787709	0.9300704
2484	-1909.022	-2098.933	189.9111	1.801014	1.075953
2490	-1936.004	-2125.855	189.8505	1.678514	1.237415
2496	-1928.308	-2118.025	189.7174	1.822993	1.227796
2502	-1918.03	-2108.081	190.0511	1.85525	0.876087
2508	-1906.26	-2096.281	190.0213	1.961489	0.7793724
2514	-1907.655	-2097.633	189.9783	1.82673	0.9856528
2520	-1905.924	-2095.743	189.8185	1.903409	1.066778
2526	-1918.767	-2108.683	189.9154	1.760915	1.108937
2532	-1906.05	-2095.833	189.7829	1.677904	1.293807
2538	-1905.716	-2095.133	189.4176	1.51492	1.692117
2544	-1914.04	-2103.99	189.9496	1.793791	1.046304
2550	-1920.27	-2109.953	189.6825	1.716449	1.343584
2556	-1915.566	-2105.238	189.6713	1.697885	1.36717
2562	-1914.206	-2104.187	189.9812	1.751732	1.056303
2568	-1908.776	-2098.706	189.9299	1.713856	1.138225
2574	-1903.671	-2093.616	189.9448	1.822443	1.023252
2580	-1913.884	-2103.913	190.0286	1.795901	0.9656994
2586	-1923.979	-2113.947	189.9685	1.765817	1.055028
2592	-1913.549	-2103.365	189.8161	1.733213	1.220263
2598	-1916.162	-2105.919	189.7571	1.792268	1.220263
2604	-1914.543	-2104.104	189.5612	1.73052	1.427502
2610	-1911.87	-2101.686	189.8164	1.780009	1.179893
2616	-1910.064	-2099.608	189.5438	1.711458	1.455403
2622	-1911.176	-2101.23	190.0544	1.780299	0.9550506
2628	-1914.294	-2104.339	190.045	1.744406	1.00136
2634	-1916.97	-2106.759	189.7889	1.751858	1.22748
2640	-1914.581	-2104.339	189.7577	1.792056	1.219862
2646	-1913.878	-2103.809	189.9312	1.61858	1.219862
2652	-1917.096	-2106.746	189.6501	1.673501	1.402864
2658	-1908.925	-2098.556	189.6309	1.641446	1.442343
2664	-1910.381	-2100.076	189.6948	1.638635	1.395167
2670	-1908.662	-2098.262	189.5991	1.628376	1.476465
2676	-1904.221	-2094.052	189.8309	1.724123	1.215432
2682	-1905.44	-2095.262	189.8219	1.873132	1.091814
2688	-1911.249	-2101.153	189.9038	1.855757	1.030781
2694	-1909.596	-2099.418	189.8214	1.780462	1.175156
2700	-1902.42	-2092.214	189.7935	1.808392	1.175156
2706	-1901.83	-2091.748	189.9185	1.634997	1.216721
2712	-1893.124	-2082.732	189.6074	1.759724	1.36876
2718	-1897.781	-2087.171	189.3898	1.551129	1.686179
2724	-1896.36	-2086.225	189.865	1.784495	1.133108
2730	-1931.064	-2121.083	190.0185	1.976592	0.7618379
2736	-1915.025	-2105.017	189.9924	2.025568	0.7269072
2742	-1921.462	-2111.443	189.9807	2.013238	0.7635591
2748	-1925.664	-2115.555	189.891	2.026259	0.8631776
2754	-1914.837	-2104.244	189.4076	1.582425	1.651082
2760	-1911.355	-2101.112	189.7567	1.588016	1.386384
2766	-1906.22	-2095.887	189.6663	1.507262	1.51697
2772	-1907.209	-2096.835	189.6258	1.538486	1.523844
2778	-1910.705	-2099.843	189.1374	1.425913	1.946847
2784	-1917.736	-2106.896	189.1598	1.307134	2.011344
2790	-1915.782	-2104.888	189.1058	1.361073	2.011344
2796	-1914.577	-2103.532	188.9555	1.416168	2.074371
2802	-1917.864	-2106.31	188.4462	1.262617	2.498942
2808	-1918.966	-2106.849	187.8827	1.193986	2.887191
2814	-1915.165	-2103.232	188.0668	1.246522	2.743334
2820	-1909.372	-2098.452	189.0801	1.398046	2.003866
2826	-1921.342	-2110.344	189.0017	1.49458	1.991747
2832	-1911.728	-2101.039	189.3115	1.501184	1.776314
2838	-1916.999	-2106.248	189.2498	1.562942	1.776314
2844	-1922.969	-2112.761	189.7922	1.532377	1.402115
2850	-1923.359	-2112.67	189.3104	1.389016	1.854518
2856	-1916.419	-2105.937	189.5177	1.546944	1.597174
2862	-1923.969	-2113.21	189.2405	1.627445	1.737672
2868	-1911.969	-2101.475	189.5053	1.466417	1.664186
2874	-1910.563	-2100.259	189.6957	1.587691	1.433883
2880	-1915.44	-2105.045	189.6051	1.589713	1.501046
2886	-1915.354	-2105.122	189.7684	1.768465	1.230747
2892	-1920.114	-2109.893	189.7785	1.655922	1.315134
2898	-1917.415	-2106.872	189.4573	1.650992	1.565261
2904	-1908.939	-2098.689	189.7503	1.650992	1.341757
2910	-1916.89	-2106.524	189.6339	1.60437	1.4683
2916	-1918.389	-2107.463	189.0738	1.508475	1.934091
2922	-1915.971	-2105.307	189.3354	1.390412	1.836419
2928	-1919.593	-2109.286	189.693	1.746617	1.310993
2934	-1909.437	-2099.409	189.9721	1.80801	1.010632
2940	-1916.574	-2106.589	190.0153	2.011829	0.7119556
2946	-1912.343	-2102.244	189.9016	2.114095	0.7306642
2952	-1923.624	-2113.526	189.9015	2.051758	0.818764
2958	-1916.761	-2106.683	189.9223	2.047141	0.7975668
2964	-1924.861	-2114.656	189.795	2.293778	0.5696984
2970	-1916.901	-2106.708	189.8075	2.284724	0.5538924
2976	-1917.341	-2107.121	189.7797	2.312561	0.5538924
2982	-1907.443	-2097.289	189.8458	2.249691	0.5336207
2988	-1919.796	-2109.775	189.9789	2.116607	0.5336207
2994	-1908.208	-2098.097	189.889	2.187584	0.609798
3000	-1897.675	-2087.629	189.9535	2.040437	0.7635441
3006	-1894.091	-2083.996	189.9049	2.170161	0.6137685
3012	-1900.56	-2090.397	189.837	2.260186	0.5159074
3018	-1898.321	-2088.228	189.9073	2.173602	0.5972593
3024	-1895.166	-2085.088	189.921	2.101129	0.7201677
3030	-1902.19	-2092.209	190.019	2.028286	0.6757858
3036	-1914.641	-2104.601	189.9606	1.784742	1.04452
3042	-1912.695	-2102.311	189.6154	1.618728	1.471425
3048	-1912.747	-2102.252	189.5048	1.719755	1.478663
3054	-1906.536	-2095.946	189.4091	1.549946	1.673262
3060	-1920.487	-2110.151	189.6635	1.704178	1.368369
3066	-1914	-2103.736	189.7358	1.691493	1.320887
3072	-1912.496	-2102.216	189.7206	1.738075	1.295514
3078	-1917.941	-2107.79	189.8492	1.940268	1.001342
3084	-1917.614	-2107.305	189.6912	1.715637	1.337295
3090	-1907.438	-2097.211	189.7725	1.765328	1.229998
3096	-1916.313	-2105.982	189.6697	1.70319	1.364252
3102	-1925.321	-2115.338	190.017	1.889091	0.8763166
3108	-1912.773	-2102.714	189.9415	2.145141	0.5778384
3114	-1918.97	-2108.832	189.8618	1.836076	1.089143
3120	-1920.176	-2110.099	189.9229	2.043251	0.8019547
3126	-1924.005	-2113.864	189.8588	1.99559	0.9341645
3132	-1914.189	-2104.192	190.003	2.05413	0.6560754
3138	-1930.224	-2120.126	189.9011	2.066402	0.8001315
3144	-1928.242	-2118.126	189.884	2.212951	0.5189445
3150	-1921.499	-2111.296	189.7963	2.2963	0.5519547
3156	-1916.514	-2106.012	189.498	2.536982	0.3432367
3162	-1910.812	-2100.322	189.5093	2.526859	0.3445546
3168	-1911.914	-2101.443	189.5296	2.520777	0.3616533
3174	-1911.401	-2100.881	189.48	2.520777	0.3109248
3180	-1907.378	-2096.809	189.431	2.583699	0.3230202
3186	-1910.127	-2099.731	189.6039	2.436327	0.3491545
3192	-1904.988	-2094.68	189.6927	2.391835	0.4234989
3198	-1908.668	-2098.24	189.5721	2.508515	0.4134434
3204	-1920.913	-2110.437	189.5243	2.543012	0.3867572
3210	-1921.286	-2111.043	189.7569	2.340632	0.5072444
3216	-1911.953	-2101.913	189.9599	2.108155	0.6316756
3222	-1906.777	-2096.533	189.7555	1.980883	1.053011
3228	-1912.389	-2102.343	189.9538	2.00909	0.8062648
3234	-1911.344	-2101.299	189.9545	1.901026	0.9328566
3240	-1905.865	-2095.785	189.9206	1.88798	0.982058
3246	-1921.209	-2110.974	189.7646	1.613253	1.360355
3252	-1914.156	-2103.598	189.4425	1.613253	1.603649
3258	-1906.57	-2096.286	189.7166	1.811305	1.238346
3264	-1915.949	-2105.744	189.7954	1.951064	1.043404
3270	-1913.27	-2103.136	189.8666	2.199907	0.6354565
3276	-1907.724	-2097.533	189.8098	2.270239	0.5996158
3282	-1916.243	-2106.043	189.8003	2.283114	0.5890194
3288	-1921.064	-2110.878	189.8145	2.283114	0.4942671
3294	-1914.757	-2104.68	189.9235	2.138048	0.6465815
3300	-1911.472	-2101.466	189.9936	1.994988	0.771193
3306	-1899.611	-2089.585	189.9742	2.00929	0.7784052
3312	-1909.849	-2099.699	189.8508	1.8521	1.084478
3318	-1913.11	-2103.06	189.9497	1.973779	0.8557677
3324	-1912.667	-2102.612	189.9447	1.941874	0.8986593
3330	-1910.183	-2100.12	189.937	1.867856	0.985807
3336	-1910.108	-2099.952	189.8445	1.876169	1.06792
3342	-1915.468	-2105.357	189.8887	1.769072	1.125706
3348	-1912.319	-2102.298	189.9788	1.77703	1.034357
3354	-1918.408	-2108.176	189.7682	1.778422	1.222513
3360	-1918.578	-2108.388	189.8101	1.695226	1.25719
3366	-1916.432	-2106.261	189.8289	1.768027	1.179493
3372	-1920.32	-2109.976	189.656	1.646097	1.419491
3378	-1924.867	-2114.558	189.691	1.853487	1.224396
3384	-1921.718	-2111.287	189.5696	1.544735	1.560828
3390	-1919.721	-2109.068	189.3471	1.381616	1.834397
3396	-1910.959	-2100.403	189.4444	1.624496	1.594088
3402	-1903.865	-2093.793	189.9285	1.720527	1.133584
3408	-1908.116	-2097.901	189.7849	2.000033	1.005858
3414	-1910.219	-2100.089	189.8697	2.005525	0.9113506
3420	-1905.604	-2095.446	189.8417	2.10554	0.8265116
3426	-1912.443	-2102.379	189.9359	2.011272	0.8265116
3432	-1932.007	-2121.354	189.3474	1.760802	1.565316
3438	-1919.675	-2109.219	189.5441	1.675089	1.482731
3444	-1916.058	-2105.944	189.886	1.781385	1.117024
3450	-1927.192	-2117.187	189.9956	1.804244	0.9909205
3456	-1917.148	-2106.882	189.734	1.743698	1.279943
3462	-1918.726	-2108.464	189.7381	2.349769	0.5731695
3468	-1910.423	-2100.086	189.663	2.433189	0.4739461
3474	-1919.53	-2109.153	189.6232	2.452963	0.4033641
3480	-1916.501	-2106.467	189.9653	1.938861	0.8785961
3486	-1917.639	-2107.558	189.919	2.099531	0.7260009
3492	-1907.571	-2097.47	189.8988	2.126833	0.7144062
3498	-1907.044	-2096.993	189.949	2.123594	0.6204708
3504	-1919.242	-2109.007	189.7652	2.322856	0.5724752
3510	-1917.786	-2107.527	189.7411	2.356244	0.5116353
3516	-1913.681	-2103.455	189.7741	2.322157	0.5270591
3522	-1914.023	-2103.686	189.6631	2.432547	0.469448
3528	-1908.882	-2098.505	189.6234	2.459189	0.418127
3534	-1916.899	-2106.658	189.7587	2.338641	0.5125266
3540	-1914.561	-2104.474	189.913	1.928867	0.9474963
3546	-1914.593	-2104.336	189.7425	1.951512	1.092685
3552	-1918.777	-2108.004	189.2268	2.686166	0.2543182
3558	-1922.888	-2112.092	189.204	2.739757	0.2713881
3564	-1925.334	-2114.78	189.4463	2.564942	0.3198721
3570	-1922.697	-2112.27	189.5725	2.47737	0.3609554
3576	-1922.331	-2112.074	189.7429	2.342873	0.4269631
3582	-1915.621	-2105.375	189.7538	2.342873	0.4782577
3588	-1907.582	-2097.331	189.749	2.342873	0.4482155
3594	-1908.724	-2098.379	189.6553	2.414927	0.3918276
3600	-1901.668	-2091.108	189.4405	2.553256	0.3053079
3606	-1911.81	-2101.313	189.5029	2.4908	0.3053079
3612	-1910.283	-2099.823	189.5405	2.4908	0.3392356
3618	-1905.308	-2094.691	189.3829	2.595658	0.2939439
3624	-1913.973	-2103.262	189.2889	2.64931	0.2681145
3630	-1912.811	-2102.008	189.1966	2.74507	0.2701306
3636	-1901.696	-2090.748	189.052	2.785699	0.220417
3642	-1907.814	-2096.79	188.9765	2.861194	0.220417
3648	-1909.027	-2097.715	188.6884	2.957901	0.1619275
3654	-1903.581	-2092.878	189.2966	2.649219	0.2726141
3660	-1897.456	-2086.643	189.1872	2.758669	0.2726141
3666	-1898.672	-2087.737	189.0648	2.763664	0.216835
3672	-1910.734	-2099.61	188.8764	2.89133	0.195547
3678	-1914.916	-2103.645	188.7293	2.977099	0.1773365
3684	-1912.94	-2102	189.0599	2.82916	0.2425189
3690	-1918.314	-2107.289	188.9745	2.843268	0.2128133
3696	-1909.239	-2098.591	189.3517	2.618968	0.2884514
3702	-1908.518	-2097.894	189.3753	2.59548	0.2885412
3708	-1921.154	-2111.038	189.8839	2.213307	0.5145034
3714	-1913.192	-2102.952	189.7596	2.337626	0.5145034
3720	-1913.669	-2103.433	189.7636	2.314318	0.6058718
3726	-1917.575	-2107.333	189.7583	2.337624	0.4712105
3732	-1918.045	-2107.926	189.8806	2.200257	0.5972053
3738	-1921.7	-2111.513	189.8129	2.138084	0.821765
3744	-1918.726	-2108.503	189.7769	2.318839	0.5312426
3750	-1928.611	-2118.207	189.5964	2.465869	0.378513
3756	-1928.071	-2117.653	189.5824	2.482323	0.3823725
3762	-1913.52	-2103.24	189.7205	2.357026	0.4063377
3768	-1913.84	-2103.559	189.7191	2.377927	0.4824029
3774	-1908.661	-2098.431	189.7703	2.301803	0.6216273
3780	-1909.021	-2098.882	189.8609	2.049646	0.8711817
3786	-1913.629	-2103.59	189.9603	1.950168	0.8711817
3792	-1920.595	-2110.492	189.8967	2.029707	0.8522554
3798	-1909.981	-2099.967	189.9859	2.030015	0.7301757
3804	-1912.427	-2102.38	189.9538	2.043462	0.758709
3810	-1912.272	-2102.16	189.8875	2.093762	0.7814563
3816	-1918.481	-2108.402	189.9214	2.110888	0.7031439
3822	-1914.017	-2103.899	189.8819	2.154027	0.6968703
3828	-1903.205	-2093.12	189.9152	2.142499	0.6548672
3834	-1903.422	-2093.365	189.943	2.09312	0.6964265
3840	-1901.971	-2091.888	189.9176	2.055322	0.7928412
3846	-1898.243	-2088.245	190.0016	1.946514	0.8254033
3852	-1902.03	-2091.875	189.845	2.153781	0.7563802
3858	-1904.859	-2094.897	190.0374	2.037934	0.6132039
3864	-1906.779	-2096.696	189.9164	2.140639	0.656299
3870	-1913.474	-2103.447	189.9739	2.020545	0.7628403
3876	-1904.525	-2094.491	189.9655	2.072	0.6940033
3882	-1907.149	-2097.082	189.933	2.085359	0.7263899
3888	-1912.166	-2102.19	190.0238	2.048456	0.6213492
3894	-1925.014	-2114.767	189.7528	1.538686	1.427682
3900	-1916.842	-2106.759	189.917	2.066661	0.7780784
3906	-1908.625	-2098.544	189.9191	1.884809	0.9868188
3912	-1918.674	-2108.553	189.8792	1.842945	1.066553
3918	-1912.893	-2102.939	190.0459	1.998903	0.6806587
3924	-1916.295	-2106.225	189.9305	2.118635	0.6722385
3930	-1916.128	-2106.014	189.8865	2.113896	0.7540923
3936	-1916.185	-2106.09	189.9049	2.175427	0.598918
3942	-1921.652	-2111.651	189.9995	2.084917	0.5857463
3948	-1927.764	-2117.532	189.7687	2.324411	0.5493285
3954	-1914.007	-2103.658	189.6508	1.814326	1.290273
3960	-1898.937	-2088.78	189.8437	2.250641	0.5415144
3966	-1897.455	-2087.228	189.7728	2.321532	0.5415144
3972	-1890.824	-2080.386	189.5613	2.4904	0.3633475
3978	-1903.497	-2093.079	189.5817	2.433722	0.3236867
3984	-1899.128	-2088.665	189.5367	2.544472	0.4146648
3990	-1895.024	-2084.763	189.739	2.35398	0.4534126
3996	-1901.79	-2091.733	189.9435	2.139574	0.5902883
4002	-1906.482	-2096.306	189.8238	2.139574	0.805681
4008	-1907.615	-2097.491	189.8754	2.05	0.8534557
4014	-1913.126	-2103.015	189.8884	1.993748	0.9037263
4020	-1912.499	-2102.291	189.7927	2.049111	0.947534
4026	-1911.622	-2101.526	189.9042	2.111404	0.7307854
4032	-1929.144	-2118.981	189.8364	2.119375	0.8155792
4038	-1932.216	-2122.114	189.8979	2.02808	0.8527677
4044	-1920.229	-2110.186	189.9573	2.07397	0.7049451
4050	-1920.53	-2110.536	190.0057	2.025514	0.7049451
4056	-1918.739	-2108.619	189.88	2.215014	0.5368747
4062	-1908.198	-2098.06	189.8624	2.230912	0.5477908
4068	-1914.03	-2103.737	189.7069	2.389861	0.5214798
4074	-1911.634	-2101.455	189.8211	2.276422	0.4914346
4080	-1908.134	-2097.976	189.8421	2.255413	0.4914346
4086	-1903.961	-2093.805	189.8441	2.228616	0.6201787
4092	-1904.606	-2094.395	189.7888	2.308073	0.5201232
4098	-1909.682	-2099.656	189.9736	2.102031	0.6122751
4104	-1903.731	-2093.603	189.8715	2.224103	0.5327409
4110	-1898.609	-2088.485	189.8761	2.212767	0.5691794
4116	-1909.145	-2099.009	189.8642	2.212767	0.6087584
4122	-1921.971	-2111.677	189.706	1.54148	1.461351
4128	-1920.962	-2110.826	189.864	1.651243	1.248933
4134	-1915.765	-2105.547	189.7824	1.651243	1.315767
4140	-1914.139	-2104.064	189.9242	2.012768	0.8393666
4146	-1924.203	-2114.08	189.877	2.059936	0.8393666
4152	-1921.489	-2111.304	189.8142	2.137762	0.8204267
4158	-1913.606	-2103.454	189.8479	2.146373	0.7629523
4164	-1924.761	-2114.589	189.8277	2.195403	0.7185989
4170	-1929.499	-2119.415	189.9165	2.16468	0.5962197
4176	-1927.608	-2117.366	189.7585	2.322677	0.5962197
4182	-1923.572	-2113.478	189.906	2.109037	0.7316372
4188	-1919.42	-2109.408	189.9883	2.031597	0.7238707
4194	-1927.417	-2115.653	188.236	1.32063	2.593584
4200	-1915.956	-2105.836	189.8799	2.165042	0.6803787
4206	-1921.275	-2111.156	189.8813	2.205869	0.5757464
4212	-1922.751	-2112.123	189.3717	1.663773	1.618344
4218	-1923.061	-2112.792	189.7316	1.663773	1.346439
4224	-1914.355	-2103.982	189.627	1.666034	1.426449
4230	-1911.289	-2100.788	189.4985	1.595066	1.576078
4236	-1907.704	-2097.588	189.8838	1.655861	1.228394
4242	-1910.338	-2100.201	189.8638	1.70817	1.200954
4248	-1913.462	-2103.204	189.7427	1.83104	1.199427
4254	-1916.913	-2106.456	189.5427	1.537606	1.585795
4260	-1916.759	-2105.791	189.0325	1.516143	1.956686
4266	-1921.631	-2111.154	189.5228	1.782507	1.416982
4272	-1907.559	-2097.586	190.026	2.00133	0.7115585
4278	-1903.831	-2093.675	189.8448	2.211791	0.6573468
4284	-1914.167	-2103.976	189.8087	2.268647	0.6075343
4290	-1913.687	-2103.454	189.7671	2.326731	0.4575893
4296	-1917.916	-2107.754	189.8377	2.259012	0.4784449
4302	-1922.815	-2112.739	189.9246	2.103271	0.7107937
4308	-1918.528	-2108.39	189.862	2.214598	0.6097227
4314	-1910.739	-2100.465	189.7258	2.356768	0.5920374
4320	-1906.068	-2096.157	190.0891	1.903725	0.7651355
4326	-1912.187	-2102.094	189.9071	1.947636	0.9337055
4332	-1912.15	-2101.913	189.7622	1.935142	1.089616
4338	-1923.572	-2113.506	189.9343	1.96866	0.880041
4344	-1916.441	-2106.303	189.8622	1.771777	1.146929
4350	-1922.825	-2112.494	189.6694	1.683605	1.379893
4356	-1933.009	-2122.322	189.3127	1.569168	1.727896
4362	-1925.991	-2114.039	188.0472	1.194285	2.787167
4368	-1918.836	-2107.147	188.3106	1.297847	2.56146
4374	-1910.628	-2099.525	188.8976	1.276738	2.203195
4380	-1910.616	-2099.729	189.113	1.556311	1.875064
4386	-1916.866	-2106.591	189.7245	1.646366	1.365828
4392	-1904.545	-2094.32	189.7749	1.754608	1.236981
4398	-1913.282	-2102.723	189.4406	1.596603	1.617096
4404	-1922.453	-2111.916	189.4632	1.606596	1.593417
4410	-1917.903	-2107.375	189.4723	1.546242	1.630563
4416	-1922.047	-2111.354	189.3075	1.773904	1.584985
4422	-1916.101	-2105.977	189.8763	1.773559	1.132821
4428	-1913.069	-2102.777	189.7078	1.706514	1.331358
4434	-1917.378	-2107.128	189.7507	1.738891	1.270175
4440	-1908.478	-2098.12	189.6427	1.747611	1.350498
4446	-1915.45	-2105.008	189.5575	1.832786	1.350498
4452	-1910.005	-2099.673	189.6682	1.722089	1.350498
4458	-1913.44	-2103.3	189.8601	1.759825	1.159391
4464	-1923.354	-2113.159	189.805	1.794081	1.177606
4470	-1929.254	-2118.88	189.6265	1.877678	1.258096
4476	-1929.225	-2118.911	189.6867	1.707749	1.347166
4482	-1931.703	-2121.079	189.3767	1.584595	1.671666
4488	-1918.136	-2107.417	189.2806	1.575035	1.746304
4494	-1924.102	-2113.328	189.226	1.491198	1.842295
4500	-1924.133	-2113.449	189.3167	1.613477	1.693752
4506	-1928	-2117.49	189.4893	1.708739	1.49869
4512	-1922.089	-2111.548	189.4587	1.686139	1.538305
4518	-1918.58	-2108.192	189.6127	1.736985	1.382497
4524	-1929.554	-2118.95	189.3955	1.55958	1.676055
4530	-1916.625	-2106.409	189.7834	1.619724	1.340285
4536	-1909.611	-2099.597	189.9851	1.843822	0.9610831
4542	-1911.959	-2101.875	189.916	1.827086	1.046665
4548	-1916.294	-2106.061	189.7671	1.868208	1.145742
4554	-1916.47	-2106.039	189.569	1.745924	1.409551
4560	-1923.838	-2113.597	189.7589	1.867033	1.154075
4566	-1915.458	-2105.264	189.8057	2.01454	0.9701344
4572	-1914.951	-2104.768	189.817	1.781699	1.177876
4578	-1913.19	-2102.399	189.2092	1.594419	1.782605
4584	-1912.925	-2100.518	187.5926	1.152424	3.08636
4590	-1919.16	-2108.33	189.1698	1.509577	1.86821
4596	-1914.099	-2103.31	189.2102	1.442357	1.886439
4602	-1916.546	-2105.672	189.1261	1.375632	1.988106
4608	-1927.589	-2116.193	188.6038	1.455191	2.277412
4614	-1918.794	-2108.424	189.63	1.678384	1.414661
4620	-1923.423	-2111.749	188.3251	1.413425	2.480315
4626	-1918.293	-2107.705	189.4117	1.724461	1.544711
4632	-1902.366	-2092.043	189.6775	1.648264	1.401186
4638	-1911.109	-2100.818	189.709	1.688629	1.344624
4644	-1908.765	-2098.52	189.7544	1.755561	1.253295
4650	-1898.918	-2088.633	189.7146	1.76066	1.281964
4656	-1903.074	-2092.698	189.6243	1.578188	1.495325
4662	-1909.786	-2099.497	189.7104	1.596495	1.415795
4668	-1917.376	-2107.221	189.8447	1.869476	1.074028
4674	-1923.03	-2113.046	190.0163	1.86998	0.8990446
4680	-1911.562	-2101.413	189.8514	2.020001	0.9155808
4686	-1916.252	-2106.142	189.8901	1.990269	0.9057027
4692	-1925.595	-2115.587	189.9921	1.938176	0.847494
4698	-1919.998	-2109.932	189.9333	2.065814	0.7559008
4704	-1902.187	-2092.101	189.9138	2.034521	0.8250726
4710	-1898.208	-2088.129	189.921	2.064606	0.7753523
4716	-1895.083	-2085.051	189.9675	1.984086	0.8209442
4722	-1909.112	-2099.088	189.9755	2.034913	0.7388967
4728	-1914.256	-2104.22	189.9642	2.034913	0.7559278
4734	-1908.652	-2098.587	189.9354	2.063751	0.7559278
4740	-1908.872	-2098.841	189.9698	2.059832	0.7076552
4746	-1910.898	-2100.799	189.9016	1.947272	0.9400818
4752	-1909.554	-2099.47	189.9155	1.69863	1.164471
4758	-1899.416	-2089.153	189.7369	1.745854	1.27578
4764	-1906.874	-2096.676	189.8023	1.676592	1.278961
4770	-1916.996	-2106.948	189.9522	1.716436	1.115869
4776	-1906.263	-2095.921	189.6578	1.462572	1.556364
4782	-1918.261	-2107.222	188.9608	1.407177	2.076804
4788	-1908.289	-2097.356	189.0667	1.336044	2.053879
4794	-1908.066	-2097.545	189.479	1.508522	1.65292
4800	-1918.251	-2107.829	189.578	1.61015	1.506095
4806	-1917.315	-2106.819	189.5045	1.62717	1.548033
4812	-1914.977	-2104.498	189.5213	1.506612	1.623798
4818	-1915.363	-2104.918	189.5554	1.764543	1.405706
4824	-1903.202	-2093.157	189.9544	1.8281	1.008249
4830	-1925.792	-2115.8	190.0076	1.962322	0.7969265
4836	-1917.306	-2107.304	189.9977	1.859082	0.9315388
4842	-1901.936	-2091.908	189.9723	1.940116	0.8689295
4848	-1911.161	-2101.143	189.9822	1.862006	0.9449861
4854	-1912.197	-2102.141	189.9442	1.765878	1.077826
4860	-1910.147	-2100.004	189.8566	1.750181	1.170843
4866	-1907.724	-2097.551	189.827	1.911663	1.050827
4872	-1916.195	-2106.046	189.851	1.704904	1.214695
4878	-1916.216	-2105.779	189.5627	1.440128	1.641873
4884	-1904.054	-2093.226	189.1726	1.469616	1.893526
4890	-1909.657	-2098.967	189.3098	1.598296	1.709455
4896	-1912.095	-2101.023	188.9279	1.492163	2.042414
4902	-1901.713	-2091.448	189.7346	1.645532	1.358548
4908	-1899.956	-2089.621	189.6648	1.705633	1.366156
4914	-1908.333	-2098.1	189.7669	1.621024	1.352378
4920	-1908.416	-2097.755	189.3391	1.529105	1.737527
4926	-1913.555	-2103.11	189.555	1.65891	1.486749
4932	-1910.591	-2099.362	188.771	1.237863	2.309453
4938	-1913.671	-2102.161	188.49	1.371576	2.402964
4944	-1932.505	-2120.508	188.0035	1.278864	2.762253
4950	-1914.532	-2103.77	189.2374	1.451367	1.861803
4956	-1910.822	-2099.91	189.0871	1.468737	1.951838
4962	-1904.533	-2093.609	189.0761	1.429445	1.985573
4968	-1907.925	-2096.981	189.0559	1.449688	1.985573
4974	-1914.355	-2103.059	188.7036	1.405978	2.244918
4980	-1903.145	-2092.063	188.9179	1.37387	2.126792
4986	-1901.494	-2090.32	188.8264	1.342472	2.206688
4992	-1899.599	-2088.504	188.9046	1.375756	2.134295
4998	-1906.124	-2095.917	189.793	1.641753	1.314927
5004	-1905.823	-2095.536	189.7136	1.713006	1.321489
5010	-1905.712	-2095.432	189.7198	1.675159	1.346733
5016	-1911.389	-2100.993	189.6043	1.503906	1.565329
5022	-1909.22	-2098.661	189.4403	1.510034	1.679491
5028	-1915.213	-2104.749	189.5358	1.437748	1.662885
5034	-1910.603	-2100.085	189.4825	1.491095	1.662885
5040	-1915.292	-2104.458	189.1663	1.591942	1.814086
5046	-1923.489	-2112.614	189.125	1.44508	1.942293
5052	-1909.968	-2099.402	189.4337	1.541502	1.66171
5058	-1927.962	-2117.677	189.7153	1.857267	1.20047
5064	-1926.628	-2116.497	189.8694	1.79545	1.11932
5070	-1917.762	-2106.842	189.0809	1.401649	2.000929
5076	-1912.867	-2101.829	188.9627	1.43147	2.059531
5082	-1916.556	-2106.212	189.6555	1.745042	1.342348
5088	-1917.512	-2107.449	189.9364	1.68858	1.154933
5094	-1918.188	-2107.951	189.7626	1.808647	1.201584
5100	-1928.795	-2118.267	189.4712	1.756745	1.476156
5106	-1928.54	-2117.798	189.2585	1.704436	1.670452
5112	-1924.541	-2114.396	189.8552	1.642093	1.263825
5118	-1912.803	-2102.479	189.6764	1.695733	1.36482
5124	-1920.395	-2110.035	189.6408	1.935387	1.197324
5130	-1918.912	-2108.647	189.735	1.800235	1.232144
5136	-1907.979	-2097.913	189.9343	1.846794	1.009628
5142	-1907.274	-2097.062	189.789	1.852701	1.140132
5148	-1919.592	-2109.132	189.54	1.785765	1.401182
5154	-1922.113	-2111.926	189.8126	1.680763	1.267049
5160	-1923.463	-2112.736	189.273	1.703603	1.660712
5166	-1919.281	-2108.945	189.6634	1.685918	1.382761
5172	-1911.902	-2100.937	189.0349	1.44497	2.00268
5178	-1917.444	-2106.052	188.6072	1.377465	2.324892
5184	-1910.901	-2099.756	188.8551	1.377891	2.165119
5190	-1915.531	-2104.844	189.3133	1.638211	1.678647
5196	-1909.242	-2098.336	189.0931	1.454088	1.957701
5202	-1911.279	-2100.371	189.0926	1.455288	1.9572
5208	-1911.735	-2101.133	189.3984	1.542848	1.685941
5214	-1910.521	-2099.92	189.3994	1.541832	1.685941
5220	-1919.674	-2109.058	189.3845	1.647763	1.620696
5226	-1909.016	-2098.629	189.6133	1.887991	1.260486
5232	-1916.688	-2106.351	189.6628	1.837356	1.26141
5238	-1920.648	-2110.569	189.9206	1.72424	1.137298
5244	-1921.269	-2110.326	189.057	1.584862	1.893707
5250	-1913.623	-2102.764	189.1411	1.531563	1.872779
5256	-1920.363	-2109.3	188.9363	1.584205	1.975545
5262	-1917.852	-2107.161	189.3084	1.566696	1.732648
5268	-1910.27	-2099.701	189.4305	1.57439	1.64039
5274	-1930.879	-2120.499	189.6199	1.594675	1.486227
5280	-1911.998	-2100.894	188.8961	1.41919	2.111437
5286	-1911.816	-2100.949	189.1327	1.57734	1.847233
5292	-1906.167	-2095.237	189.0693	1.496021	1.945511
5298	-1894.302	-2083.971	189.6692	1.603271	1.44229
5304	-1889.487	-2079.068	189.5815	1.690962	1.44229
5310	-1897.762	-2087.386	189.6239	1.59081	1.48609
5316	-1901.038	-2090.596	189.5579	1.64121	1.497846
5322	-1900.906	-2090.589	189.6831	1.698789	1.357156
5328	-1902.738	-2092.535	189.7972	1.682103	1.27861
5334	-1900.873	-2090.704	189.8308	1.710982	1.226615
5340	-1903.673	-2093.648	189.9751	1.873203	0.9405947
5346	-1902.598	-2092.514	189.9167	2.150594	0.6336003
5352	-1911.366	-2101.22	189.8547	2.204156	0.6524631
5358	-1914.413	-2104.223	189.81	2.177812	0.7722593
5364	-1910.152	-2100.08	189.9281	2.037478	0.802729
5370	-1915.363	-2105.293	189.9295	2.023797	0.8187962
5376	-1929.585	-2119.524	189.9388	2.122321	0.6475214
5382	-1922.718	-2112.453	189.735	1.863183	1.178397
5388	-1921.747	-2111.424	189.6774	1.73742	1.330885
5394	-1911.65	-2100.632	188.9819	1.4241	2.051726
5400	-1918.287	-2107.336	189.0492	1.477763	1.971268
5406	-1925.613	-2114.599	188.9862	1.305078	2.127165
5412	-1918.878	-2107.704	188.8259	1.409808	2.163394
5418	-1909.98	-2099.526	189.5464	1.477675	1.626624
5424	-1914.023	-2102.933	188.9096	1.329192	2.161391
5430	-1909.396	-2099.191	189.7953	1.731328	1.239406
5436	-1906.838	-2096.679	189.8412	1.685374	1.239406
5442	-1907.594	-2097.42	189.8255	1.70376	1.23714
5448	-1922.158	-2111.776	189.6181	1.755743	1.363523
5454	-1909.104	-2098.732	189.6282	1.683026	1.412476
5460	-1903.631	-2093.416	189.7854	1.756321	1.226707
5466	-1904.157	-2094.051	189.8938	1.828303	1.066568
5472	-1906.335	-2096.28	189.9449	1.975133	0.8599398
5478	-1899.728	-2089.606	189.8779	1.879189	1.033158
5484	-1911.042	-2100.877	189.835	1.973232	0.9824274
5490	-1915.11	-2103.204	188.0945	1.202269	2.753431
5496	-1917.718	-2106.4	188.6825	1.28299	2.337097
5502	-1916.322	-2106.27	189.9475	1.929632	0.9092551
5508	-1907.119	-2097.111	189.9913	1.914129	0.8771357
5514	-1913.626	-2103.541	189.9158	1.931094	0.9421906
5520	-1917.558	-2107.492	189.9348	1.832188	1.023523
5526	-1907.304	-2097.109	189.8052	1.802173	1.170376
5532	-1903.172	-2093.002	189.8293	1.810396	1.141873
5538	-1913.294	-2103.174	189.8808	1.758935	1.141873
5544	-1901.238	-2090.927	189.6891	1.812571	1.260161
5550	-1905.703	-2095.405	189.7019	1.88122	1.191384
5556	-1912.538	-2102.304	189.7662	1.837134	1.173928
5562	-1909.694	-2098.721	189.0274	1.445674	2.007251
5568	-1903.237	-2092.588	189.3514	1.489475	1.756685
5574	-1909.836	-2099.358	189.5225	1.616761	1.542472
5580	-1899.977	-2089.867	189.89	1.675928	1.206127
5586	-1904.858	-2094.848	189.9895	1.622376	1.16646
5592	-1912.509	-2102.557	190.0477	1.827265	0.9117246
5598	-1905.278	-2095.27	189.9919	1.93452	0.85229
5604	-1903.501	-2093.516	190.0146	1.93452	0.8240953
5610	-1912.648	-2102.676	190.0289	1.939171	0.7994704
5616	-1909.191	-2099.246	190.0547	1.913332	0.7994704
5622	-1909.457	-2099.441	189.9843	1.884568	0.9184459
5628	-1907.095	-2097.074	189.9789	2.056077	0.6985276
5634	-1917.307	-2107.179	189.8723	1.828454	1.086465
5640	-1913.216	-2103.318	190.1016	1.837055	0.8372874
5646	-1913.722	-2103.755	190.0333	1.905368	0.8372874
5652	-1911.402	-2101.388	189.9864	1.905836	0.8923376
5658	-1901.711	-2091.714	190.0025	1.904244	0.875592
5664	-1913.878	-2103.783	189.9054	1.893184	0.9921219
5670	-1903.407	-2093.321	189.9139	1.81333	1.06171
5676	-1912.628	-2102.442	189.8139	1.706133	1.244944
5682	-1913.118	-2101.948	188.8305	1.422438	2.152146
5688	-1924.408	-2112.842	188.4333	1.302162	2.482268
5694	-1915.096	-2103.63	188.5332	1.484453	2.303849
5700	-1920.935	-2110.065	189.1309	1.530025	1.88079
5706	-1914.387	-2103.243	188.8563	1.485803	2.093856
5712	-1918.422	-2107.578	189.1558	1.50656	1.879801
5718	-1922.084	-2110.999	188.9152	1.523557	2.030045
5724	-1919.737	-2108.537	188.7998	1.453173	2.152144
5730	-1921.688	-2111.156	189.4684	1.638073	1.566637
5736	-1922.762	-2112.084	189.3224	1.540134	1.74152
5742	-1918.683	-2108.661	189.9775	1.793425	1.019621
5748	-1913.081	-2103.046	189.9656	1.711554	1.1082
5754	-1908.727	-2098.289	189.5624	1.67205	1.471176
5760	-1894.892	-2084.819	189.9267	1.597054	1.241823
5766	-1905.985	-2095.886	189.901	1.629493	1.236159
5772	-1914.807	-2104.646	189.8387	1.970251	0.9816992
5778	-1912.957	-2102.879	189.9222	1.958609	0.9051818
5784	-1917.588	-2107.487	189.8992	2.008949	0.8739423
5790	-1922.364	-2112.246	189.8817	1.622645	1.257998
5796	-1909.363	-2098.964	189.6008	1.64416	1.463273
5802	-1909.206	-2098.738	189.5315	1.826563	1.375923
5808	-1905.251	-2094.924	189.6731	1.694749	1.368243
5814	-1912.666	-2102.414	189.7481	1.693015	1.309752
5820	-1909.146	-2098.816	189.6707	1.722104	1.348483
5826	-1911.271	-2101.066	189.7951	1.978151	1.017379
5832	-1913.757	-2103.517	189.7598	1.747108	1.255847
5838	-1929.748	-2119.528	189.7795	1.788736	1.204168
5844	-1914.359	-2103.675	189.3151	1.543021	1.744561
5850	-1921.008	-2110.822	189.8133	1.779579	1.182951
5856	-1913.535	-2103.351	189.8161	1.824406	1.141191
5862	-1926.098	-2115.896	189.7973	2.029339	0.9635019
5868	-1920.189	-2110.061	189.8723	2.109501	0.7806915
5874	-1910.997	-2100.97	189.9732	1.993309	0.8015337
5880	-1911.663	-2101.421	189.7576	2.048769	0.9843347
5886	-1904.011	-2093.835	189.8241	1.973752	0.9928816
5892	-1912.245	-2101.932	189.6869	1.628351	1.409289
5898	-1914.795	-2104.421	189.6256	1.689695	1.409289
5904	-1909.786	-2099.174	189.3887	1.474502	1.74105
5910	-1907.889	-2097.166	189.2769	1.586318	1.74105
5916	-1907.75	-2097.216	189.466	1.607116	1.591055
5922	-1924.492	-2114.011	189.5198	1.712858	1.4726
5928	-1914.499	-2104.138	189.639	1.765806	1.338902
5934	-1915.937	-2105.214	189.2768	1.423261	1.854059
5940	-1902.772	-2092.309	189.5362	1.731478	1.445902
5946	-1901.355	-2091.074	189.7186	1.765041	1.275074
5952	-1908.62	-2098.204	189.5846	1.644343	1.475353
5958	-1911.687	-2101.365	189.6782	1.550726	1.475353
5964	-1914.926	-2104.068	189.1423	1.567304	1.847479
5970	-1909.336	-2099.366	190.0308	1.800555	0.9585741
5976	-1900.871	-2090.866	189.9953	1.988531	0.7778504
5982	-1907.018	-2096.969	189.9512	2.032654	0.7778504
5988	-1905.174	-2095.123	189.9492	2.091785	0.6877747
5994	-1907.213	-2097.044	189.8309	2.210053	0.6877747
6000	-1915.165	-2105.074	189.9093	2.131604	0.6877747
6006	-1916.314	-2106.067	189.7532	2.224282	0.7866365
6012	-1917.389	-2107.25	189.8613	2.221458	0.5911657
6018	-1931.457	-2121.434	189.977	2.105821	0.5911657
6024	-1925.742	-2115.219	189.4767	1.715434	1.503058
6030	-1918.41	-2107.99	189.5799	1.730099	1.413361
6036	-1916.888	-2106.696	189.808	1.79162	1.177115
6042	-1909.352	-2099.138	189.7865	1.754527	1.227318
6048	-1913.831	-2103.516	189.6852	1.675838	1.373566
6054	-1917.051	-2106.618	189.5673	1.626154	1.502074
6060	-1909.859	-2099.804	189.9448	1.840879	1.005081
6066	-1909.537	-2099.257	189.7195	1.789003	1.254513
6072	-1914.716	-2104.581	189.8646	2.102692	0.8005138
6078	-1906.282	-2096.234	189.9526	1.912892	0.9221442
6084	-1911.628	-2101.592	189.9634	1.930092	0.8908162
6090	-1923.578	-2113.515	189.9377	1.641764	1.194542
6096	-1923.466	-2113.497	190.031	1.611071	1.13973
6102	-1934.253	-2124.117	189.8639	1.891397	1.034891
6108	-1919.284	-2109.072	189.7881	1.519748	1.415085
6114	-1918.171	-2108.098	189.9278	1.979494	0.874982
6120	-1917.479	-2107.477	189.9979	1.822009	0.9704593
6126	-1909.69	-2099.651	189.961	1.876878	0.9516767
6132	-1911.556	-2101.464	189.9083	1.872349	1.010073
6138	-1909.04	-2098.888	189.8481	1.904648	1.037372
6144	-1909.854	-2099.85	189.9953	1.636327	1.149066
6150	-1911.727	-2101.503	189.7759	1.59558	1.36537
6156	-1907.882	-2097.571	189.6889	1.531368	1.481957
6162	-1924.223	-2114.07	189.8472	1.814355	1.122276
6168	-1918.928	-2108.751	189.8233	1.869316	1.094005
6174	-1923.092	-2112.732	189.6398	1.667286	1.415648
6180	-1921.582	-2111.532	189.9506	1.76143	1.076025
6186	-1923.318	-2113.319	190.0011	1.710936	1.076025
6192	-1923.477	-2113.232	189.7547	1.762382	1.247403
6198	-1927.528	-2117.139	189.6114	1.762382	1.363571
6204	-1936.177	-2126.128	189.9509	1.848466	0.9913563
6210	-1923.046	-2112.471	189.4248	1.473909	1.716027
6216	-1929.287	-2119.302	190.0151	1.659555	1.110414
6222	-1926.824	-2116.46	189.6356	1.678091	1.41055
6228	-1921.575	-2110.63	189.056	1.562353	1.909709
6234	-1918.151	-2108.102	189.9507	1.921257	0.9150319
6240	-1917.269	-2107.079	189.8095	1.85178	1.122545
6246	-1924.473	-2114.402	189.9299	1.751032	1.104766
6252	-1915.065	-2104.561	189.4955	1.681915	1.514129
6258	-1917.509	-2106.866	189.3565	1.717727	1.590218
6264	-1912.427	-2102.058	189.631	1.673301	1.417787
6270	-1909.86	-2099.447	189.5879	1.619138	1.491921
6276	-1913.244	-2102.973	189.729	1.478041	1.491921
6282	-1911.909	-2101.451	189.5422	1.634251	1.514822
6288	-1907.193	-2096.951	189.7584	1.625062	1.355901
6294	-1906.801	-2096.495	189.6946	1.754812	1.303062
6300	-1912.447	-2102.009	189.5621	1.787311	1.38271
6306	-1908.131	-2097.843	189.7128	1.761727	1.282562
6312	-1905.838	-2095.607	189.7688	1.717027	1.273281
6318	-1899.569	-2089.619	190.05	1.911969	0.8075643
6324	-1901.185	-2091.145	189.9606	2.001273	0.8075643
6330	-1889.669	-2079.517	189.8482	1.955833	0.9866108
6336	-1898.118	-2087.974	189.8565	1.928998	1.005319
6342	-1904.416	-2094.275	189.8592	1.742902	1.174952
6348	-1913.077	-2102.594	189.5176	1.731194	1.460294
6354	-1909.434	-2099.116	189.6815	1.719562	1.34194
6360	-1904.027	-2093.838	189.8105	1.674611	1.273904
6366	-1910.974	-2100.595	189.6211	1.571302	1.502901
6372	-1904.25	-2093.711	189.4611	1.647318	1.565195
6378	-1905.272	-2094.979	189.7063	1.632855	1.390716
6384	-1916.665	-2105.782	189.1164	1.593454	1.847308
6390	-1910.913	-2100.548	189.6345	1.6388	1.441657
6396	-1905.043	-2094.442	189.3998	1.607749	1.638494
6402	-1913.43	-2103.09	189.66	1.484734	1.538406
6408	-1912.155	-2101.632	189.4767	1.53006	1.639076
6414	-1918.106	-2107.718	189.6121	1.797353	1.335176
6420	-1910.336	-2100.114	189.7787	1.577102	1.377708
6426	-1911.009	-2100.548	189.5388	1.534011	1.591275
6432	-1913.722	-2103.358	189.6356	1.810425	1.305798
6438	-1915.499	-2105.232	189.7329	1.828281	1.210182
6444	-1922.661	-2110.961	188.2998	1.36906	2.523864
6450	-1913.771	-2103.477	189.7059	1.793925	1.261745
6456	-1916.357	-2106.089	189.732	1.767796	1.261745
6462	-1916.859	-2106.161	189.3018	1.452438	1.81684
6468	-1920.25	-2108.665	188.415	1.442398	2.405616
6474	-1917.076	-2106.569	189.493	1.744719	1.468752
6480	-1910.426	-2099.622	189.1958	1.54917	1.823227
6486	-1919.591	-2108.868	189.2764	1.296304	1.940525
6492	-1918.66	-2107.583	188.9233	1.321872	2.157234
6498	-1913.642	-2103.138	189.4962	1.724054	1.481924
6504	-1930.642	-2120.595	189.9534	1.675531	1.151407
6510	-1919.268	-2109.02	189.7525	1.73723	1.270078
6516	-1931.235	-2121.101	189.8664	1.619508	1.273242
6522	-1911.75	-2101.604	189.854	1.762148	1.162641
6528	-1929.378	-2119.193	189.815	1.736887	1.218067
6534	-1918.911	-2108.834	189.9231	1.907946	0.9588555
6540	-1915.822	-2105.756	189.9342	1.908891	0.9461438
6546	-1903.418	-2093.397	189.9787	1.945394	0.8549885
6552	-1905.975	-2095.855	189.8803	2.003584	0.9017747
6558	-1903.538	-2093.464	189.9263	2.064451	0.76811
6564	-1909.352	-2099.28	189.9277	2.062258	0.7692528
6570	-1909.663	-2099.616	189.9527	2.0961	0.672878
6576	-1913.211	-2103.269	190.0587	1.998107	0.6567828
6582	-1906.711	-2096.613	189.9021	2.191719	0.5451522
6588	-1907.782	-2097.658	189.8762	2.158897	0.6983466
6594	-1909.563	-2099.475	189.9123	2.142998	0.6598381
6600	-1915.889	-2105.818	189.9291	2.095328	0.7164403
6606	-1910.309	-2100.144	189.835	2.117501	0.8198338
6612	-1914.968	-2104.842	189.8735	2.170242	0.68259
6618	-1913.654	-2103.466	189.8113	2.166124	0.7867157
6624	-1918.447	-2108.415	189.9684	2.003748	0.7939175
6630	-1914.44	-2104.337	189.897	1.94556	0.9467538
6636	-1919.178	-2109.116	189.9377	2.011984	0.8233458
6642	-1902.439	-2092.302	189.8635	1.905492	1.021527
6648	-1899.121	-2089.147	190.0261	1.762996	1.001731
6654	-1915.76	-2105.725	189.9652	1.914237	0.906714
6660	-1921.447	-2111.289	189.8421	2.239596	0.5946707
6666	-1914.776	-2104.653	189.8773	2.193528	0.6247674
6672	-1913.087	-2102.923	189.8355	1.865762	1.085983
6678	-1913.753	-2103.606	189.8532	1.848145	1.085983
6684	-1913.35	-2103.17	189.8204	2.244101	0.6400104
6690	-1914.639	-2104.451	189.8122	2.218737	0.7054878
6696	-1917.606	-2107.47	189.8642	2.218737	0.590806
6702	-1918.658	-2108.709	190.0517	1.976117	0.7107848
6708	-1922.92	-2112.785	189.8659	2.155081	0.7221014
6714	-1907.479	-2097.349	189.8703	2.212517	0.5910299
6720	-1903.973	-2093.243	189.2701	1.574596	1.753961
6726	-1910.218	-2099.508	189.29	1.449454	1.827019
6732	-1909.633	-2098.558	188.925	1.352156	2.136381
6738	-1918.971	-2108.261	189.2894	1.331355	1.908067
6744	-1922.128	-2111.957	189.8287	2.22246	0.6683056
6750	-1907.141	-2097.13	189.989	2.062175	0.6683056
6756	-1909.467	-2099.346	189.8792	2.195067	0.6160792
6762	-1916.43	-2106.158	189.7275	2.369887	0.4893526
6768	-1917.652	-2107.414	189.7615	2.333073	0.4618828
6774	-1905.025	-2094.883	189.8574	2.231107	0.4353679
6780	-1906.166	-2096.105	189.9392	2.019436	0.8118989
6786	-1911.633	-2101.58	189.9471	2.019411	0.8015035
6792	-1917.53	-2107.577	190.0471	1.850789	0.8858622
6798	-1912.868	-2102.842	189.974	1.864819	0.9506912
6804	-1901.141	-2091.118	189.9775	1.771678	1.040783
6810	-1905.005	-2094.914	189.9089	1.883046	0.9988718
6816	-1906.34	-2096.248	189.9081	1.919723	0.9622412
6822	-1906.963	-2096.911	189.948	1.919723	0.919618
6828	-1915.906	-2105.794	189.8876	1.889725	1.013419
6834	-1911.676	-2101.581	189.9044	1.872865	1.013419
6840	-1902.444	-2092.334	189.8895	1.940487	0.9599365
6846	-1903.239	-2093.171	189.9319	2.063686	0.7610569
6852	-1906.891	-2096.831	189.9394	2.034104	0.7921159
6858	-1911.051	-2101.021	189.9699	1.971595	0.8337496
6864	-1912.436	-2102.499	190.0628	1.973664	0.6958965
6870	-1911.329	-2101.311	189.9819	1.991597	0.792111
6876	-1902.119	-2092.176	190.0578	1.835586	0.8909972
6882	-1908.134	-2098.182	190.0478	1.886491	0.8426262
6888	-1909.528	-2099.075	189.5462	1.744748	1.428074
6894	-1905.478	-2095.319	189.8412	1.571942	1.332247
6900	-1909.992	-2100.032	190.0402	1.706773	1.042963
6906	-1906.925	-2096.903	189.9782	1.979951	0.8124294
6912	-1905.9	-2095.758	189.8573	2.155957	0.7344641
6918	-1899.196	-2089.247	190.051	1.999744	0.6691564
6924	-1908.325	-2098.131	189.8065	2.205273	0.736752
6930	-1915.365	-2105.418	190.0529	2.032418	0.582785
6936	-1916.616	-2106.62	190.0038	1.972169	0.7887304
6942	-1904.638	-2094.565	189.9264	1.832841	1.031108
6948	-1908.868	-2098.79	189.9225	1.836742	1.031108
6954	-1909.429	-2099.334	189.9049	1.622947	1.238384
6960	-1917.01	-2106.637	189.6269	1.673684	1.420699
6966	-1929.505	-2119.361	189.8559	1.687719	1.225127
6972	-1933.408	-2123.196	189.7885	2.011841	0.9903474
6978	-1926.025	-2115.775	189.7496	1.816611	1.205921
6984	-1915.737	-2105.577	189.8399	1.746818	1.188314
6990	-1917.463	-2107.129	189.6657	1.68014	1.385466
6996	-1916.884	-2106.316	189.4322	1.610998	1.61274
7002	-1917.703	-2106.456	188.7524	1.439562	2.191789
7008	-1919.433	-2107.965	188.5319	1.405594	2.354872
7014	-1925.774	-2114.655	188.8804	1.447246	2.103354
7020	-1920.018	-2109.231	189.2134	1.637968	1.749315
7026	-1917.095	-2106.372	189.2769	1.612118	1.722864
7032	-1923.239	-2112.448	189.2092	1.552342	1.811784
7038	-1939.262	-2128.534	189.2717	1.489786	1.811784
7044	-1911.012	-2099.898	188.8858	1.508478	2.059507
7050	-1917.072	-2106.469	189.3972	1.561185	1.673719
7056	-1917.513	-2106.959	189.4458	1.685715	1.548179
7062	-1916.222	-2105.779	189.5567	1.628769	1.508104
7068	-1910.13	-2100.056	189.9261	1.733493	1.124093
7074	-1920.502	-2110.148	189.6464	1.76106	1.336813
7080	-1914.921	-2104.727	189.8063	1.864375	1.114065
7086	-1924.306	-2114.356	190.0498	1.75409	0.9868227
7092	-1919.774	-2109.766	189.9916	1.966429	0.8126011
7098	-1914.987	-2104.983	189.9956	1.963813	0.8108397
7104	-1914.403	-2104.32	189.9162	1.989366	0.8769763
7110	-1915.46	-2105.226	189.7664	1.780083	1.222652
7116	-1912.595	-2101.829	189.234	1.598217	1.762697
7122	-1916.007	-2105.551	189.5444	1.602343	1.536908
7128	-1912.285	-2101.494	189.2095	1.553047	1.811071
7134	-1902.816	-2092.652	189.8365	1.971787	0.9823257
7140	-1915.366	-2105.195	189.829	1.799697	1.15161
7146	-1919.378	-2109.125	189.7467	1.720354	1.288681
7152	-1916.198	-2106.246	190.0477	1.807159	0.9335877
7158	-1911.238	-2101.294	190.056	1.781081	0.9525844
7164	-1912.721	-2102.581	189.8599	1.905348	1.025213
7170	-1912.493	-2102.5	190.0068	1.837393	0.9449837
7176	-1903.889	-2093.607	189.718	1.683886	1.341248
7182	-1909.68	-2099.627	189.9473	1.893151	0.9489657
7188	-1913.982	-2103.832	189.8494	1.893151	1.047174
7194	-1915.297	-2105.004	189.707	1.87632	1.19126
7200	-1919.639	-2109.356	189.7173	1.907281	1.155294
7206	-1928.738	-2118.271	189.5332	1.681101	1.486457
7212	-1922.847	-2112.606	189.7586	1.767267	1.240065
7218	-1916.94	-2106.888	189.948	1.998082	0.8278889
7224	-1907.138	-2097.109	189.9709	2.055068	0.7139095
7230	-1913.276	-2103.105	189.8298	2.152681	0.7797352
7236	-1926.515	-2116.438	189.9224	2.112624	0.6983615
7242	-1919.66	-2109.616	189.9566	2.094066	0.6693884
7248	-1912.498	-2102.36	189.8626	2.219931	0.5918804
7254	-1907.89	-2097.722	189.8319	2.264684	0.5233781
7260	-1909.123	-2098.951	189.8274	2.270012	0.5113634
7266	-1912.221	-2101.996	189.7747	2.320255	0.5374397
7272	-1911.596	-2101.521	189.925	2.1658	0.5607538
7278	-1913.611	-2103.388	189.7769	2.32016	0.517568
7284	-1918.517	-2108.124	189.6078	2.467048	0.4007783
7290	-1921.18	-2111.23	190.0499	1.947873	0.7579138
7296	-1918.637	-2108.609	189.9716	1.962687	0.8426943
7302	-1925.842	-2115.833	189.991	1.943207	0.8426943
7308	-1917.639	-2107.698	190.0586	1.989939	0.6733855
7314	-1916.449	-2106.319	189.8705	2.214022	0.5855678
7320	-1915.442	-2105.19	189.748	2.349099	0.4842184
7326	-1923.297	-2113.111	189.8144	2.282913	0.5129291
7332	-1914.773	-2104.617	189.844	2.253102	0.5162326
7338	-1924.788	-2114.686	189.8977	2.143008	0.6881446
7344	-1918.375	-2108.046	189.6708	2.423005	0.4575066
7350	-1905.322	-2094.96	189.6379	2.438462	0.4037967
7356	-1923.329	-2112.694	189.365	2.622691	0.30066
7362	-1927.593	-2117.419	189.8263	2.269597	0.5302373
7368	-1930.203	-2119.654	189.4513	2.599964	0.362829
7374	-1924.792	-2114.379	189.5872	2.472063	0.374033
7380	-1920.479	-2110.153	189.6747	2.410694	0.4259244
7386	-1920.313	-2110.136	189.8228	2.272737	0.4683244
7392	-1914.844	-2104.775	189.9301	2.166402	0.4764021
7398	-1906.065	-2095.752	189.6868	2.40417	0.4443114
7404	-1914.597	-2104.401	189.8034	2.293575	0.4825032
7410	-1915.463	-2105.365	189.9025	2.193178	0.5319012
7416	-1913.639	-2103.619	189.9805	2.047828	0.7099434
7422	-1912.307	-2102.116	189.8092	2.124061	0.8439025
7428	-1911.323	-2101.221	189.8985	2.09797	0.7598711
7434	-1912.069	-2101.962	189.8935	2.162261	0.6590605
7440	-1911.082	-2101.119	190.0374	2.021947	0.6514321
7446	-1911.885	-2101.853	189.9677	1.930449	0.8855735
7452	-1909.212	-2099.174	189.9621	1.813807	1.014739
7458	-1909.718	-2099.519	189.8015	1.725196	1.239346
7464	-1907.322	-2097.351	190.0295	1.792754	0.9679977
7470	-1909.591	-2099.337	189.7463	1.780894	1.238887
7476	-1917.918	-2107.851	189.9325	1.723239	1.127563
7482	-1918.434	-2108.073	189.6394	1.732574	1.364991
7488	-1915.434	-2105.22	189.7863	1.759068	1.223628
7494	-1911.479	-2101.388	189.909	1.933764	0.9464916
7500	-1902.479	-2092.404	189.9247	1.918108	0.9464916
7506	-1901.889	-2091.767	189.8779	1.896578	1.016173
7512	-1906.358	-2096.359	190.0013	1.804139	0.9852654
7518	-1915.948	-2105.87	189.9219	1.910214	0.9577518
7524	-1918.145	-2108.148	190.0023	1.86128	0.9241264
7530	-1926.73	-2116.48	189.7498	1.988754	1.050978
7536	-1918.376	-2108.216	189.8405	1.898052	1.050978
7542	-1917.444	-2107.37	189.9255	1.869096	0.9961851
7548	-1917.563	-2107.498	189.9351	1.82644	1.028859
7554	-1913.515	-2103.437	189.9225	1.916159	0.9509119
7560	-1909.412	-2099.39	189.9773	2.067555	0.6804204
7566	-1908.088	-2098.041	189.9528	2.049476	0.7512974
7572	-1912.374	-2102.211	189.8372	2.184726	0.7205944
7578	-1919.823	-2109.678	189.8541	2.220044	0.6162195
7584	-1919.032	-2108.571	189.5387	1.705975	1.463452
7590	-1920.599	-2110.642	190.043	1.923767	0.8011506
7596	-1911.84	-2101.713	189.8732	2.109394	0.7795783
7602	-1915.556	-2105.53	189.9745	2.062503	0.6948168
7608	-1915.727	-2105.664	189.9377	1.952163	0.8950407
7614	-1915.577	-2105.565	189.9879	1.932333	0.8596771
7620	-1911.204	-2101.186	189.9823	2.037279	0.7244286
7626	-1917.528	-2107.433	189.905	2.114412	0.7245993
7632	-1911.438	-2101.396	189.9583	2.105732	0.64103
7638	-1916.337	-2106.355	190.0179	2.035258	0.6643902
7644	-1915.125	-2105.14	190.0149	1.848045	0.9248334
7650	-1921.439	-2110.629	189.1903	1.534366	1.83719
7656	-1913.232	-2102.938	189.7062	1.687513	1.34777
7662	-1918.679	-2107.972	189.293	1.479323	1.804345
7668	-1919.89	-2109.368	189.4782	1.643819	1.555157
7674	-1921.831	-2111.844	190.0132	2.021437	0.6989991
7680	-1931.493	-2121.334	189.8412	1.898297	1.050035
7686	-1936.648	-2126.463	189.8153	2.12192	0.8390113
7692	-1926.717	-2116.564	189.8464	2.17198	0.7263058
7698	-1915.593	-2105.5	189.9067	1.958444	0.9224158
7704	-1926.144	-2115.348	189.2039	1.540851	1.823376
7710	-1927.722	-2117.482	189.7597	2.111284	0.9160454
7716	-1921.21	-2111.123	189.9129	1.955035	0.919393
7722	-1909.755	-2099.811	190.056	1.897048	0.8190774
7728	-1916.199	-2106.221	190.0218	1.930739	0.8196889
7734	-1917.366	-2107.387	190.021	1.918332	0.8363643
7740	-1921.826	-2111.821	189.995	1.944357	0.8363643
7746	-1918.076	-2107.988	189.9122	2.027167	0.8363643
7752	-1911.48	-2101.286	189.8054	2.185828	0.767356
7758	-1911.257	-2101.144	189.8872	2.1737	0.6481292
7764	-1911.16	-2100.962	189.8017	2.271313	0.6193207
7770	-1923.243	-2113.174	189.931	2.156873	0.573227
7776	-1919.602	-2109.344	189.7422	2.349394	0.4468667
7782	-1918.804	-2108.595	189.7911	2.306512	0.5020168
7788	-1922.362	-2112.057	189.6952	2.401849	0.517275
7794	-1908.443	-2098.249	189.8053	1.900164	1.082157
7800	-1903.811	-2093.756	189.9456	1.971716	0.8632055
7806	-1912.054	-2102.096	190.0426	1.873349	0.8647996
7812	-1908.949	-2098.576	189.6278	1.74047	1.367908
7818	-1910.731	-2100.392	189.6613	1.670105	1.396774
7824	-1902.442	-2092.169	189.7275	1.769081	1.264438
7830	-1913.943	-2103.533	189.5908	1.608433	1.497731
7836	-1915.108	-2104.526	189.4179	1.574226	1.649604
7842	-1909.984	-2099.983	189.9985	2.074028	0.6206334
7848	-1913.642	-2103.659	190.0166	1.885217	0.881325
7854	-1906.114	-2096.06	189.9458	2.083559	0.7082058
7860	-1915.627	-2105.605	189.9782	1.784189	1.028021
7866	-1916.213	-2105.906	189.6924	1.771071	1.291584
7872	-1910.907	-2100.502	189.5957	1.681145	1.438933
7878	-1911.12	-2100.787	189.6667	1.656714	1.402973
7884	-1908.968	-2097.931	188.9631	1.428661	2.061145
7890	-1908.175	-2096.936	188.7608	1.316091	2.265946
7896	-1916.033	-2104.404	188.371	1.398048	2.461188
7902	-1909.551	-2098.856	189.305	1.498292	1.782833
7908	-1915.601	-2105.391	189.7903	1.9104	1.086532
7914	-1912.027	-2101.986	189.9587	1.980682	0.8363118
7920	-1918.919	-2108.879	189.9599	1.956239	0.864607
7926	-1910.679	-2100.579	189.9	2.148102	0.6743223
7932	-1909.559	-2099.473	189.9135	2.122686	0.6963575
7938	-1923.041	-2112.931	189.8893	2.12456	0.7334829
7944	-1915.42	-2105.258	189.8381	1.763512	1.175343
7950	-1910.435	-2100.033	189.5982	1.542743	1.541227
7956	-1911.66	-2101.286	189.6259	1.514974	1.541227
7962	-1902.576	-2092.292	189.7165	1.781943	1.262876
7968	-1908.487	-2098.188	189.701	1.780079	1.277178
7974	-1907.804	-2097.701	189.897	1.927663	0.9654819
7980	-1907.559	-2097.479	189.9203	1.766927	1.098999
7986	-1908.669	-2098.292	189.6234	1.712735	1.393091
7992	-1916.08	-2105.756	189.6761	1.550767	1.476965
7998	-1918.284	-2107.788	189.5037	1.514658	1.630758
8004	-1918.644	-2107.936	189.2921	1.544371	1.759729
8010	-1911.388	-2100.683	189.2952	1.644686	1.68688
8016	-1918.652	-2108.663	190.0119	1.759773	1.018925
8022	-1915.941	-2105.842	189.9011	1.846882	1.041987
8028	-1909.439	-2099.014	189.5742	1.749943	1.402416
8034	-1907.121	-2096.857	189.7358	1.798607	1.232834
8040	-1912.465	-2102.265	189.7996	1.879009	1.106853
8046	-1907.089	-2096.843	189.7537	1.847832	1.175417
8052	-1914.132	-2103.977	189.8449	1.756664	1.175417
8058	-1911.181	-2100.954	189.773	1.681641	1.298759
8064	-1917.49	-2107.371	189.8809	1.931846	0.9777441
8070	-1913.734	-2103.609	189.875	2.216568	0.5572791
8076	-1915.763	-2105.43	189.6673	2.344222	0.7372015
8082	-1906.41	-2096.332	189.9211	2.120646	0.6863095
8088	-1914.709	-2104.491	189.7819	2.10819	0.8947306
8094	-1900.994	-2090.869	189.8749	2.172023	0.6765803
8100	-1915.74	-2105.695	189.9553	1.920181	0.9111252
8106	-1918.273	-2108.232	189.9595	1.964077	0.8556502
8112	-1923.311	-2113.28	189.9692	1.933889	0.8797981
8118	-1919.38	-2109.345	189.9652	1.990986	0.8150297
8124	-1916.311	-2106.233	189.9218	2.034365	0.8150297
8130	-1919.826	-2109.773	189.9469	1.926008	0.9139614
8136	-1930.352	-2120.292	189.9402	2.071592	0.7367802
8142	-1918.501	-2108.453	189.9526	2.090455	0.6838708
8148	-1926.216	-2116.153	189.9368	2.098778	0.6975005
8154	-1916.066	-2106.014	189.9484	2.042381	0.7681233
8160	-1908.942	-2098.908	189.9656	1.965857	0.8460677
8166	-1916.044	-2105.979	189.9346	1.898425	0.956791
8172	-1911.866	-2101.488	189.6214	1.566935	1.505924
8178	-1911.73	-2101.312	189.5823	1.606071	1.505924
8184	-1907.524	-2097.136	189.6122	1.630102	1.465233
8190	-1916.294	-2106.133	189.8389	2.256283	0.5357206
8196	-1932.774	-2122.559	189.7851	2.289707	0.6145009
8202	-1909.49	-2099.314	189.8234	2.265302	0.5698205
8208	-1926.394	-2116.352	189.9576	2.083215	0.6879937
8214	-1911.224	-2101.043	189.8188	2.257129	0.6116233
8220	-1910.401	-2100.082	189.6811	2.416313	0.4896
8226	-1907.743	-2097.495	189.7527	2.339497	0.5539537
8232	-1914.348	-2104.1	189.7527	2.339497	0.5539537
8238	-1905.76	-2095.556	189.7961	2.2961	0.5539537
8244	-1918.654	-2108.547	189.8931	1.792031	1.100893
8250	-1924.072	-2114.002	189.9301	1.754986	1.100893
8256	-1920.962	-2110.427	189.4655	1.747494	1.487452
8262	-1908.826	-2098.78	189.9539	1.914704	0.9186634
8268	-1906.848	-2096.894	190.0455	1.911395	0.8141846
8274	-1902.076	-2091.993	189.9175	2.062021	0.7838794
8280	-1901.785	-2091.773	189.9882	1.906751	0.8892339
8286	-1899.035	-2088.957	189.9225	1.881587	0.9865934
8292	-1903.266	-2093.151	189.8847	1.944997	0.9602678
8298	-1906.086	-2095.941	189.8543	1.88544	1.049865
8304	-1905.72	-2095.613	189.8929	1.972674	0.921988
8310	-1910.793	-2100.701	189.9085	1.810995	1.069015
8316	-1905.629	-2095.609	189.98	1.958021	0.8380682
8322	-1908.596	-2098.474	189.8778	1.92367	0.9892755
8328	-1905.081	-2094.921	189.8401	1.918676	1.031485
8334	-1911.26	-2101.188	189.9275	1.915412	0.9463769
8340	-1913.922	-2103.794	189.8726	1.86882	1.048242
8346	-1914.434	-2104.335	189.9014	2.171193	0.6203847
8352	-1911.751	-2101.484	189.7331	2.356898	0.5644264
8358	-1909.693	-2099.6	189.9065	2.158569	0.6387139
8364	-1911.895	-2101.823	189.9284	2.158569	0.5766107
8370	-1913.02	-2102.742	189.7218	2.375564	0.4876171
8376	-1920.129	-2109.923	189.794	2.300161	0.542867
8382	-1928.355	-2118.101	189.746	1.927733	1.11127
8388	-1929.646	-2119.441	189.7949	1.878802	1.11127
8394	-1915.369	-2105.325	189.956	1.992142	0.8252958
8400	-1913.17	-2103.098	189.9279	1.965873	0.8905743
8406	-1910.121	-2100.113	189.9912	1.906042	0.8865836
8412	-1909.971	-2099.961	189.9905	1.884043	0.9121347
8418	-1909.68	-2099.401	189.7214	1.819267	1.227589
8424	-1917.134	-2106.949	189.8148	1.718828	1.233547
8430	-1905.34	-2095.222	189.8817	1.73032	1.166312
8436	-1918.042	-2107.955	189.9128	1.849214	1.028418
8442	-1918.935	-2108.61	189.6745	1.90769	1.192171
8448	-1906.672	-2096.454	189.782	1.862256	1.137808
8454	-1918.489	-2108.333	189.8438	1.748254	1.183716
8460	-1920.397	-2110.125	189.7281	1.831287	1.21171
8466	-1919.499	-2109.43	189.9307	2.005052	0.8408627
8472	-1918.67	-2108.206	189.5361	1.653182	1.505233
8478	-1915.222	-2105.033	189.8116	1.484351	1.424229
8484	-1916.842	-2105.484	188.6429	1.275995	2.366687
8490	-1910.653	-2100.489	189.8353	1.833679	1.115595
8496	-1918.792	-2108.142	189.3501	1.487263	1.75915
8502	-1924.611	-2113.52	188.9091	1.348841	2.148876
8508	-1909.575	-2098.428	188.8531	1.383315	2.162899
8514	-1911.583	-2100.284	188.7013	1.380929	2.262503
8520	-1905.382	-2094.48	189.098	1.47252	1.941994
8526	-1902.856	-2092.142	189.2855	1.511435	1.787246
8532	-1908.145	-2097.783	189.6381	1.476734	1.560448
8538	-1898.593	-2088.19	189.5966	1.524426	1.555909
8544	-1904.355	-2094.055	189.6995	1.710909	1.334414
8550	-1898.909	-2088.927	190.0185	1.835313	0.9347761
8556	-1906.523	-2096.454	189.9315	1.87013	0.9890513
8562	-1913.326	-2103.294	189.9682	1.822881	0.9996533
8568	-1909.514	-2099.512	189.9977	1.928769	0.8522313
8574	-1907.953	-2097.873	189.9207	1.942002	0.9251526
8580	-1925.902	-2115.77	189.8682	1.950091	0.9721324
8586	-1926.741	-2116.577	189.8364	1.981886	0.9721324
8592	-1912.518	-2102.503	189.9851	1.833141	0.9721324
8598	-1917.835	-2107.731	189.8952	1.971154	0.9211096
8604	-1920.462	-2110.365	189.9035	1.929849	0.9564497
8610	-1910.878	-2100.753	189.8757	1.929598	0.9853453
8616	-1914.827	-2104.753	189.9257	1.920143	0.9432518
8622	-1909.787	-2099.721	189.9339	1.924815	0.9294214
8628	-1911.929	-2101.864	189.9349	1.969882	0.8779272
8634	-1913.432	-2103.389	189.9576	2.04208	0.7550429
8640	-1914.152	-2104.129	189.9769	2.022847	0.7550429
8646	-1914.942	-2104.869	189.9266	2.022847	0.8237222
8652	-1906.821	-2096.594	189.7725	2.140442	0.8683175
8658	-1913.034	-2102.873	189.8398	2.09135	0.8465468
8664	-1916.516	-2106.312	189.7967	1.921499	1.070263
8670	-1911.604	-2101.439	189.8348	1.883338	1.070263
8676	-1913.366	-2103.338	189.9717	1.746276	1.070422
8682	-1911.542	-2101.018	189.4758	1.734007	1.489791
8688	-1912.99	-2102.498	189.5075	1.702351	1.489791
8694	-1920.448	-2110.11	189.6629	1.718194	1.357746
8700	-1948.84	-2137.749	188.9083	1.460427	2.076307
8706	-1934.708	-2123.678	188.9699	1.516102	1.998644
8712	-1913.012	-2102.747	189.7342	1.667426	1.341489
8718	-1909.628	-2099.115	189.4867	1.60217	1.579552
8724	-1919.189	-2107.909	188.7195	1.384825	2.248315
8730	-1907.102	-2097.009	189.9074	1.860072	1.023061
8736	-1901.114	-2091.055	189.9407	1.978593	0.8608222
8742	-1907.8	-2097.556	189.7564	1.754852	1.252268
8748	-1914.026	-2103.902	189.8761	1.879347	1.034735
8754	-1903.992	-2093.633	189.641	1.781027	1.325114
8760	-1906.636	-2096.427	189.7904	1.783867	1.199025
8766	-1910.107	-2100.063	189.9556	1.752872	1.079351
8772	-1918.306	-2108.202	189.8958	1.916651	0.9780945
8778	-1910.762	-2100.538	189.7761	1.962868	1.050584
8784	-1904.29	-2094.093	189.8029	1.936016	1.050584
8790	-1919.22	-2109.179	189.9595	2.10005	0.6510141
8796	-1930.908	-2120.926	190.0178	1.997611	0.7311207
8802	-1913.367	-2102.571	189.2045	1.490391	1.857598
8808	-1921.043	-2110.49	189.4477	1.663256	1.563294
8814	-1926.64	-2116.627	189.987	1.848112	0.9545798
8820	-1918.374	-2107.942	189.5678	1.666632	1.471219
8826	-1916.397	-2106.069	189.6722	1.698806	1.365746
8832	-1903.064	-2093.045	189.9804	1.94181	0.8572973
8838	-1906.214	-2096.061	189.8469	1.846889	1.092943
8844	-1899.846	-2089.751	189.9053	2.037722	0.8317669
8850	-1906.572	-2096.474	189.9022	2.127086	0.7083967
8856	-1906.545	-2096.483	189.9383	2.032468	0.7958282
8862	-1916.558	-2106.534	189.9751	2.055266	0.7065061
8868	-1909.838	-2099.691	189.853	2.167364	0.7231882
8874	-1905.543	-2095.359	189.8159	2.053277	0.9180155
8880	-1899.996	-2090.026	190.0293	1.839943	0.9180155
8886	-1907.475	-2097.141	189.6658	1.770193	1.313866
8892	-1918.028	-2107.783	189.7549	1.835113	1.185442
8898	-1913.896	-2103.473	189.5771	1.77591	1.379885
8904	-1908.921	-2098.758	189.837	1.861556	1.088555
8910	-1914.55	-2104.369	189.8187	1.840955	1.124058
8916	-1906.064	-2095.816	189.7518	1.77826	1.236527
8922	-1907.165	-2096.963	189.7976	1.822952	1.158853
8928	-1909.365	-2099.141	189.7757	1.844809	1.158853
8934	-1909.647	-2099.456	189.8085	1.924846	1.055921
8940	-1922.982	-2112.826	189.8441	1.889295	1.055921
8946	-1933.679	-2123.407	189.7286	1.838132	1.205446
8952	-1930.685	-2120.712	190.0275	1.956393	0.7777564
8958	-1924.914	-2114.778	189.864	2.053505	0.862959
8964	-1928.987	-2118.878	189.8919	2.058296	0.8227639
8970	-1922.574	-2112.398	189.8238	1.87881	1.084753
8976	-1910.864	-2100.562	189.6982	1.725604	1.323717
8982	-1901.035	-2090.869	189.8337	1.839511	1.111781
8988	-1897.75	-2087.515	189.7657	1.812161	1.195951
8994	-1906.175	-2095.953	189.7785	1.839414	1.161147
9000	-1909.787	-2099.721	189.9341	1.651698	1.189097
9006	-1910.188	-2099.921	189.7335	1.763606	1.263975
9012	-1895.764	-2085.441	189.6769	1.627285	1.41789
9018	-1903.73	-2093.767	190.0365	1.812292	0.9400917
9024	-1908.07	-2097.903	189.8334	1.779917	1.165132
9030	-1910.883	-2100.921	190.0386	1.94124	0.7834515
9036	-1896.152	-2086.1	189.9481	2.117645	0.6371388
9042	-1899.245	-2089.153	189.9074	2.165754	0.6190002
9048	-1891.934	-2081.887	189.9527	2.070721	0.7180906
9054	-1901.396	-2091.258	189.8619	2.161515	0.7180906
9060	-1928.724	-2117.814	189.0899	1.27751	2.077188
9066	-1917.14	-2105.908	188.7675	1.380775	2.220018
9072	-1917.087	-2105.909	188.8217	1.326575	2.220018
9078	-1915.912	-2104.751	188.8391	1.424726	2.145086
9084	-1909.707	-2099.626	189.9188	2.058544	0.7868233
9090	-1911.834	-2101.864	190.0301	1.99126	0.7214588
9096	-1907.14	-2096.989	189.8487	2.083698	0.8449644
9102	-1902.457	-2092.359	189.9028	2.056469	0.81101
9108	-1899.647	-2089.485	189.8382	2.248757	0.5767334
9114	-1896.556	-2086.224	189.6681	2.420515	0.4358069
9120	-1913.031	-2102.155	189.1243	1.397383	1.974781
9126	-1901.873	-2091.098	189.2253	1.565047	1.791865
9132	-1907.361	-2096.651	189.2902	1.499004	1.792622
9138	-1925.092	-2114.636	189.5439	1.557147	1.570566
9144	-1910.635	-2100.129	189.4939	1.60292	1.573694
9150	-1913.148	-2102.833	189.6848	2.375371	0.3753154
9156	-1905.588	-2095.336	189.7481	2.349403	0.508509
9162	-1919.167	-2109.09	189.9221	2.170328	0.5528094
9168	-1925.255	-2115.072	189.8173	2.26011	0.6074011
9174	-1939.026	-2129.063	190.0362	1.954222	0.7685721
9180	-1927.217	-2117.095	189.8782	2.160689	0.6914635
9186	-1924.924	-2114.709	189.7848	2.284795	0.6278202
9192	-1924.721	-2114.507	189.7864	2.283282	0.6278202
9198	-1919.339	-2109.395	190.0559	1.990136	0.6781834
9204	-1909.502	-2099.504	190.0019	2.039799	0.6864605
9210	-1907.809	-2097.742	189.9323	2.109311	0.6864605
9216	-1921.522	-2111.479	189.9576	2.111821	0.6283082
9222	-1922.429	-2112.373	189.9437	2.090328	0.7001824
9228	-1925.117	-2115.144	190.0272	2.012598	0.6898651
9234	-1928.631	-2118.391	189.7606	2.262854	0.7179957
9240	-1929.105	-2119.065	189.9602	2.040797	0.7531435
9246	-1931.716	-2121.623	189.907	2.178039	0.5837126
9252	-1922.809	-2112.616	189.807	2.278659	0.581318
9258	-1916.484	-2106.283	189.7993	2.29761	0.5188355
9264	-1917.173	-2106.94	189.7671	2.300778	0.6321313
9270	-1906.828	-2096.737	189.9093	2.012859	0.8573158
9276	-1911.303	-2101.303	189.9997	1.988903	0.7711896
9282	-1910.116	-2100.046	189.9293	2.028617	0.8127484
9288	-1913.295	-2103.179	189.8847	2.104481	0.7703781
9294	-1912.034	-2101.91	189.8766	2.141106	0.7273967
9300	-1922.562	-2112.563	190.001	2.025967	0.7121556
9306	-1920.773	-2110.71	189.9363	2.066956	0.7497732
9312	-1905.02	-2094.718	189.6977	2.399197	0.4809591
9318	-1912.16	-2102.06	189.8998	2.172083	0.6221368
9324	-1906.473	-2096.371	189.8976	1.976667	0.9124088
9330	-1934.711	-2124.581	189.8698	1.931353	0.9895291
9336	-1928.909	-2118.924	190.0148	1.819005	0.9559954
9342	-1923.781	-2113.773	189.9921	2.037434	0.7078979
9348	-1922.164	-2112.01	189.8458	2.214746	0.648856
9354	-1921.478	-2111.486	190.0079	2.0264	0.699749
9360	-1919.384	-2109.279	189.8947	2.175374	0.6267074
9366	-1913.85	-2103.693	189.8433	2.238756	0.5934719
9372	-1918.009	-2107.897	189.8878	2.134332	0.7202349
9378	-1912.701	-2102.595	189.894	2.128167	0.7202349
9384	-1911.156	-2101.055	189.8995	1.876944	1.014287
9390	-1911.666	-2101.576	189.9102	1.906615	0.9736122
9396	-1917.113	-2107.05	189.9369	1.938072	0.9116266
9402	-1908.745	-2098.617	189.8721	2.141567	0.7338436
9408	-1912.473	-2102.387	189.9137	2.104328	0.7268582
9414	-1915.042	-2104.718	189.6755	1.563408	1.467847
9420	-1915.063	-2104.988	189.9259	2.018498	0.8300868
9426	-1909.554	-2099.559	190.0052	1.939231	0.8300868
9432	-1911.961	-2101.545	189.5836	1.691542	1.440217
9438	-1915.92	-2105.565	189.6445	1.629357	1.441219
9444	-1911.599	-2101.396	189.7973	1.884904	1.103529
9450	-1906.626	-2096.47	189.8449	1.821829	1.117636
9456	-1895.938	-2085.869	189.9307	1.736001	1.117636
9462	-1911.075	-2101.096	190.0206	1.948065	0.7986473
9468	-1920.192	-2109.945	189.7526	1.948065	1.086542
9474	-1905.305	-2095.229	189.9239	1.738858	1.121251
9480	-1903.917	-2093.686	189.7696	1.80789	1.196249
9486	-1911.557	-2101.32	189.7628	1.771114	1.233265
9492	-1906.944	-2096.734	189.79	1.743938	1.233265
9498	-1897.395	-2087.316	189.9212	1.622783	1.224801
9504	-1907.753	-2097.513	189.7598	1.755474	1.248884
9510	-1904.028	-2093.829	189.8005	1.714736	1.248884
9516	-1902.382	-2092.254	189.8717	2.153584	0.7150137
9522	-1915.613	-2105.469	189.856	2.231512	0.5745464
9528	-1903.142	-2092.991	189.8486	2.231512	0.5996128
9534	-1912.141	-2102.061	189.9203	2.084421	0.7475
9540	-1919.325	-2109.197	189.8717	2.102942	0.7905616
9546	-1918.339	-2108.396	190.0567	1.894057	0.8220682
9552	-1915.584	-2105.598	190.0132	1.975599	0.7708154
9558	-1918.891	-2108.821	189.9303	1.975599	0.8765382
9564	-1917.082	-2106.935	189.8535	2.193029	0.6773579
9570	-1919.725	-2109.7	189.9753	2.082023	0.6558229
9576	-1916.934	-2106.793	189.8588	2.23845	0.5145264
9582	-1914.379	-2104.171	189.7918	2.301279	0.4538322
9588	-1906.494	-2096.337	189.8429	2.252339	0.4659579
9594	-1901.98	-2091.798	189.8178	2.23299	0.6689878
9600	-1902.725	-2092.62	189.8943	2.097939	0.7659133
9606	-1926.434	-2116.353	189.9187	2.128528	0.6760693
9612	-1915.259	-2105.066	189.8073	2.276874	0.586537
9618	-1917.154	-2107.173	190.0189	2.056384	0.6133394
9624	-1917.093	-2107	189.9073	2.011234	0.8617548
9630	-1911.329	-2101.32	189.9916	1.929351	0.8588263
9636	-1925.185	-2115.127	189.9415	2.019811	0.8083137
9642	-1918.924	-2108.887	189.9633	1.911279	0.9120797
9648	-1922.354	-2112.296	189.9418	1.784924	1.062195
9654	-1914.999	-2104.936	189.9368	1.790205	1.061893
9660	-1933.66	-2123.004	189.3448	1.70194	1.610167
9666	-1927.246	-2116.815	189.5683	1.465757	1.619384
9672	-1917.283	-2107.053	189.77	1.778874	1.220671
9678	-1920.332	-2110.108	189.7755	1.722124	1.263533
9684	-1918.423	-2107.397	188.9746	1.576852	1.954832
9690	-1922.796	-2112	189.2041	1.63794	1.755829
9696	-1915.576	-2104.679	189.1033	1.725532	1.765062
9702	-1916.041	-2105.158	189.1169	1.664833	1.797784
9708	-1933.634	-2122.914	189.2797	1.436965	1.842667
9714	-1928.612	-2117.587	188.9753	1.532829	1.983833
9720	-1917.193	-2107.013	189.8198	2.245444	0.6382652
9726	-1916.719	-2106.49	189.7705	2.242243	0.7353089
9732	-1910.737	-2100.462	189.7251	2.370523	0.5322285
9738	-1923.627	-2113.453	189.8257	2.247943	0.6176698
9744	-1909.594	-2098.278	188.6836	1.393558	2.265799
9750	-1918.766	-2108.227	189.4611	1.546277	1.638641
9756	-1917.204	-2106.77	189.566	1.643491	1.490046
9762	-1899.069	-2088.879	189.8096	1.734683	1.224488
9768	-1911.324	-2101.223	189.8988	1.934078	0.9569117
9774	-1915.964	-2105.831	189.8675	2.101614	0.7979735
9780	-1912.275	-2102.207	189.9315	1.949066	0.9054156
9786	-1904.387	-2094.32	189.9332	1.993671	0.8517109
9792	-1912.184	-2102.021	189.8369	2.013042	0.9389188
9798	-1906.585	-2096.384	189.7991	2.0254	0.9657056
9804	-1900.681	-2090.476	189.7953	2.157062	0.8200249
9810	-1898.084	-2087.984	189.9006	1.995672	0.8876954
9816	-1896.017	-2085.703	189.6857	1.742175	1.320418
9822	-1932.137	-2121.956	189.8194	2.010613	0.9599938
9828	-1923.47	-2113.085	189.6155	1.853616	1.287023
9834	-1906.116	-2096.006	189.8903	1.826547	1.071495
9840	-1899.165	-2088.934	189.7696	1.912261	1.103907
9846	-1904.808	-2094.551	189.7432	1.854503	1.178742
9852	-1904.937	-2094.882	189.9455	1.78846	1.055341
9858	-1903.538	-2093.591	190.0526	1.933917	0.7741269
9864	-1917.177	-2107.103	189.926	2.060466	0.7741269
9870	-1911.339	-2101.159	189.8206	2.276898	0.5071125
9876	-1914.948	-2104.792	189.8448	2.211753	0.6573148
9882	-1906.028	-2095.901	189.8729	2.20645	0.6018943
9888	-1914.096	-2103.937	189.8411	2.240284	0.5957164
9894	-1932.342	-2122.309	189.9666	1.816661	1.007538
9900	-1914.669	-2104.609	189.94	2.134649	0.614884
9906	-1921.836	-2111.795	189.9587	2.028932	0.7725681
9912	-1928.478	-2118.476	189.9975	2.05256	0.6705347
9918	-1927.38	-2117.298	189.9178	2.132221	0.6705347
9924	-1916.15	-2106.139	189.9884	1.946467	0.841917
9930	-1918.975	-2109.01	190.0349	2.035302	0.6263716
9936	-1915.948	-2105.941	189.9929	1.992086	0.7762581
9942	-1917.282	-2107.076	189.7941	1.761516	1.21496
9948	-1925.096	-2114.931	189.8351	1.769588	1.172734
9954	-1915.534	-2105.436	189.9017	2.18194	0.5882775
9960	-1910.259	-2100.06	189.8009	2.296546	0.4907384
9966	-1916.588	-2106.282	189.694	2.391113	0.4249273
9972	-1912.926	-2102.677	189.7515	2.32633	0.407051
9978	-1918.013	-2107.798	189.7852	2.307689	0.4526208
9984	-1917.509	-2107.367	189.8578	2.214159	0.6219727
9990	-1916.321	-2106.189	189.8674	2.214391	0.5943101
9996	-1916.187	-2106.046	189.8583	2.223508	0.5943101
10002	-1917.732	-2107.678	189.9461	1.962551	0.8734138
10008	-1919.464	-2109.45	189.9863	1.922351	0.8734138
10014	-1928.369	-2118.386	190.0164	1.962259	0.7850479
10020	-1924.069	-2113.834	189.7651	2.281305	0.6775595
10026	-1912.868	-2102.702	189.8334	2.247492	0.5971264
10032	-1911.165	-2101.112	189.9462	2.116259	0.64471
10038	-1911.222	-2101.048	189.8259	2.257922	0.5878427
10044	-1919.225	-2109.122	189.8975	2.127869	0.7149228
10050	-1923.283	-2113.148	189.8652	2.127869	0.7648258
10056	-1919.63	-2109.547	189.9173	2.135998	0.66397
10062	-1914.186	-2103.987	189.8016	1.998511	0.9905986
10068	-1926.01	-2116.016	190.0058	1.880366	0.8991238
10074	-1932.473	-2122.35	189.8766	2.142449	0.7252326
10080	-1925.769	-2115.418	189.6489	2.436855	0.4267669
10086	-1921.745	-2111.339	189.5943	2.471748	0.3846011
10092	-1918.958	-2108.503	189.5455	2.50854	0.3664585
10098	-1918.805	-2108.335	189.5297	2.50854	0.3469024
10104	-1916.029	-2105.582	189.5528	2.487965	0.3497401
10110	-1910.629	-2100.257	189.6272	2.455214	0.4177536
10116	-1915.587	-2105.143	189.5551	2.528021	0.4196207
10122	-1918.305	-2108.073	189.7684	2.329221	0.5014193
10128	-1920.939	-2110.654	189.7155	2.382143	0.5014193
10134	-1921.789	-2110.991	189.2019	1.602818	1.781835
10140	-1920.792	-2110.605	189.8124	2.281587	0.5441802
10146	-1913.729	-2103.637	189.9083	2.175566	0.587727
10152	-1905.924	-2095.795	189.8712	2.075422	0.8272741
10158	-1899.43	-2089.296	189.8657	2.075422	0.8342317
10164	-1895.528	-2085.434	189.9056	1.970318	0.9106323
10170	-1908.922	-2098.613	189.6913	1.7753	1.289064
10176	-1919.458	-2109.192	189.7344	1.719297	1.299561
10182	-1914.116	-2104.009	189.8934	1.868832	1.028202
10188	-1922.032	-2111.697	189.6652	1.684983	1.382091
10194	-1927.549	-2117.422	189.8728	1.577812	1.302031
10200	-1910.593	-2100.236	189.6433	1.720231	1.37164
10206	-1907.955	-2097.684	189.7297	1.678997	1.33583
10212	-1912.736	-2102.426	189.6904	1.71827	1.33583
10218	-1905.738	-2095.006	189.2677	1.71827	1.654016
10224	-1908.682	-2097.423	188.7408	1.511698	2.152437
10230	-1910.385	-2099.806	189.421	1.549048	1.665366
10236	-1928.794	-2118.396	189.6018	1.613803	1.485461
10242	-1919.983	-2109.962	189.9796	1.899684	0.9069123
10248	-1912.972	-2102.754	189.7812	1.908133	1.097046
10254	-1912.605	-2102.417	189.8115	2.280608	0.5545047
10260	-1913.964	-2103.932	189.9673	2.107681	0.6141199
10266	-1907.148	-2097.002	189.8537	2.234754	0.5707167
10272	-1908.892	-2098.82	189.9274	2.088466	0.7303595
10278	-1907.121	-2096.965	189.8435	2.116312	0.8103638
10284	-1911.132	-2101.049	189.917	2.103939	0.7221657
10290	-1900.456	-2090.36	189.9039	2.118753	0.7194199
10296	-1911.732	-2101.553	189.8207	2.253013	0.6174325
10302	-1918.218	-2108.259	190.0415	1.94483	0.7743237
10308	-1927.474	-2117.422	189.9485	1.840254	1.002075
10314	-1912.327	-2102.258	189.9314	2.12296	0.661906
10320	-1903.732	-2093.629	189.8972	2.05887	0.8152117
10326	-1897.164	-2087.176	190.0123	1.920963	0.843892
10332	-1904.881	-2094.149	189.2674	1.46679	1.830608
10338	-1921.183	-2110.274	189.0909	1.545669	1.897308
10344	-1907.521	-2097.269	189.7482	1.575752	1.402535
10350	-1907.797	-2097.133	189.3361	1.504063	1.757186
10356	-1912.62	-2102.155	189.5354	1.559959	1.574783
10362	-1922.289	-2111.801	189.512	1.580112	1.577137
10368	-1917.411	-2107.223	189.8114	1.719366	1.235903
10374	-1910.224	-2100.137	189.9128	2.089982	0.7505163
10380	-1914.041	-2103.941	189.9002	2.119168	0.7247544
10386	-1924.659	-2114.678	190.0186	1.916811	0.8412628
10392	-1914.735	-2104.548	189.8132	1.849641	1.121109
10398	-1923.446	-2113.498	190.0523	1.962619	0.7318552
10404	-1917.671	-2107.559	189.8883	2.147077	0.6978081
10410	-1916.248	-2105.694	189.4454	1.513103	1.673649
10416	-1924.905	-2114.304	189.3991	1.771106	1.519471
10422	-1924.137	-2114.084	189.9464	1.937911	0.9012746
10428	-1923.719	-2113.74	190.0209	2.007786	0.7094059
10434	-1900.712	-2090.432	189.7199	1.601452	1.404587
10440	-1904.456	-2094.361	189.9048	1.779081	1.102064
10446	-1901.507	-2091.494	189.9866	2.014935	0.7523265
10452	-1903.727	-2093.741	190.014	1.983527	0.7582761
10458	-1912.256	-2102.095	189.8394	2.20311	0.6847971
10464	-1910.209	-2100.051	189.842	2.200059	0.6856966
10470	-1908.457	-2098.236	189.7786	2.317212	0.530894
10476	-1914.491	-2104.328	189.8379	2.258598	0.5242345
10482	-1913.185	-2102.75	189.5652	2.517924	0.4196703
10488	-1923.872	-2113.274	189.4016	2.607282	0.317869
10494	-1926.767	-2116.141	189.3737	2.607282	0.2957373
10500	-1912.787	-2102.202	189.415	2.591819	0.3160028
10506	-1913.595	-2103.026	189.4318	2.545343	0.2929394
10512	-1912.052	-2101.853	189.8016	2.295099	0.5219621
10518	-1910.464	-2100.322	189.8578	2.238375	0.5272384
10524	-1908.422	-2097.699	189.2768	2.735305	0.3207072
10530	-1909.626	-2099.285	189.659	2.437328	0.4752166
10536	-1909.57	-2099.306	189.7366	2.345783	0.4175524
10542	-1897.699	-2087.273	189.574	2.49356	0.3872409
10548	-1914.25	-2103.993	189.7421	2.32552	0.3872409
10554	-1912.411	-2102.198	189.7877	2.305277	0.5498428
10560	-1915.717	-2105.483	189.7652	2.331856	0.5176663
10566	-1912.112	-2101.876	189.7642	2.333246	0.4916553
10572	-1911.361	-2101.133	189.7725	2.324377	0.5203232
10578	-1923.727	-2113.559	189.8317	2.261753	0.4553969
10584	-1918.851	-2108.611	189.7598	2.337449	0.5141747
10590	-1916.406	-2106.197	189.791	2.299336	0.5628807
10596	-1909.602	-2099.428	189.826	2.264319	0.5631612
10602	-1919.437	-2109.42	189.9833	2.066633	0.6707863
10608	-1918.723	-2108.697	189.974	2.074769	0.6729236
10614	-1916.801	-2106.722	189.9214	2.134924	0.6578869
10620	-1933.932	-2123.639	189.7067	1.753981	1.293896
10626	-1925.49	-2115.22	189.7302	1.788006	1.246391
10632	-1916.682	-2106.606	189.9237	1.838396	1.028323
10638	-1920.285	-2110.23	189.9451	1.89153	0.9530116
10644	-1910.393	-2100.395	190.0019	1.966991	0.7983259
10650	-1918.457	-2108.37	189.9129	2.097903	0.7382226
10656	-1897.281	-2087.277	189.9965	1.986606	0.7789253
10662	-1911.498	-2101.442	189.944	1.830938	1.015725
10668	-1909.132	-2099.077	189.9449	1.926992	0.9150253
10674	-1905.339	-2095.076	189.7369	1.775606	1.25121
10680	-1906.475	-2096.175	189.7	1.811044	1.252361
10686	-1904.507	-2094.5	189.9929	1.855849	0.9402011
10692	-1903.34	-2093.315	189.9746	1.874114	0.9402011
10698	-1893.732	-2083.713	189.9807	2.012964	0.7638465
10704	-1897.204	-2087.149	189.9456	2.13759	0.58979
10710	-1904.43	-2094.321	189.8906	1.904491	0.9956797
10716	-1901.727	-2091.735	190.0079	1.911378	0.8607621
10722	-1907.024	-2096.945	189.9212	1.753604	1.110339
10728	-1914.623	-2104.262	189.6383	1.756771	1.346677
10734	-1903.895	-2093.586	189.6919	1.646742	1.391147
10740	-1914.622	-2104.076	189.4545	1.63977	1.575556
10746	-1904.894	-2094.475	189.5811	1.610194	1.503689
10752	-1907.409	-2097.195	189.7862	1.67846	1.290615
10758	-1916.155	-2105.633	189.4773	1.671533	1.535334
10764	-1909.538	-2098.639	189.1016	1.543446	1.891586
10770	-1922.567	-2111.717	189.1499	1.414297	1.94624
10776	-1922.99	-2111.833	188.8438	1.453712	2.123065
10782	-1902.153	-2092.182	190.0289	1.748004	1.013777
10788	-1912.078	-2101.936	189.858	1.907025	1.025427
10794	-1911.065	-2101.035	189.9702	1.79487	1.025427
10800	-1913.997	-2103.831	189.8334	2.086386	0.860214
10806	-1910.406	-2100.171	189.7654	1.926159	1.095019
10812	-1908.979	-2098.915	189.9355	1.74303	1.106879
10818	-1901.964	-2091.786	189.8213	1.862199	1.102341
10824	-1910.588	-2100.389	189.8005	1.883018	1.102341
10830	-1912.593	-2102.077	189.4839	1.65667	1.541486
10836	-1912.936	-2102.791	189.8544	1.577592	1.317116
10842	-1908.521	-2098.463	189.9427	1.792368	1.054265
10848	-1907.628	-2097.542	189.9137	2.102099	0.7304629
10854	-1916.512	-2106.447	189.9349	1.866968	0.98881
10860	-1916.525	-2106.516	189.9917	1.756026	1.042213
10866	-1916.492	-2106.281	189.7891	1.798161	1.187813
10872	-1914.095	-2103.955	189.8598	1.655838	1.248582
10878	-1909.581	-2099.56	189.9792	1.776192	1.034779
10884	-1908.358	-2097.415	189.0576	1.359964	2.044087
10890	-1907.577	-2097.14	189.5624	1.550406	1.561966
10896	-1907.6	-2097.061	189.4613	1.513438	1.662066
10902	-1908.298	-2097.44	189.1421	1.507679	1.888385
10908	-1910.654	-2099.901	189.2465	1.627016	1.733789
10914	-1907.893	-2097.226	189.3333	1.460094	1.789734
10920	-1901.731	-2091.036	189.3046	1.532098	1.759586
10926	-1914.654	-2104.265	189.611	1.634331	1.462957
10932	-1913.971	-2103.491	189.5196	1.700812	1.481805
10938	-1914.481	-2104.024	189.5428	1.677619	1.481805
10944	-1905.418	-2095.191	189.7732	1.568082	1.389044
10950	-1908.95	-2098.825	189.8751	1.822772	1.089192
10956	-1918.71	-2108.471	189.7614	2.011313	1.017879
10962	-1917.255	-2107.234	189.9786	1.978191	0.8143004
10968	-1928.788	-2118.688	189.8996	1.915368	0.975506
10974	-1907.747	-2097.653	189.9062	1.565552	1.284852
10980	-1909.912	-2099.825	189.913	1.610535	1.241954
10986	-1909.237	-2099.128	189.8909	1.552821	1.307622
10992	-1904.218	-2093.858	189.64	1.612979	1.457175
10998	-1900.434	-2089.618	189.1838	1.571649	1.81597
11004	-1902.113	-2091.394	189.2811	1.552742	1.761607
11010	-1906.261	-2095.107	188.8461	1.282089	2.232945
11016	-1910.268	-2098.555	188.2873	1.303055	2.572671
11022	-1906.934	-2095.919	188.9851	1.478621	2.013487
11028	-1908.687	-2097.857	189.1703	1.482313	1.886434
11034	-1910.934	-2100.638	189.7038	1.389222	1.57646
11040	-1918.176	-2107.128	188.9521	1.340732	2.126119
11046	-1914.482	-2103.477	188.9951	1.481871	2.004651
11052	-1914.921	-2103.88	188.9589	1.518056	2.004651
11058	-1904.385	-2093.315	188.9299	1.435621	2.078428
11064	-1908.767	-2097.751	188.9841	1.415001	2.056265
11070	-1908.332	-2096.229	187.8973	1.253069	2.842581
11076	-1911.158	-2097.696	186.5375	1.129248	3.718704
11082	-1923.244	-2112.875	189.6312	1.647451	1.437494
11088	-1932.924	-2122.852	189.9281	1.676197	1.173034
11094	-1936.463	-2124.617	188.1545	1.430448	2.576043
11100	-1922.6	-2111.234	188.6343	1.49961	2.229288
11106	-1921.795	-2111.044	189.2494	1.724472	1.662643
11112	-1918.212	-2107.732	189.5203	1.633574	1.531616
11118	-1922.885	-2112.46	189.5755	1.69902	1.440661
11124	-1924.037	-2113.764	189.7271	1.802114	1.237245
11130	-1913.656	-2103.515	189.8595	1.917519	1.013652
11136	-1922.235	-2112.008	189.7738	2.00208	1.014795
11142	-1922.232	-2112.104	189.8717	1.964547	0.953398
11148	-1925.861	-2115.676	189.8152	2.121412	0.8397381
11154	-1924.751	-2114.462	189.7118	1.667902	1.358885
11160	-1925.94	-2115.823	189.8832	1.580679	1.291228
11166	-1902.444	-2092.041	189.5969	1.49117	1.58008
11172	-1915.755	-2105.608	189.8526	1.652944	1.256959
11178	-1921.298	-2110.924	189.626	1.652944	1.437342
11184	-1921.924	-2111.442	189.5187	1.601879	1.556208
11190	-1925.389	-2115.251	189.8612	1.854931	1.072167
11196	-1919.287	-2109.157	189.8698	2.132725	0.7509031
11202	-1925.674	-2115.415	189.7414	2.355462	0.5201976
11208	-1926.69	-2116.542	189.8522	2.224343	0.6099699
11214	-1914.226	-2104.241	190.0146	2.063565	0.6052657
11220	-1904.035	-2093.903	189.8676	2.204789	0.6208472
11226	-1909.628	-2099.556	189.928	2.135204	0.6428963
11232	-1910.621	-2100.508	189.8872	2.135204	0.7197627
11238	-1908.786	-2098.789	190.0034	2.037404	0.68801
11244	-1911.633	-2101.459	189.826	2.251082	0.6083756
11250	-1905.812	-2095.8	189.9876	2.064356	0.6666444
11256	-1907.509	-2097.429	189.9207	2.131318	0.6666444
11262	-1922.303	-2112.232	189.929	2.022878	0.8206081
11268	-1913.3	-2103.152	189.8516	2.139846	0.7671088
11274	-1905.913	-2095.796	189.8824	2.03532	0.8626614
11280	-1930.733	-2120.722	189.9887	1.974937	0.8053697
11286	-1917.402	-2107.343	189.941	1.840196	1.009583
11292	-1913.517	-2103.186	189.6682	1.85759	1.240098
11298	-1930.963	-2120.748	189.7851	1.853513	1.14285
11304	-1914.755	-2104.457	189.7024	1.650452	1.380001
11310	-1915.683	-2105.302	189.6196	1.577671	1.499268
11316	-1915.033	-2104.219	189.1858	1.50625	1.859544
11322	-1917.133	-2107.112	189.9787	2.02097	0.7550464
11328	-1920.969	-2110.907	189.9385	1.95066	0.8957428
11334	-1911.414	-2101.398	189.9837	1.882901	0.9208378
11340	-1916.54	-2106.555	190.0148	1.983872	0.7565687
11346	-1910.768	-2100.738	189.9699	2.045435	0.7311127
11352	-1905.402	-2095.379	189.9765	1.87178	0.9406304
11358	-1916.113	-2106.073	189.9603	1.863095	0.9667839
11364	-1914.294	-2104.21	189.9162	1.904006	0.9701517
11370	-1916.214	-2106.074	189.8602	1.762485	1.156975
11376	-1921.571	-2111.422	189.8512	1.734042	1.189572
11382	-1920.61	-2110.518	189.9082	1.92964	0.9517097
11388	-1914.957	-2104.979	190.0221	1.802836	0.9652377
11394	-1910.893	-2100.711	189.8181	2.118657	0.8395774
11400	-1905.765	-2095.761	189.9959	2.014939	0.738164
11406	-1909.59	-2099.635	190.0454	1.959562	0.7472135
11412	-1911.513	-2101.416	189.9033	2.154927	0.6537761
11418	-1923.075	-2112.987	189.9117	2.146496	0.6537761
11424	-1913.727	-2103.584	189.8572	2.146496	0.7490673
11430	-1912.278	-2102.222	189.9435	2.023982	0.8001452
11436	-1906.052	-2095.979	189.9274	2.023982	0.8212126
11442	-1913.962	-2103.982	190.02	1.931433	0.8212126
11448	-1921.182	-2111.321	190.1397	1.752829	0.8919089
11454	-1915.665	-2105.444	189.7794	2.041279	0.9695916
11460	-1910.511	-2100.406	189.8957	1.909454	0.985528
11466	-1911.495	-2101.266	189.771	1.817999	1.186344
11472	-1907.958	-2097.779	189.8205	1.642864	1.291716
11478	-1909.421	-2099.069	189.6478	1.815507	1.291716
11484	-1908.745	-2098.076	189.3307	1.562869	1.719695
11490	-1905.702	-2095.38	189.6783	1.699812	1.360097
11496	-1909.767	-2099.422	189.6551	1.834744	1.269938
11502	-1910.806	-2100.522	189.7165	1.773337	1.269938
11508	-1908.283	-2098.132	189.8484	1.770564	1.160224
11514	-1908.573	-2098.45	189.8775	1.735884	1.165069
11520	-1913.41	-2103.388	189.9781	1.835244	0.9771696
11526	-1911.844	-2101.822	189.9774	1.85669	0.9557277
11532	-1901.398	-2091.364	189.9659	1.868158	0.9557277
11538	-1896.669	-2086.725	190.0556	1.794372	0.9388342
11544	-1897.626	-2087.555	189.9298	1.751348	1.104536
11550	-1905.83	-2095.352	189.5225	1.505632	1.623685
11556	-1909.01	-2097.861	188.8513	1.409567	2.147011
11562	-1900.116	-2089.429	189.3123	1.532913	1.753624
11568	-1908.847	-2097.769	188.9219	1.365091	2.129942
11574	-1914.834	-2103.669	188.8351	1.451942	2.129942
11580	-1917.948	-2106.829	188.8814	1.405582	2.129942
11586	-1924.242	-2113.449	189.2068	1.454115	1.880796
11592	-1904.562	-2094.437	189.8751	2.210862	0.580439
11598	-1905.881	-2095.764	189.883	2.151568	0.6992768
11604	-1910.51	-2100.519	190.0085	2.03951	0.6744107
11610	-1902.044	-2091.99	189.9461	1.912336	0.9297917
11616	-1900.378	-2090.306	189.9275	1.796452	1.064836
11622	-1898.673	-2088.52	189.8466	1.825887	1.112376
11628	-1909.515	-2099.302	189.787	1.646603	1.315828
11634	-1908.322	-2098.092	189.7701	1.760301	1.236201
11640	-1904.702	-2094.481	189.7789	1.784624	1.208211
11646	-1908.074	-2097.871	189.7975	1.712252	1.253481
11652	-1901.84	-2091.846	190.0053	1.765623	1.0197
11658	-1906.914	-2096.605	189.6906	1.684071	1.362865
11664	-1900.2	-2090.044	189.8441	1.834244	1.107122
11670	-1914.155	-2103.908	189.7532	1.722716	1.281437
11676	-1911.155	-2100.978	189.8223	1.653612	1.281437
11682	-1907.389	-2097.146	189.7573	1.879989	1.143987
11688	-1902.985	-2092.957	189.9714	2.014263	0.7752829
11694	-1905.303	-2095.348	190.0449	1.940771	0.7752829
11700	-1911.402	-2101.425	190.0238	1.981889	0.7461476
11706	-1909.182	-2098.92	189.7377	1.765688	1.258767
11712	-1927.712	-2116.737	189.0248	1.420844	2.025502
11718	-1928.83	-2116.947	188.1169	1.279811	2.692228
11724	-1925.974	-2114.564	188.5894	1.34803	2.354919
11730	-1934.925	-2123.396	188.4711	1.219072	2.510552
11736	-1918.42	-2106.603	188.1839	1.252029	2.668112
11742	-1909.665	-2098.26	188.5947	1.339227	2.357173
11748	-1907.931	-2097.244	189.3133	1.429704	1.824539
11754	-1911.42	-2101.248	189.8275	1.693513	1.244067
11760	-1912.31	-2102.046	189.7361	1.904976	1.140622
11766	-1909.877	-2099.772	189.8944	2.045195	0.8360217
11772	-1912.504	-2102.451	189.9464	1.887557	0.9558564
11778	-1923.956	-2113.877	189.9205	1.887557	0.9825271
11784	-1925.715	-2115.01	189.2951	1.497092	1.790546
11790	-1927.858	-2117.798	189.9409	2.132572	0.6182173
11796	-1924.769	-2114.558	189.7888	2.306962	0.4698737
11802	-1916.386	-2106.243	189.8571	2.238816	0.4710412
11808	-1921.443	-2111.297	189.8541	2.231161	0.5828143
11814	-1913.784	-2103.662	189.8781	2.219178	0.5143678
11820	-1915.422	-2103.876	188.4541	1.460034	2.369686
11826	-1918.986	-2107.197	188.211	1.446081	2.531197
11832	-1906.62	-2096.273	189.6535	2.433607	0.4310486
11838	-1912.968	-2102.644	189.6757	2.411438	0.4310486
11844	-1919.611	-2108.44	188.8296	1.447644	2.136311
11850	-1925.389	-2114.452	189.0632	1.478669	1.961216
11856	-1921.266	-2110.269	189.0035	1.57471	1.936817
11862	-1926.588	-2115.871	189.2826	1.623932	1.710518
11868	-1923.184	-2112.583	189.3983	1.589213	1.652869
11874	-1920.623	-2110.5	189.877	2.078556	0.8158786
11880	-1926.417	-2115.927	189.5103	1.693809	1.494072
11886	-1925.334	-2115.174	189.8401	1.747191	1.187791
11892	-1935.143	-2124.716	189.5728	1.587637	1.526777
11898	-1918.01	-2107.519	189.5087	1.731952	1.466544
11904	-1912.495	-2101.907	189.4128	1.565078	1.659801
11910	-1903.833	-2093.065	189.2315	1.57446	1.781027
11916	-1903.116	-2092.524	189.4081	1.729607	1.543609
11922	-1907.062	-2096.652	189.5901	1.624529	1.486209
11928	-1908.336	-2098.07	189.7335	1.624529	1.375944
11934	-1906.292	-2095.341	189.0497	1.541925	1.927785
11940	-1908.638	-2097.946	189.3072	1.639982	1.681709
11946	-1919.467	-2109.186	189.7189	1.666863	1.354097
11952	-1916.456	-2106.169	189.7124	1.812195	1.241057
11958	-1904.674	-2094.313	189.6389	1.73077	1.366818
11964	-1917.83	-2106.841	189.0116	1.529922	1.961487
11970	-1920.276	-2109.804	189.5283	1.5886	1.558943
11976	-1922.856	-2112.403	189.5466	1.700942	1.461247
11982	-1911.138	-2100.981	189.8431	2.007555	0.9381478
11988	-1908.918	-2098.767	189.8483	1.999225	0.9414503
11994	-1915.956	-2105.293	189.3369	1.602913	1.686914
12000	-1914.661	-2104.039	189.3779	1.561945	1.686914
12006	-1917.681	-2106.9	189.219	1.546984	1.808684
12012	-1916.208	-2105.246	189.0381	1.418762	2.018042
12018	-1908.95	-2097.641	188.6912	1.490545	2.198382
12024	-1920.023	-2108.763	188.7402	1.610405	2.08825
12030	-1934.215	-2123.829	189.6138	1.931361	1.223822
12036	-1927.539	-2117.063	189.5235	1.828396	1.380741
12042	-1925.019	-2114.566	189.5471	1.710274	1.453761
12048	-1919.63	-2109.493	189.8633	1.685497	1.220673
12054	-1912.155	-2102.099	189.944	1.895713	0.9497514
12060	-1907.743	-2097.589	189.8464	2.075883	0.8572016
12066	-1912.954	-2102.865	189.911	2.12785	0.6916096
12072	-1911.935	-2101.841	189.9061	1.97414	0.9058339
12078	-1917.786	-2107.656	189.8697	1.960871	0.9593347
12084	-1911.492	-2101.181	189.6894	1.947116	1.144725
12090	-1911.222	-2101.179	189.9569	1.705962	1.121101
12096	-1917.589	-2107.064	189.4749	1.568455	1.612683
12102	-1917.246	-2106.661	189.4143	1.461708	1.732039
12108	-1923.638	-2113.005	189.3671	1.522268	1.722646
12114	-1911.447	-2100.212	188.7653	1.304475	2.270482
12120	-1907.481	-2096.239	188.7584	1.286457	2.286439
12126	-1907.336	-2095.929	188.5927	1.364258	2.342557
12132	-1914.094	-2102.059	187.9652	1.305296	2.76947
12138	-1916.27	-2104.709	188.4391	1.357553	2.443845
12144	-1910.701	-2100.16	189.4588	1.452355	1.707224
12150	-1904.812	-2093.823	189.0109	1.476587	1.997657
12156	-1914.242	-2103.709	189.4666	1.45093	1.702719
12162	-1910.287	-2099.97	189.6837	1.758521	1.308889
12168	-1911.968	-2101.764	189.7963	1.94737	1.046106
12174	-1905.739	-2095.719	189.9798	1.763826	1.046106
12180	-1907.134	-2096.805	189.6704	1.750924	1.32571
12186	-1916.777	-2106.584	189.807	1.794082	1.17584
12192	-1909.869	-2099.842	189.9725	1.819518	0.9987359
12198	-1923.273	-2113.082	189.8099	1.835694	1.136625
12204	-1915.707	-2105.674	189.9671	1.839369	0.9841458
12210	-1902.933	-2092.853	189.9201	1.908474	0.9614654
12216	-1914.762	-2104.728	189.9663	1.785623	1.038153
12222	-1910.954	-2100.779	189.8252	2.131958	0.8137806
12228	-1907.683	-2097.55	189.8667	2.193354	0.6498678
12234	-1913.381	-2103.115	189.7336	1.975891	1.078349
12240	-1911.773	-2101.688	189.9147	2.008583	0.8560635
12246	-1918.723	-2108.611	189.8879	2.136922	0.7158064
12252	-1928.352	-2118.114	189.7623	2.274129	0.6959469
12258	-1906.72	-2096.49	189.7692	2.325802	0.5372326
12264	-1918.199	-2108.178	189.9795	2.017157	0.7595345
12270	-1911.109	-2100.938	189.8292	2.247258	0.6101648
12276	-1915.7	-2105.501	189.801	2.270933	0.6221986
12282	-1914.18	-2104.054	189.874	2.202819	0.6090108
12288	-1913.734	-2103.587	189.8534	2.204278	0.655062
12294	-1915.653	-2105.616	189.9629	2.131293	0.5424359
12300	-1911.131	-2100.914	189.7828	2.314043	0.4800047
12306	-1912.752	-2102.532	189.7797	2.314043	0.457368
12312	-1919.604	-2109.195	189.5907	2.469294	0.3750092
12318	-1905.1	-2094.625	189.5246	2.504636	0.337102
12324	-1912.319	-2101.898	189.5785	2.504636	0.41963
12330	-1911.573	-2101.37	189.7972	2.275877	0.6191881
12336	-1913.228	-2103.033	189.8049	2.272505	0.6073031
12342	-1913.803	-2103.573	189.7699	2.32314	0.5497069
12348	-1915.821	-2105.578	189.7576	2.3389	0.4767519
12354	-1909.156	-2098.92	189.7634	2.334205	0.5000961
12360	-1916.403	-2106.166	189.7634	2.334205	0.5000961
12366	-1915.857	-2105.662	189.8052	2.292388	0.5016429
12372	-1914.713	-2104.521	189.808	2.289479	0.4918943
12378	-1910.582	-2100.293	189.711	2.385544	0.4773893
12384	-1919.549	-2109.382	189.8331	1.840693	1.111223
12390	-1923.205	-2113.053	189.8482	1.863634	1.076212
12396	-1925.455	-2115.449	189.9936	1.694791	1.097911
12402	-1925.032	-2114.785	189.7532	2.329189	0.4176028
12408	-1912.708	-2102.587	189.8792	2.21804	0.5146748
12414	-1912.417	-2102.342	189.9249	2.149855	0.6146448
12420	-1920.78	-2109.907	189.1272	1.480647	1.916765
12426	-1915.989	-2105.098	189.1082	1.499674	1.916765
12432	-1913.719	-2102.79	189.0719	1.535986	1.916765
12438	-1913.784	-2103.034	189.2496	1.657945	1.709838
12444	-1908.423	-2098.316	189.8931	2.045073	0.8378258
12450	-1900.084	-2090.001	189.9176	2.01731	0.8418276
12456	-1909.727	-2099.629	189.9019	1.901481	0.9873545
12462	-1908.591	-2098.467	189.8766	1.824694	1.086017
12468	-1907.271	-2096.986	189.7158	1.85851	1.199001
12474	-1901.685	-2091.6	189.9147	1.934156	0.9400922
12480	-1913.558	-2103.433	189.8756	1.982717	0.9299024
12486	-1912.287	-2102.209	189.9226	1.982342	0.8777055
12492	-1915.481	-2105.354	189.8732	1.950581	0.9663927
12498	-1920.61	-2110.595	189.9845	1.826101	0.9799827
12504	-1915.618	-2105.441	189.8231	2.043437	0.9210006
12510	-1913.398	-2103.311	189.9127	2.025493	0.8378661
12516	-1917.525	-2107.322	189.7966	1.984139	1.010005
12522	-1922.545	-2112.235	189.6895	1.929049	1.160562
12528	-1907.378	-2097.166	189.7886	1.871885	1.12323
12534	-1904.668	-2094.564	189.8953	1.87189	1.02333
12540	-1909.534	-2099.286	189.7519	2.054765	0.9840241
12546	-1902.842	-2092.629	189.7868	2.143811	0.8471007
12552	-1914.452	-2104.427	189.9757	2.053388	0.7085871
12558	-1916.989	-2106.756	189.7676	2.044621	0.9783091
12564	-1918.556	-2108.453	189.8974	2.123486	0.722346
12570	-1904.932	-2094.784	189.8523	2.094585	0.8269675
12576	-1899.279	-2089.196	189.9173	2.085244	0.7507823
12582	-1897.35	-2087.298	189.9479	2.099237	0.6761886
12588	-1898.775	-2088.685	189.9095	2.183314	0.5506781
12594	-1903.842	-2093.668	189.8257	2.265795	0.5573973
12600	-1899.855	-2089.842	189.9874	2.068127	0.6594629
12606	-1903.215	-2093.124	189.9085	2.072204	0.7822772
12612	-1893.026	-2083.043	190.0164	1.991681	0.74243
12618	-1882.979	-2072.915	189.9361	2.122591	0.6527677
12624	-1899.283	-2089.103	189.8195	2.061497	0.9049381
12630	-1913.642	-2103.504	189.862	1.826847	1.097495
12636	-1914.709	-2104.462	189.753	1.853206	1.171366
12642	-1913.05	-2102.83	189.7793	1.706586	1.273229
12648	-1918.655	-2108.7	190.045	1.678894	1.064894
12654	-1909.86	-2099.803	189.9431	1.922604	0.9218941
12660	-1922.516	-2112.234	189.7183	1.708868	1.321
12666	-1917.483	-2107.139	189.6561	1.722102	1.360088
12672	-1909.32	-2099.22	189.9006	1.814309	1.073335
12678	-1913.986	-2103.73	189.7433	1.801134	1.22436
12684	-1906.652	-2096.533	189.8803	1.941115	0.9688267
12690	-1913.701	-2103.663	189.9623	2.019101	0.7812211
12696	-1912.393	-2102.423	190.03	2.019101	0.672457
12702	-1906.214	-2096.206	189.9915	2.09589	0.5750338
12708	-1915.025	-2104.944	189.9192	2.141351	0.6488196
12714	-1913.656	-2103.607	189.9506	2.064632	0.731402
12720	-1918.612	-2108.478	189.8658	2.207042	0.6198668
12726	-1910.988	-2100.888	189.9007	2.151086	0.6670757
12732	-1912.065	-2102.015	189.9506	2.10117	0.6670757
12738	-1914.842	-2104.779	189.9372	2.053364	0.7683531
12744	-1923.1	-2113.07	189.9695	2.037756	0.74364
12750	-1917.568	-2107.559	189.9911	2.056568	0.675061
12756	-1910.486	-2100.478	189.9926	2.043349	0.6968084
12762	-1908.635	-2098.658	190.0223	2.054485	0.609206
12768	-1926.462	-2116.38	189.9177	2.176202	0.5446722
12774	-1917.264	-2107.265	190.0019	2.047476	0.6718501
12780	-1910.516	-2100.366	189.8503	1.755478	1.171731
12786	-1913.671	-2103.249	189.5782	1.72431	1.419184
12792	-1921.962	-2111.51	189.5482	1.751332	1.421508
12798	-1916.637	-2106.442	189.8049	1.85136	1.127112
12804	-1902.45	-2092.404	189.9543	1.924803	0.907035
12810	-1891.459	-2081.395	189.9352	2.028629	0.8050141
12816	-1905.68	-2095.657	189.9769	1.92805	0.8777185
12822	-1902.587	-2092.491	189.9042	2.1439	0.674339
12828	-1901.212	-2091.102	189.8906	2.187711	0.6047507
12834	-1897.258	-2087.186	189.9282	2.117528	0.6788064
12840	-1894.285	-2084.243	189.9582	2.087539	0.6788064
12846	-1908.804	-2098.766	189.9628	2.082916	0.6788064
12852	-1896.284	-2086.191	189.9071	2.147911	0.6605854
12858	-1901.511	-2091.251	189.7401	2.348535	0.4357556
12864	-1909.13	-2098.911	189.7804	2.314795	0.4656827
12870	-1915.009	-2104.784	189.7749	2.322587	0.4915103
12876	-1917.205	-2106.908	189.7029	2.39313	0.5289711
12882	-1916.188	-2105.963	189.7747	2.322935	0.5044802
12888	-1907.518	-2097.202	189.6838	2.384931	0.3892698
12894	-1900.26	-2090.176	189.9159	2.17045	0.5788304
12900	-1900.529	-2090.384	189.8544	2.231521	0.5803599
12906	-1907.591	-2097.454	189.8635	2.231521	0.5368427
12912	-1900.552	-2090.583	190.0314	1.985854	0.7281419
12918	-1911.636	-2101.736	190.0999	1.901485	0.7525966
12924	-1912.507	-2102.384	189.8764	2.129514	0.7457862
12930	-1914.381	-2104.197	189.8162	2.22556	0.6863324
12936	-1918.336	-2108.257	189.9207	2.121016	0.6863324
12942	-1923.459	-2113.359	189.9005	2.138037	0.6921682
12948	-1921.796	-2111.618	189.8226	2.258297	0.5972094
12954	-1909.33	-2099.055	189.725	2.371106	0.472476
12960	-1903.712	-2093.488	189.7763	2.313007	0.4380695
12966	-1907.009	-2096.793	189.784	2.313007	0.4825662
12972	-1910.989	-2100.762	189.7721	2.323316	0.46732
12978	-1919.225	-2108.975	189.7494	2.345964	0.46732
12984	-1921.527	-2111.373	189.8464	2.251191	0.5051904
12990	-1908.183	-2098.062	189.8789	2.216826	0.5313655
12996	-1916.155	-2105.916	189.7609	2.33482	0.5313655
13002	-1913.066	-2102.934	189.8674	2.230231	0.5039001
13008	-1906.371	-2096.274	189.9034	2.159669	0.6431779
13014	-1907.722	-2097.663	189.9403	2.107732	0.6743433
13020	-1902.505	-2092.446	189.9403	2.107732	0.6743433
13026	-1909.412	-2099.202	189.7893	2.152735	0.8329887
13032	-1910.9	-2100.783	189.8837	2.101883	0.7754614
13038	-1911.648	-2101.576	189.9284	2.027253	0.8157732
13044	-1909.074	-2098.924	189.8499	2.113695	0.805398
13050	-1913.554	-2103.383	189.8289	2.134715	0.805398
13056	-1918.461	-2108.359	189.8982	2.075247	0.7922143
13062	-1916.844	-2106.796	189.952	2.021475	0.7922143
13068	-1911.283	-2101.228	189.9448	2.01342	0.8124351
13074	-1906.185	-2096.177	189.9913	1.915163	0.8759313
13080	-1910.242	-2100.238	189.9953	1.893606	0.8960672
13086	-1928.292	-2118.28	189.9874	1.856067	0.9457544
13092	-1927.252	-2117.343	190.0909	1.969333	0.6493975
13098	-1929.134	-2119.047	189.9129	2.130736	0.6827982
13104	-1916.784	-2106.773	189.9891	1.958857	0.8256107
13110	-1925.569	-2115.526	189.9571	2.00492	0.8074177
13116	-1907.768	-2097.763	189.9957	1.975087	0.7957394
13122	-1916.184	-2106.158	189.9733	1.988513	0.8076944
13128	-1910.656	-2100.5	189.8436	1.949907	0.9972544
13134	-1920.116	-2110.08	189.9633	1.830269	0.9972544
13140	-1909.312	-2099.192	189.8799	1.807135	1.099157
13146	-1912.803	-2102.661	189.8581	1.828948	1.099157
13152	-1905.334	-2095.191	189.8573	1.810683	1.116496
13158	-1906.48	-2096.438	189.9578	1.756998	1.073384
13164	-1906.554	-2096.484	189.9298	1.754176	1.101907
13170	-1914.147	-2103.951	189.8042	1.777714	1.192436
13176	-1908.763	-2098.477	189.7135	1.815817	1.237136
13182	-1911.252	-2101.236	189.9838	1.908087	0.8927185
13188	-1919.766	-2109.663	189.897	2.036867	0.8431469
13194	-1911.879	-2101.719	189.8396	2.086902	0.8521769
13200	-1912.595	-2102.527	189.9312	1.995253	0.8521769
13206	-1907.955	-2097.864	189.9091	2.017408	0.8521769
13212	-1911.396	-2101.123	189.727	2.367253	0.542104
13218	-1919.807	-2109.695	189.8876	2.19675	0.5859469
13224	-1910.085	-2099.959	189.8738	2.203523	0.6075243
13230	-1912.592	-2102.342	189.75	2.342646	0.5518798
13236	-1918.175	-2107.912	189.7371	2.356088	0.4542052
13242	-1906.571	-2096.372	189.8012	2.296207	0.5104288
13248	-1913.835	-2103.528	189.6927	2.403582	0.474671
13254	-1906.661	-2096.362	189.7013	2.395015	0.474671
13260	-1906.961	-2096.864	189.9033	2.193182	0.5248213
13266	-1914.448	-2104.064	189.6161	2.472453	0.4354793
13272	-1912.071	-2101.645	189.5737	2.472453	0.356213
13278	-1919.379	-2108.996	189.6171	2.472453	0.4391854
13284	-1905.859	-2095.598	189.7396	2.357189	0.5203682
13290	-1911.842	-2101.44	189.5979	2.479212	0.405496
13296	-1909.519	-2099.349	189.8305	2.267169	0.5014529
13302	-1900.836	-2090.652	189.8159	2.267169	0.5902749
13308	-1908.452	-2098.329	189.8775	2.138846	0.7295552
13314	-1909.632	-2099.548	189.9158	1.885412	0.9894901
13320	-1904.081	-2093.978	189.897	1.778063	1.110078
13326	-1913.467	-2103.175	189.7083	1.745548	1.299416
13332	-1925.102	-2114.87	189.7686	2.083044	0.9370266
13338	-1929.837	-2119.715	189.8782	2.102627	0.7821084
13344	-1913.232	-2103.025	189.7927	1.854774	1.134981
13350	-1917.249	-2107.17	189.9207	2.065199	0.774937
13356	-1914.224	-2104.158	189.9341	2.051773	0.7749601
13362	-1920.352	-2110.215	189.8628	1.857094	1.068613
13368	-1921.708	-2111.421	189.7129	1.866484	1.194584
13374	-1909.949	-2099.84	189.891	2.009247	0.8831147
13380	-1910.363	-2100.114	189.7506	2.005409	1.034169
13386	-1904.204	-2094.261	190.0572	1.785985	0.9461056
13392	-1912.166	-2102.047	189.8811	2.001323	0.9033974
13398	-1909.474	-2099.389	189.9143	2.15512	0.6282914
13404	-1923.461	-2113.546	190.0843	1.952652	0.694932
13410	-1923.737	-2113.351	189.614	1.513054	1.551465
13416	-1926.911	-2116.745	189.8335	1.877143	1.077255
13422	-1917.433	-2107.497	190.0634	1.792746	0.9322389
13428	-1916.342	-2106.351	190.0091	1.785482	0.9961905
13434	-1919.744	-2109.564	189.8207	1.934334	1.035162
13440	-1915.275	-2105.294	190.019	1.875426	0.8897777
13446	-1921.802	-2111.798	189.996	1.868769	0.9228466
13452	-1928.648	-2118.633	189.9855	2.015328	0.7534166
13458	-1928.201	-2118.046	189.8452	2.251348	0.5238779
13464	-1925.871	-2115.683	189.8121	1.677796	1.269894
13470	-1922.271	-2111.87	189.5983	1.511741	1.564027
13476	-1926.456	-2115.995	189.5385	1.606804	1.538001
13482	-1927.421	-2116.997	189.5759	1.711883	1.430557
13488	-1915.571	-2105.073	189.5022	1.556332	1.601626
13494	-1907.225	-2096.634	189.4085	1.58963	1.645251
13500	-1910.473	-2099.913	189.4401	1.584669	1.626105
13506	-1904.182	-2093.615	189.4331	1.67697	1.563952
13512	-1907.655	-2097.272	189.6167	1.701362	1.407128
13518	-1910.006	-2099.491	189.4846	1.678409	1.524833
13524	-1902.993	-2092.706	189.7139	1.892634	1.17108
13530	-1905.457	-2095.269	189.8117	1.802166	1.164683
13536	-1910.853	-2100.815	189.9621	1.877075	0.9503198
13542	-1906.804	-2096.617	189.8136	1.927642	1.048383
13548	-1899.301	-2089.262	189.9608	1.863344	0.9660791
13554	-1894.178	-2084.11	189.9316	2.019877	0.8211351
13560	-1895.827	-2085.792	189.9649	1.986551	0.8211351
13566	-1897.349	-2087.339	189.9902	1.87216	0.9254586
13572	-1906.335	-2096.245	189.9105	2.065705	0.7884267
13578	-1910.923	-2100.747	189.8234	1.81161	1.14604
13584	-1897.619	-2087.331	189.712	1.796771	1.25428
13590	-1898.712	-2088.567	189.855	1.914616	1.020925
13596	-1911.643	-2101.354	189.7118	1.963543	1.109846
13602	-1917.361	-2106.821	189.4603	1.782812	1.464661
13608	-1913.463	-2102.993	189.5307	1.562787	1.576152
13614	-1908.698	-2098.087	189.3889	1.684055	1.591162
13620	-1907.767	-2096.791	189.0242	1.435188	2.016351
13626	-1912.561	-2101.434	188.8725	1.315285	2.194492
13632	-1923.981	-2113.237	189.2554	1.57813	1.761788
13638	-1910.145	-2099.76	189.6152	1.760116	1.362327
13644	-1904.242	-2094.222	189.9797	1.87988	0.9285036
13650	-1913.447	-2103.274	189.8264	1.83099	1.126049
13656	-1914.351	-2104.218	189.8668	1.710895	1.196089
13662	-1914.821	-2104.501	189.6802	1.880942	1.210233
13668	-1913.277	-2102.671	189.3936	1.755078	1.535446
13674	-1909.408	-2098.878	189.4704	1.625086	1.574662
13680	-1912.605	-2102.45	189.8449	1.72985	1.198631
13686	-1910.482	-2100.205	189.7222	1.745546	1.288127
13692	-1918.873	-2108.424	189.5503	1.679021	1.475058
13698	-1913.811	-2103.425	189.6132	1.616209	1.475058
13704	-1917.84	-2107.157	189.3163	1.64034	1.674956
13710	-1906.721	-2096.586	189.8645	1.765143	1.150802
13716	-1897.172	-2087.103	189.931	1.907717	0.9508573
13722	-1898.201	-2088.118	189.9167	1.966928	0.9019757
13728	-1903.967	-2093.788	189.8206	1.911308	1.057331
13734	-1897.618	-2087.557	189.9382	1.878248	0.9740366
13740	-1899.098	-2089.178	190.0804	1.876182	0.8144869
13746	-1907.871	-2097.616	189.7448	1.84158	1.188608
13752	-1900.006	-2089.582	189.5756	1.691952	1.446033
13758	-1896.808	-2086.466	189.6577	1.812302	1.286283
13764	-1907.187	-2096.886	189.6991	1.759503	1.295586
13770	-1910.878	-2100.51	189.6317	1.783238	1.330842
13776	-1912.349	-2102.246	189.8969	1.638381	1.232111
13782	-1916.177	-2105.727	189.5496	1.726639	1.439362
13788	-1916.689	-2106.412	189.7229	1.754324	1.280372
13794	-1905.174	-2094.965	189.7906	1.615016	1.338277
13800	-1907.224	-2096.936	189.7128	1.662115	1.36268
13806	-1901.002	-2090.991	189.9889	1.844621	0.9562312
13812	-1911.914	-2101.897	189.9829	1.896791	0.9064468
13818	-1904.055	-2093.974	189.9192	2.016806	0.8405072
13824	-1900.074	-2089.979	189.905	2.030998	0.8405072
13830	-1892.929	-2082.847	189.9179	2.072118	0.7691075
13836	-1898.278	-2088.286	190.0082	1.982764	0.7677314
13842	-1890.036	-2079.913	189.877	1.949175	0.9639254
13848	-1904.439	-2094.313	189.8744	2.200765	0.6135536
13854	-1912.675	-2102.509	189.8344	2.25951	0.5442666
13860	-1923.312	-2113.15	189.8374	2.260185	0.5012492
13866	-1920.571	-2110.34	189.7688	2.328586	0.512027
13872	-1925.992	-2115.751	189.7587	2.338171	0.5196167
13878	-1928.277	-2118.057	189.7801	2.316732	0.5205941
13884	-1924.227	-2113.899	189.6727	2.417031	0.4396498
13890	-1917.751	-2107.58	189.8293	2.265281	0.5398207
13896	-1910.015	-2099.819	189.8043	2.265951	0.6263431
13902	-1910.836	-2100.604	189.7679	2.323468	0.4459565
13908	-1917.631	-2107.529	189.8984	2.198812	0.5149632
13914	-1924.31	-2114.101	189.7906	2.306605	0.5149632
13920	-1915.675	-2105.423	189.7471	2.34654	0.4567744
13926	-1916.134	-2105.872	189.738	2.35562	0.4567744
13932	-1914.54	-2104.283	189.7426	2.351084	0.4570084
13938	-1913.136	-2102.867	189.7314	2.366102	0.4919647
13944	-1914.596	-2104.316	189.7205	1.819894	1.227811
13950	-1919.796	-2109.487	189.6909	1.765061	1.297686
13956	-1910.598	-2100.562	189.9641	1.707958	1.112816
13962	-1928.7	-2118.573	189.8732	1.798842	1.112816
13968	-1916.896	-2106.706	189.8101	1.861986	1.112816
13974	-1907.223	-2097.188	189.9656	2.057585	0.7184898
13980	-1909.684	-2099.596	189.9125	2.061831	0.7910151
13986	-1914.491	-2104.3	189.8092	1.935473	1.045112
13992	-1910.618	-2100.474	189.8558	1.901363	1.033038
13998	-1915.441	-2105.443	190.0018	1.891451	0.8911261
14004	-1916.848	-2106.784	189.9359	2.023721	0.8106364
14010	-1917.526	-2107.477	189.9517	1.947666	0.8841777
14016	-1923.763	-2113.671	189.9079	2.028644	0.839806
14022	-1918.759	-2108.68	189.9214	2.000549	0.8575754
14028	-1928.095	-2117.776	189.6804	1.869036	1.22013
14034	-1908.542	-2098.478	189.936	2.079286	0.7312957
14040	-1906.605	-2096.526	189.921	2.036678	0.8130673
14046	-1904.425	-2094.262	189.8366	2.075276	0.8696231
14052	-1904.396	-2094.379	189.9824	1.908231	0.8941585
14058	-1900.219	-2090.299	190.0795	1.811068	0.8941585
14064	-1894.421	-2084.363	189.9418	1.902072	0.945353
14070	-1907.451	-2097.385	189.9334	1.782003	1.07282
14076	-1915.587	-2105.33	189.7426	1.730713	1.283524
14082	-1912.968	-2102.581	189.6124	1.768412	1.357984
14088	-1908.155	-2097.952	189.7971	1.861758	1.124757
14094	-1913.057	-2102.92	189.8636	1.918143	1.008962
14100	-1911.608	-2101.323	189.7153	1.835671	1.218899
14106	-1907.137	-2096.991	189.8543	1.768411	1.156944
14112	-1920.784	-2110.391	189.6068	1.770177	1.360982
14118	-1916.407	-2106.291	189.8846	1.85992	1.045237
14124	-1914.686	-2104.622	189.9358	2.011065	0.8269882
14130	-1909.059	-2099.023	189.9639	1.973538	0.8387396
14136	-1906.305	-2096.171	189.8663	2.116802	0.7789322
14142	-1906.453	-2096.343	189.8898	2.190544	0.5987426
14148	-1909.1	-2099.029	189.9293	2.118875	0.6740767
14154	-1922.857	-2112.843	189.9858	2.062422	0.6740767
14160	-1926.905	-2116.94	190.0347	2.001725	0.696004
14166	-1916.138	-2106.102	189.9638	1.990593	0.8173146
14172	-1914.822	-2104.648	189.8255	2.092179	0.8626738
14178	-1910.985	-2100.813	189.8275	1.977256	0.9859103
14184	-1906.54	-2096.425	189.8853	2.150661	0.6967703
14190	-1920.11	-2110.02	189.9098	2.097807	0.7432409
14196	-1915.129	-2105.005	189.8758	2.093029	0.7984081
14202	-1907.77	-2097.734	189.9642	2.000413	0.8039944
14208	-1915.115	-2105.054	189.9391	1.950172	0.8956421
14214	-1911.795	-2101.734	189.9391	1.950172	0.8956992
14220	-1914.987	-2104.907	189.9201	1.950172	0.916825
14226	-1913.986	-2103.959	189.9728	1.763611	1.052993
14232	-1913.765	-2103.49	189.7251	1.931385	1.126896
14238	-1913.972	-2103.709	189.737	1.945542	1.103287
14244	-1913.532	-2103.405	189.873	1.832764	1.081874
14250	-1911.812	-2101.715	189.9023	1.803415	1.081874
14256	-1907.817	-2097.457	189.6402	2.011314	1.131301
14262	-1918.205	-2108.149	189.9441	1.89286	0.9526625
14268	-1922.274	-2112.185	189.9108	1.91404	0.9653574
14274	-1923.09	-2112.905	189.8151	1.882979	1.088971
14280	-1911.613	-2101.531	189.9184	1.800577	1.069536
14286	-1909.236	-2099.036	189.7996	1.820207	1.159439
14292	-1915.219	-2104.941	189.722	1.689567	1.333501
14298	-1925.589	-2115.341	189.7522	1.802767	1.215454
14304	-1920.106	-2109.91	189.804	1.821206	1.154728
14310	-1914.962	-2104.538	189.576	1.703446	1.436886
14316	-1909.584	-2098.568	188.9836	1.437213	2.04192
14322	-1914.531	-2103.841	189.3099	1.497625	1.779892
14328	-1922.812	-2112.374	189.5619	1.746928	1.414285
14334	-1907.017	-2096.644	189.6275	1.757792	1.354452
14340	-1912.554	-2102.579	190.0253	1.82865	0.9345824
14346	-1912.649	-2102.507	189.8582	1.996753	0.9335046
14352	-1930.727	-2120.652	189.9256	1.948009	0.9131812
14358	-1916.594	-2106.351	189.7571	1.833923	1.184576
14364	-1928.17	-2117.954	189.7839	1.807143	1.184576
14370	-1922.793	-2112.517	189.724	1.649799	1.363526
14376	-1921.174	-2110.916	189.7419	1.654775	1.345419
14382	-1936.207	-2124.539	188.3319	1.249833	2.578027
14388	-1932.09	-2120.928	188.8383	1.371209	2.180366
14394	-1926.265	-2114.796	188.5317	1.341593	2.395564
14400	-1928.106	-2117.047	188.9407	1.479597	2.042296
14406	-1931.499	-2120.885	189.3863	1.573039	1.673053
14412	-1911.471	-2100.811	189.3399	1.55265	1.720396
14418	-1927.581	-2117.036	189.4552	1.47395	1.694512
14424	-1910.933	-2100.685	189.7526	1.798682	1.218624
14430	-1914.165	-2104.171	190.0061	1.67702	1.10269
14436	-1909.831	-2099.875	190.0437	1.607263	1.131788
14442	-1906.653	-2096.396	189.7424	1.673264	1.330203
14448	-1906.665	-2096.546	189.8802	1.673264	1.216714
14454	-1904.446	-2093.826	189.3804	1.526184	1.710467
14460	-1914.695	-2104.427	189.7318	1.861227	1.182845
14466	-1911.186	-2101.154	189.9685	1.886978	0.9328995
14472	-1910.857	-2100.884	190.0272	1.969801	0.7590293
14478	-1918.838	-2108.685	189.8474	2.236076	0.4204298
14484	-1916.55	-2105.684	189.1338	1.437182	1.941668
14490	-1909.804	-2099.842	190.0386	2.038793	0.6075956
14496	-1919.045	-2108.963	189.9183	1.980936	0.8843077
14502	-1909.239	-2099.188	189.9492	2.023819	0.7927441
14508	-1905.734	-2095.701	189.9677	1.972101	0.8357665
14514	-1903.438	-2093.419	189.9805	1.902851	0.9023439
14520	-1914.36	-2104.228	189.8679	1.976995	0.9442694
14526	-1905.888	-2095.9	190.0115	1.976995	0.7712568
14532	-1908.99	-2098.999	190.0092	1.959975	0.797897
14538	-1910.433	-2100.289	189.856	2.121238	0.7870281
14544	-1916.372	-2106.285	189.9126	2.064633	0.7870281
14550	-1925.248	-2114.656	189.4083	1.696237	1.568001
14556	-1931.357	-2121.092	189.7351	1.722122	1.29672
14562	-1918.507	-2108.426	189.9187	2.025266	0.8306495
14568	-1912.956	-2102.865	189.9092	2.160292	0.6282406
14574	-1921.116	-2111.051	189.9352	2.075562	0.7383127
14580	-1906.77	-2096.776	190.0061	2.020228	0.7132799
14586	-1899.874	-2089.991	190.117	1.909339	0.7132799
14592	-1901.144	-2091.151	190.0064	2.019937	0.7132799
14598	-1907.217	-2097.271	190.0536	1.972705	0.7132799
14604	-1922.699	-2112.592	189.8931	2.12386	0.7285525
14610	-1918.434	-2108.378	189.9437	2.12386	0.6328205
14616	-1918.629	-2108.527	189.898	2.127174	0.7152847
14622	-1917.124	-2106.552	189.4279	1.661467	1.57918
14628	-1923.563	-2113.249	189.6866	1.74087	1.320767
14634	-1918.843	-2108.565	189.7222	1.717155	1.311167
14640	-1911.993	-2101.918	189.9243	1.778315	1.084788
14646	-1916.845	-2106.213	189.3687	1.775061	1.53913
14652	-1916.139	-2105.869	189.73	1.617974	1.383829
14658	-1912.633	-2102.46	189.8269	1.678622	1.256959
14664	-1920.511	-2110.342	189.8316	1.754056	1.189178
14670	-1923.65	-2113.301	189.6508	1.735757	1.353402
14676	-1926.999	-2116.782	189.7832	1.687028	1.286047
14682	-1917.423	-2107.178	189.7552	2.341612	0.4796487
14688	-1916.417	-2106.172	189.7552	2.341612	0.4796487
14694	-1918.541	-2108.365	189.8243	2.273334	0.4972758
14700	-1919.271	-2109.294	190.023	2.051243	0.6161634
14706	-1921.588	-2111.475	189.8869	2.069861	0.8143271
14712	-1924.812	-2114.579	189.7663	1.977757	1.045747
14718	-1911.355	-2101.354	189.9982	1.772957	1.019439
14724	-1912.528	-2102.353	189.8245	1.668937	1.267018
14730	-1912.336	-2102.013	189.6774	1.571429	1.460271
14736	-1915.722	-2105.434	189.712	1.536909	1.460271
14742	-1916.458	-2106.397	189.9394	1.80093	1.049299
14748	-1914.109	-2103.823	189.7141	1.686089	1.342581
14754	-1912.236	-2102.045	189.8086	1.876208	1.101149
14760	-1915.755	-2105.416	189.6612	1.788587	1.302723
14766	-1920.438	-2110.202	189.7647	1.673675	1.311968
14772	-1910.791	-2100.427	189.636	1.814953	1.301784
14778	-1909.174	-2099.146	189.972	1.985913	0.8128528
14784	-1908.697	-2098.566	189.8697	1.819792	1.096889
14790	-1912.279	-2102.169	189.8906	1.923573	0.9763638
14796	-1915.932	-2105.793	189.861	2.206588	0.6328933
14802	-1909.846	-2099.778	189.9319	2.010003	0.8331381
14808	-1910.196	-2100.002	189.8064	1.789121	1.180706
14814	-1914.463	-2104.231	189.7678	1.854808	1.156985
14820	-1912.085	-2102.025	189.9405	1.811941	1.037676
14826	-1906.619	-2096.511	189.8921	1.744421	1.144703
14832	-1925.358	-2114.997	189.6382	2.45591	0.5431031
14838	-1923.7	-2113.573	189.873	2.224355	0.5116634
14844	-1923.073	-2112.977	189.9047	2.132133	0.6952291
14850	-1920.767	-2110.611	189.8444	2.205236	0.6713299
14856	-1917.755	-2107.634	189.8793	2.18282	0.6453586
14862	-1912.752	-2102.754	190.0023	1.828535	0.9590374
14868	-1912.598	-2102.519	189.9211	1.924037	0.944019
14874	-1923.924	-2113.764	189.8398	2.000386	0.9492923
14880	-1920.024	-2109.898	189.874	1.990107	0.9235876
14886	-1917.09	-2106.966	189.8756	1.999535	0.9114672
14892	-1912.257	-2102.1	189.843	1.939393	1.00834
14898	-1907.33	-2097.2	189.8705	2.043235	0.8674224
14904	-1913.22	-2103.171	189.9509	2.043235	0.7631716
14910	-1914.771	-2104.686	189.9154	2.009493	0.854064
14916	-1914.5	-2104.365	189.8656	2.173167	0.6917488
14922	-1929.202	-2118.866	189.6644	1.84987	1.249709
14928	-1918.652	-2108.443	189.7915	1.72278	1.249709
14934	-1916.054	-2105.934	189.8801	1.717677	1.178738
14940	-1902.595	-2092.495	189.8998	1.951078	0.9378931
14946	-1904.193	-2094.087	189.8944	1.824971	1.069083
14952	-1908.218	-2098.245	190.0267	1.861084	0.897338
14958	-1908.697	-2098.556	189.8586	1.941867	0.9902356
14964	-1915.752	-2105.729	189.977	1.92857	0.876931
14970	-1915.868	-2105.817	189.9486	1.816019	1.02582
14976	-1906.735	-2096.755	190.0203	1.861275	0.904272
14982	-1911.228	-2101.156	189.9278	2.090227	0.7269614
14988	-1917.552	-2107.48	189.9278	2.090227	0.7269614
14994	-1914.803	-2104.76	189.9574	2.080812	0.6926646
15000	-1918.634	-2108.647	190.0133	2.028383	0.686321
15006	-1911.962	-2101.917	189.955	2.005822	0.8090503
15012	-1914.68	-2104.742	190.0617	1.814157	0.9106702
15018	-1904.848	-2094.762	189.9142	1.823105	1.052136
15024	-1913.096	-2102.957	189.8604	1.738707	1.177549
15030	-1919.649	-2109.426	189.777	1.822119	1.177549
15036	-1916.179	-2106.183	190.0048	1.924364	0.8489555
15042	-1912.683	-2102.623	189.9396	1.962447	0.8810254
15048	-1924.258	-2114.127	189.8694	1.815652	1.100965
15054	-1921.324	-2111.291	189.967	2.070052	0.694877
15060	-1919.069	-2108.982	189.9134	1.91667	0.9599229
15066	-1913.115	-2103.063	189.9485	1.932902	0.9044836
15072	-1917.947	-2107.882	189.9355	2.017171	0.8195976
15078	-1907.7	-2097.653	189.9533	2.017171	0.7961793
15084	-1915.159	-2105.07	189.9105	2.153667	0.6407252
15090	-1919.796	-2109.665	189.8686	2.117623	0.7744943
15096	-1906.312	-2096.243	189.9317	2.054593	0.7744943
15102	-1910.161	-2100.055	189.8937	1.713917	1.17015
15108	-1919.374	-2109.135	189.7611	1.846522	1.17015
15114	-1913.098	-2103.142	190.044	1.763389	0.9832942
15120	-1914.093	-2103.703	189.6098	1.716837	1.400479
15126	-1900.885	-2090.839	189.9546	1.752282	1.080759
15132	-1921.509	-2111.437	189.9282	1.639112	1.204989
15138	-1906.129	-2095.854	189.7248	1.687955	1.332577
15144	-1905.298	-2094.985	189.6865	1.792239	1.279134
15150	-1919.268	-2109.16	189.8924	1.639999	1.234529
15156	-1910.553	-2100.014	189.4609	1.664254	1.552895
15162	-1904.516	-2094.243	189.7273	1.517064	1.463684
15168	-1911.573	-2101.165	189.5922	1.652143	1.463684
15174	-1902.942	-2092.789	189.847	1.858389	1.082232
15180	-1913.006	-2102.946	189.9397	1.92205	0.9261449
15186	-1908.289	-2098.224	189.9346	1.907252	0.9475463
15192	-1910.888	-2100.894	190.0057	1.930638	0.8401071
15198	-1913.683	-2103.634	189.9504	1.963142	0.8675993
15204	-1907.141	-2097.064	189.9225	1.843536	1.024424
15210	-1918.47	-2107.123	188.6533	1.160314	2.433194
15216	-1926.778	-2115.017	188.2385	1.149305	2.697703
15222	-1914.545	-2102.626	188.0811	1.306703	2.697703
15228	-1918.615	-2106.811	188.1951	1.192659	2.697703
15234	-1920.384	-2109.214	188.8303	1.24626	2.266136
15240	-1910.631	-2098.707	188.0763	1.38092	2.655033
15246	-1923.065	-2111.852	188.7876	1.393604	2.198711
15252	-1918.997	-2108.201	189.2043	1.410813	1.911893
15258	-1920.603	-2109.917	189.3138	1.398172	1.845912
15264	-1932.363	-2121.042	188.6788	1.336431	2.305381
15270	-1919.997	-2108.612	188.6153	1.280104	2.381568
15276	-1927.748	-2117.109	189.3616	1.398975	1.812447
15282	-1909.007	-2098.429	189.422	1.485774	1.709666
15288	-1916.722	-2106.409	189.6875	1.500679	1.506075
15294	-1920.979	-2110.308	189.3298	1.54141	1.735387
15300	-1915.77	-2105.412	189.6424	1.718684	1.373579
15306	-1907.148	-2096.682	189.5342	1.652921	1.506829
15312	-1913.238	-2102.609	189.3713	1.593168	1.669415
15318	-1912.715	-2102.224	189.5097	1.454733	1.669415
15324	-1914.358	-2104.237	189.8788	1.564813	1.307727
15330	-1905.562	-2095.332	189.7701	1.743514	1.250277
15336	-1906.175	-2096.12	189.9441	1.845311	1.0014
15342	-1912.317	-2102.273	189.9568	1.899365	0.9322158
15348	-1921.396	-2111.346	189.9508	1.865611	0.9740585
15354	-1935.992	-2125.598	189.6056	1.955483	1.210288
15360	-1920.713	-2110.717	190.0036	1.746312	1.040102
15366	-1917.325	-2107.377	190.0516	1.889307	0.8344903
15372	-1916.972	-2106.944	189.9716	1.862073	0.9561546
15378	-1917.938	-2107.878	189.9402	1.84075	1.009746
15384	-1920.036	-2110.026	189.9902	1.840454	0.9593114
15390	-1925.34	-2115.318	189.9777	1.852921	0.9593114
15396	-1925.725	-2115.608	189.8828	1.87427	1.0332
15402	-1919.677	-2109.581	189.9038	2.127371	0.7050611
15408	-1919.603	-2109.532	189.9293	2.130013	0.6515779
15414	-1923.053	-2113.029	189.976	2.031721	0.7430239
15420	-1915.495	-2105.491	189.9958	2.051677	0.6754342
15426	-1929.392	-2119.328	189.9362	2.051677	0.7721358
15432	-1912.316	-2102.233	189.9173	1.763754	1.104609
15438	-1909.178	-2099.062	189.8834	1.893839	1.013478
15444	-1908.825	-2098.677	189.8523	1.797793	1.13259
15450	-1919.471	-2109.465	189.9943	1.763261	1.032695
15456	-1915.166	-2105.091	189.9251	2.057648	0.7794614
15462	-1904.669	-2094.558	189.8891	2.076537	0.8026066
15468	-1912.578	-2102.495	189.917	2.068887	0.7750348
15474	-1904.057	-2093.978	189.9213	2.068887	0.7689672
15480	-1918.775	-2108.673	189.8979	2.056763	0.8170554
15486	-1925.678	-2115.666	189.9884	2.033239	0.7211077
15492	-1925.448	-2115.322	189.8744	2.039843	0.8668165
15498	-1936.213	-2126.12	189.9071	2.060199	0.8005096
15504	-1924.501	-2114.085	189.5838	2.510103	0.4580024
15510	-1920.233	-2110.183	189.9503	1.955535	0.8766501
15516	-1918.25	-2108.197	189.9467	1.759428	1.081516
15522	-1913.233	-2102.83	189.5972	1.674842	1.442616
15528	-1908.066	-2097.568	189.5022	1.646945	1.53512
15534	-1908.64	-2098.187	189.5474	1.601765	1.53512
15540	-1914.286	-2103.681	189.3949	1.529086	1.698195
15546	-1922.675	-2112.098	189.4224	1.50152	1.698195
15552	-1927.25	-2116.236	188.9858	1.53937	1.972445
15558	-1922.644	-2112.253	189.6088	1.486278	1.574985
15564	-1930.314	-2120.27	189.9564	2.021477	0.7861847
15570	-1911.524	-2100.66	189.1358	1.350234	1.998617
15576	-1911.658	-2100.338	188.6793	1.422175	2.250144
15582	-1919.807	-2108.525	188.7176	1.282278	2.315191
15588	-1914.951	-2104.233	189.282	1.496761	1.799834
15594	-1916.381	-2105.675	189.2939	1.291576	1.93191
15600	-1910.309	-2099.313	189.0042	1.39701	2.054887
15606	-1916.728	-2105.566	188.8378	1.563388	2.054887
15612	-1908.38	-2097.58	189.2	1.501889	1.852799
15618	-1910.41	-2100.087	189.6766	1.449912	1.551896
15624	-1908.887	-2098.841	189.9542	2.010414	0.8040658
15630	-1916.5	-2106.453	189.9535	2.011049	0.8040658
15636	-1903.398	-2093.345	189.947	1.995158	0.8328584
15642	-1911.963	-2101.524	189.5611	1.764822	1.401041
15648	-1904.155	-2093.956	189.8001	1.761243	1.210079
15654	-1916.298	-2105.683	189.3845	1.732329	1.558998
15660	-1918.765	-2108.471	189.7061	1.680597	1.353326
15666	-1917.349	-2107.028	189.6794	1.731639	1.333942
15672	-1911.313	-2101.074	189.7615	1.674459	1.313907
15678	-1913.876	-2103.777	189.9016	1.986971	0.8964483
15684	-1924.189	-2114.218	190.0289	1.890954	0.8600996
15690	-1910.224	-2100.337	190.1129	1.872642	0.7755051
15696	-1910.651	-2100.531	189.8801	1.829059	1.078669
15702	-1906.433	-2096.423	189.9895	1.795321	1.00597
15708	-1903.785	-2093.831	190.0463	1.726409	1.017878
15714	-1911.286	-2101.131	189.8453	1.764373	1.168331
15720	-1903.131	-2092.967	189.8354	1.769522	1.172514
15726	-1896.127	-2086.014	189.8867	1.718195	1.172514
15732	-1901.253	-2090.909	189.6559	1.760632	1.329527
15738	-1902.129	-2092.016	189.8872	1.690395	1.196173
15744	-1906.434	-2096.173	189.7388	1.820603	1.211745
15750	-1916.944	-2106.742	189.7985	1.658533	1.296806
15756	-1919.345	-2109.002	189.6572	1.654551	1.412035
15762	-1917.845	-2107.812	189.9668	1.933641	0.8828455
15768	-1923.929	-2113.892	189.9632	1.986147	0.8238326
15774	-1924.29	-2114.31	190.0207	1.764896	1.0052
15780	-1913.853	-2103.726	189.8738	1.911792	1.0052
15786	-1919.393	-2109.234	189.8414	1.866359	1.079972
15792	-1918.151	-2107.772	189.6209	1.677748	1.42214
15798	-1920.701	-2109.971	189.2699	1.431235	1.853297
15804	-1927.153	-2117.008	189.8552	2.223961	0.6024201
15810	-1899.919	-2089.756	189.8367	2.215972	0.6653557
15816	-1909.446	-2099.247	189.8008	2.273681	0.6154937
15822	-1923.532	-2113.304	189.7715	2.310403	0.5939018
15828	-1925.513	-2115.26	189.747	2.34978	0.4795983
15834	-1928.539	-2118.061	189.5218	1.578304	1.571272
15840	-1936.664	-2126.405	189.7403	1.645793	1.353821
15846	-1932.792	-2122.398	189.6067	1.803867	1.334332
15852	-1913.655	-2103.336	189.6807	1.927674	1.169466
15858	-1929.961	-2119.735	189.7739	1.891466	1.118852
15864	-1904.785	-2094.832	190.0467	1.985238	0.7037251
15870	-1917.969	-2107.895	189.9264	1.790301	1.071675
15876	-1914.023	-2103.964	189.9416	1.98494	0.8520824
15882	-1920.917	-2110.748	189.8311	2.012092	0.9460879
15888	-1920.154	-2110.195	190.0405	1.779648	0.9702041
15894	-1913.241	-2102.868	189.6272	1.724129	1.381232
15900	-1918.946	-2108.784	189.8383	1.756149	1.18156
15906	-1924.664	-2114.162	189.4988	1.729936	1.475546
15912	-1927.153	-2116.676	189.5233	1.776703	1.421093
15918	-1931.65	-2121.524	189.8735	1.978986	0.936123
15924	-1910.139	-2099.965	189.8257	2.041479	0.9202285
15930	-1928.286	-2118.058	189.7723	1.725647	1.26329
15936	-1917.33	-2107.138	189.8075	1.690412	1.26329
15942	-1930.632	-2119.815	189.1829	1.671045	1.747541
15948	-1925.955	-2114.412	188.4572	1.361314	2.430087
15954	-1922.114	-2112.026	189.9118	1.884336	0.994646
15960	-1914.48	-2104.402	189.922	1.958265	0.905734
15966	-1904.344	-2094.278	189.9345	2.06081	0.7615293
15972	-1905.982	-2095.834	189.8518	2.134372	0.7745913
15978	-1910.364	-2100.264	189.9001	2.151738	0.6668961
15984	-1918.317	-2108.189	189.8723	2.076874	0.8240085
15990	-1911.328	-2101.161	189.8337	2.089419	0.8561896
15996	-1911.903	-2101.766	189.8626	1.998474	0.9268854
16002	-1913.149	-2103.069	189.9203	1.99941	0.8602806
16008	-1918.593	-2108.387	189.7935	1.827475	1.158486
16014	-1926.58	-2116.243	189.6627	1.695164	1.376112
16020	-1919.238	-2109.018	189.7803	1.71686	1.263916
16026	-1919.289	-2109.067	189.7786	1.718539	1.263916
16032	-1922.619	-2112.475	189.8564	1.762403	1.160394
16038	-1928.489	-2118.145	189.656	1.76736	1.324047
16044	-1923.295	-2113.077	189.7826	1.91245	1.091746
16050	-1916.935	-2106.566	189.6306	1.544533	1.515816
16056	-1912.027	-2101.826	189.7987	1.615069	1.331734
16062	-1902.673	-2092.198	189.5249	1.64324	1.521035
16068	-1900.722	-2090.234	189.5124	1.56052	1.591181
16074	-1907.665	-2097.192	189.5267	1.546214	1.591181
16080	-1894.536	-2083.74	189.2039	1.476027	1.867795
16086	-1899.799	-2089.546	189.7463	1.831705	1.195765
16092	-1903.108	-2093.111	190.0036	1.905607	0.8727379
16098	-1903.471	-2093.364	189.8926	1.881056	1.01703
16104	-1903.557	-2093.477	189.9193	1.803709	1.06568
16110	-1900.528	-2090.484	189.9551	1.819759	1.01579
16116	-1908.824	-2098.693	189.8686	1.906239	1.01579
16122	-1905.436	-2095.317	189.8806	1.932978	0.9768869
16128	-1907.285	-2097.237	189.9521	2.060965	0.7347321
16134	-1909.471	-2099.285	189.8142	2.025094	0.9501915
16140	-1902.187	-2092.14	189.9524	1.886899	0.9501915
16146	-1903.985	-2093.931	189.9456	1.95009	0.8883704
16152	-1909.237	-2099.207	189.97	2.013505	0.7782924
16158	-1917.896	-2107.866	189.97	2.013505	0.7782924
16164	-1911.63	-2101.664	190.0342	1.892754	0.8516432
16170	-1907.058	-2097.028	189.9698	1.941686	0.8700753
16176	-1911.986	-2101.851	189.8653	2.169962	0.6980144
16182	-1906.016	-2095.958	189.942	2.133933	0.6116049
16188	-1907.915	-2097.864	189.949	1.898598	0.9414272
16194	-1908.503	-2098.31	189.8072	1.709716	1.247502
16200	-1913.834	-2103.888	190.0535	1.838413	0.8927114
16206	-1920.546	-2110.459	189.9128	1.854391	1.023331
16212	-1902.796	-2092.719	189.9237	1.84351	1.023331
16218	-1907.342	-2097.1	189.7578	1.949295	1.080628
16224	-1915.851	-2105.722	189.8709	1.763203	1.14684
16230	-1926.634	-2116.598	189.9642	2.0157	0.7833358
16236	-1913.612	-2103.435	189.8231	2.0418	0.92271
16242	-1912.989	-2102.872	189.8822	1.955689	0.9516641
16248	-1914.213	-2104.096	189.8827	2.000211	0.9027818
16254	-1913.828	-2103.818	189.9899	1.916974	0.8754045
16260	-1910.881	-2100.865	189.9836	1.949162	0.844469
16266	-1908.688	-2098.659	189.9717	1.894452	0.9213987
16272	-1923.234	-2113.156	189.9221	1.93881	0.9271201
16278	-1927.915	-2117.734	189.8192	1.872352	1.094986
16284	-1917.036	-2106.959	189.9227	1.85901	1.009015
16290	-1916.918	-2106.911	189.9923	2.004519	0.7592668
16296	-1916.307	-2106.272	189.9657	2.121736	0.574992
16302	-1912.938	-2102.757	189.8185	2.252032	0.6255157
16308	-1914.602	-2104.457	189.8546	2.23188	0.5784945
16314	-1908.759	-2098.587	189.8284	2.268406	0.5201515
16320	-1904.694	-2094.196	189.5026	1.529176	1.621049
16326	-1911.372	-2100.945	189.5724	1.620084	1.502809
16332	-1915.001	-2104.805	189.8039	1.755625	1.211577
16338	-1920.002	-2109.637	189.6347	1.775695	1.334433
16344	-1910.281	-2100.115	189.834	2.160879	0.7621506
16350	-1907.714	-2097.556	189.843	2.153523	0.7598102
16356	-1908.453	-2098.379	189.9259	1.987995	0.8672386
16362	-1909.171	-2099.084	189.9126	2.11475	0.7116042
16368	-1906.429	-2096.184	189.7543	2.163076	0.8630981
16374	-1915.429	-2104.95	189.5211	1.601633	1.554659
16380	-1915.624	-2105.367	189.7432	1.589772	1.395524
16386	-1914.365	-2104.176	189.8111	1.641011	1.300853
16392	-1908.303	-2097.974	189.6709	1.890652	1.209873
16398	-1909.685	-2099.578	189.8924	1.882239	1.015987
16404	-1904.797	-2094.655	189.8577	2.042935	0.8827241
16410	-1915.47	-2105.263	189.7932	2.033982	0.9628514
16416	-1901.989	-2091.957	189.9683	2.031496	0.7549112
16422	-1903.894	-2093.806	189.9122	2.095529	0.7429317
16428	-1916.826	-2106.564	189.7375	2.328637	0.6363021
16434	-1911.018	-2100.9	189.8824	2.213155	0.5330092
16440	-1915.994	-2105.838	189.8437	1.848575	1.094317
16446	-1920.703	-2110.597	189.8944	1.803591	1.089024
16452	-1914.807	-2104.608	189.8012	1.841588	1.139089
16458	-1924.04	-2113.431	189.3905	1.73405	1.553321
16464	-1919.453	-2109.307	189.8542	1.809646	1.120251
16470	-1912.238	-2101.841	189.6027	1.681002	1.43362
16476	-1910.245	-2099.897	189.6519	1.631811	1.43362
16482	-1922.29	-2112.253	189.9627	2.121001	0.5881026
16488	-1918.955	-2108.798	189.8429	2.240833	0.5881026
16494	-1916.533	-2106.265	189.7326	2.364556	0.516386
16500	-1907.501	-2097.42	189.9195	2.153308	0.6199424
16506	-1910.232	-2100.142	189.91	2.125022	0.6984797
16512	-1896.92	-2086.806	189.8852	2.188944	0.6163969
16518	-1904.826	-2094.596	189.7702	2.320612	0.5604965
16524	-1918.552	-2108.413	189.861	1.695687	1.214048
16530	-1911.728	-2101.368	189.6399	2.425289	0.3831689
16536	-1906.047	-2095.638	189.591	2.467893	0.3734188
16542	-1903.154	-2093.166	190.0111	1.908309	0.8607009
16548	-1908.873	-2098.934	190.0608	1.916717	0.7866431
16554	-1914.496	-2104.516	190.0198	1.879868	0.8838056
16560	-1923.927	-2113.719	189.7925	2.304147	0.4785867
16566	-1916.882	-2106.7	189.8185	2.275674	0.5426734
16572	-1923.973	-2113.633	189.6597	2.437829	0.4939566
16578	-1920.27	-2109.821	189.5507	2.533885	0.4234979
16584	-1898.223	-2087.914	189.6918	2.388036	0.4114645
16590	-1901.12	-2090.62	189.5002	2.506723	0.3161228
16596	-1914.402	-2104.022	189.6203	2.46056	0.413999
16602	-1910.868	-2100.699	189.8309	2.266781	0.5007378
16608	-1907.478	-2097.024	189.5459	2.51018	0.3693315
16614	-1911.064	-2100.951	189.887	1.846055	1.056247
16620	-1909.626	-2098.924	189.2981	2.668337	0.2855951
16626	-1914.67	-2104.152	189.4814	2.555759	0.3456402
16632	-1912.354	-2101.719	189.3653	2.639284	0.3141053
16638	-1897.717	-2087.016	189.2989	2.677399	0.2923701
16644	-1904.414	-2093.836	189.4214	2.614275	0.3440456
16650	-1901.241	-2090.757	189.5154	2.540354	0.3689431
16656	-1909.326	-2099.187	189.8613	2.23598	0.4864881
16662	-1912.488	-2102.289	189.8015	2.294347	0.5306088
16668	-1914.221	-2103.843	189.6226	2.466164	0.4363546
16674	-1915.239	-2105.012	189.7735	2.323037	0.476555
16680	-1937.568	-2126.78	189.2129	1.566028	1.799749
16686	-1938.26	-2127.594	189.3333	1.605583	1.687637
16692	-1933.895	-2123.78	189.8848	2.089119	0.7915012
16698	-1929.874	-2119.786	189.9119	2.090564	0.7509456
16704	-1933.829	-2123.645	189.8157	2.27802	0.5456548
16710	-1917.713	-2107.591	189.878	2.201142	0.602554
16716	-1922.097	-2111.87	189.7726	2.307076	0.6009781
16722	-1928.503	-2118.195	189.6917	1.672416	1.371166
16728	-1916.458	-2106.324	189.8658	2.037104	0.8800981
16734	-1910.315	-2100.181	189.8663	2.008398	0.911955
16740	-1907.129	-2097.042	189.9133	2.008398	0.8579346
16746	-1904.627	-2094.51	189.8836	2.093238	0.787558
16752	-1907.104	-2096.951	189.8468	2.218068	0.6390358
16758	-1908.333	-2098.279	189.9454	2.064365	0.739859
16764	-1899.469	-2089.423	189.9541	2.039616	0.7638193
16770	-1891.006	-2080.998	189.9919	1.999605	0.7670589
16776	-1901.066	-2090.949	189.8834	1.926625	0.9806036
16782	-1900.838	-2090.771	189.9334	1.916383	0.9390323
16788	-1897.367	-2087.107	189.7401	2.003554	1.046112
16794	-1903.996	-2093.576	189.5803	1.643324	1.479429
16800	-1909.695	-2099.081	189.3867	1.485577	1.734671
16806	-1909.145	-2098.345	189.2006	1.506954	1.848904
16812	-1909.951	-2099.454	189.5029	1.537393	1.614893
16818	-1905.495	-2094.906	189.4115	1.551457	1.670497
16824	-1910.074	-2099.453	189.3782	1.572948	1.678848
16830	-1909.823	-2099.182	189.3593	1.464042	1.768895
16836	-1917.792	-2106.935	189.1429	1.688184	1.763493
16842	-1927.989	-2116.638	188.6483	1.4415	2.257644
16848	-1919.501	-2107.819	188.3178	1.32582	2.539605
16854	-1923.562	-2113.473	189.9109	1.889285	0.9905366
16860	-1909.796	-2099.663	189.8673	1.854572	1.066759
16866	-1909.415	-2099.281	189.8665	1.812119	1.106858
16872	-1904.967	-2094.777	189.8107	1.855834	1.117804
16878	-1906.504	-2096.38	189.8753	2.068582	0.830753
16884	-1909.464	-2099.418	189.9533	2.089912	0.683562
16890	-1904.558	-2094.519	189.9614	2.105762	0.6337315
16896	-1905.297	-2095.192	189.8958	2.163929	0.6504856
16902	-1907.734	-2097.588	189.8537	2.199641	0.6639411
16908	-1914.219	-2104.033	189.8145	2.279247	0.5454993
16914	-1921.034	-2111.015	189.9816	2.024459	0.7455674
16920	-1913.441	-2103.277	189.836	1.919931	1.0343
16926	-1921.9	-2111.683	189.7834	2.127987	0.8701811
16932	-1913.278	-2103.224	189.9469	1.906626	0.9350404
16938	-1908.154	-2098.044	189.8902	1.989476	0.9064311
16944	-1909.62	-2099.575	189.955	2.053957	0.7411506
16950	-1922.806	-2112.752	189.9453	1.984695	0.8478656
16956	-1917.446	-2107.282	189.8352	2.0607	0.8880597
16962	-1928.425	-2118.229	189.8041	1.791997	1.180184
16968	-1918.897	-2108.473	189.5759	1.72084	1.423618
16974	-1913.299	-2102.683	189.3842	1.694818	1.586694
16980	-1907.747	-2097.502	189.7543	1.766241	1.244485
16986	-1914.099	-2103.476	189.3766	1.691153	1.594904
16992	-1912.909	-2102.534	189.625	1.946339	1.201493
16998	-1916.515	-2106.069	189.554	1.689436	1.464412
17004	-1920.705	-2110.541	189.8358	1.685118	1.244131
17010	-1925.285	-2114.22	188.9356	1.538563	2.00652
17016	-1912.692	-2102.303	189.6107	1.626979	1.468778
17022	-1912.594	-2102.366	189.7721	1.837417	1.168461
17028	-1911.982	-2101.619	189.6367	1.972837	1.168461
17034	-1918.507	-2108.31	189.8029	2.271035	0.6168013
17040	-1917.145	-2107.123	189.9779	2.088063	0.636708
17046	-1918.891	-2108.708	189.817	2.234314	0.6680216
17052	-1900.679	-2090.55	189.8711	2.182285	0.6638776
17058	-1914.654	-2104.585	189.9308	2.122595	0.6638776
17064	-1907.733	-2097.607	189.8736	2.080191	0.8180882
17070	-1910.513	-2100.31	189.7978	2.2942	0.5547771
17076	-1919.931	-2109.733	189.8021	2.2942	0.5265258
17082	-1922.461	-2112.378	189.9172	2.131418	0.6732797
17088	-1909.708	-2099.728	190.0199	1.970396	0.7687134
17094	-1913.573	-2103.524	189.9506	1.973416	0.8551846
17100	-1906.906	-2096.798	189.8916	1.873982	1.024888
17106	-1907.952	-2097.708	189.756	1.856781	1.165619
17112	-1910.863	-2100.816	189.9525	1.850726	0.9874722
17118	-1908.524	-2098.335	189.811	1.762171	1.19996
17124	-1918.543	-2108.48	189.9376	2.112249	0.6709921
17130	-1917.803	-2107.7	189.8969	2.156294	0.6643217
17136	-1915.486	-2105.327	189.8416	2.247218	0.5693482
17142	-1916.986	-2106.61	189.6241	2.438553	0.3791379
17148	-1912.322	-2101.971	189.649	2.437746	0.429741
17154	-1911.633	-2101.255	189.6214	2.469044	0.4423104
17160	-1909.239	-2098.877	189.638	2.45245	0.4423104
17166	-1914.003	-2103.645	189.6423	2.446521	0.4364231
17172	-1910.662	-2100.289	189.6263	2.446521	0.3967568
17178	-1905.291	-2094.993	189.7015	2.389979	0.4466147
17184	-1906.543	-2096.18	189.6362	2.435039	0.3938238
17190	-1904.694	-2094.35	189.6563	2.435039	0.4459279
17196	-1906.034	-2095.596	189.5618	2.497645	0.3741657
17202	-1922.216	-2111.821	189.6051	2.462918	0.3879194
17208	-1913.474	-2103.245	189.771	2.319022	0.5641483
17214	-1907.064	-2096.836	189.7717	1.720602	1.267961
17220	-1913.991	-2103.964	189.9723	1.827002	0.9914828
17226	-1913.784	-2103.542	189.7582	1.967149	1.063462
17232	-1911.355	-2101.063	189.7073	2.385229	0.5521365
17238	-1907.888	-2097.651	189.763	2.3346	0.5007348
17244	-1917.098	-2106.898	189.7995	2.298022	0.4910342
17250	-1921.081	-2110.769	189.6877	2.407817	0.4680045
17256	-1923.059	-2112.953	189.8938	2.203649	0.5096316
17262	-1920.809	-2110.728	189.9193	1.826241	1.044337
17268	-1913.105	-2102.999	189.8937	1.782048	1.10941
17274	-1912.092	-2102.057	189.9659	1.818547	1.006329
17280	-1914.055	-2103.897	189.8423	1.761369	1.17357
17286	-1911.421	-2101.291	189.8706	1.754856	1.154523
17292	-1918.2	-2108.103	189.9023	1.807652	1.07796
17298	-1924.874	-2114.583	189.7087	1.774321	1.275616
17304	-1911.873	-2101.772	189.8985	1.814813	1.074824
17310	-1914.425	-2104.331	189.9056	1.80772	1.074824
17316	-1914.789	-2104.692	189.9037	1.904105	0.982799
17322	-1907.706	-2097.534	189.828	2.044109	0.9148292
17328	-1918.938	-2108.797	189.8593	2.012806	0.9148292
17334	-1927.655	-2117.512	189.8565	2.14316	0.7551304
17340	-1918.231	-2108.208	189.9771	2.0488	0.7140202
17346	-1913.983	-2103.84	189.8572	2.188645	0.6785366
17352	-1910.877	-2100.768	189.8904	2.164842	0.6601081
17358	-1910.912	-2100.893	189.9811	2.043205	0.7166819
17364	-1910.689	-2100.661	189.9724	2.049419	0.7208268
17370	-1910.71	-2100.557	189.8471	2.223847	0.6245216
17376	-1906.788	-2096.69	189.9013	2.162198	0.6422645
17382	-1914.257	-2103.732	189.4746	2.573496	0.3586562
17388	-1919.633	-2109.136	189.5027	2.53057	0.3414378
17394	-1916.947	-2106.462	189.5147	2.518641	0.3414378
17400	-1909.135	-2098.577	189.4428	2.579842	0.3304938
17406	-1902.086	-2091.573	189.4861	2.58059	0.3856641
17412	-1900.701	-2090.307	189.6057	2.482876	0.4356453
17418	-1904.849	-2094.624	189.7748	2.322852	0.4988338
17424	-1912.997	-2102.776	189.7796	2.317424	0.5171585
17430	-1914.221	-2103.779	189.5574	2.504323	0.377662
17436	-1913.384	-2102.998	189.6133	2.438443	0.3634036
17442	-1922.499	-2112.241	189.7419	2.35024	0.449487
17448	-1926.048	-2115.823	189.775	2.32124	0.4740408
17454	-1925.337	-2115.152	189.8147	2.262029	0.60943
17460	-1921.098	-2110.91	189.8121	2.28479	0.4806986
17466	-1921.004	-2110.681	189.6772	2.414897	0.4491711
17472	-1915.787	-2105.593	189.8068	2.29075	0.5047959
17478	-1907.137	-2097.042	189.9054	2.111836	0.7281109
17484	-1923.331	-2113.259	189.9283	2.143011	0.6236577
17490	-1931.185	-2121.084	189.899	2.101802	0.7534527
17496	-1942.698	-2132.46	189.7612	1.978336	1.050031
17502	-1917.766	-2107.589	189.8233	1.766925	1.185285
17508	-1908.895	-2098.831	189.9362	1.80593	1.04757
17514	-1909.46	-2099.196	189.7366	1.729209	1.289711
17520	-1900.801	-2090.51	189.7094	1.75637	1.289711
17526	-1915.911	-2105.703	189.7919	1.683894	1.281496
17532	-1915.379	-2105.247	189.8687	1.734676	1.173884
17538	-1922.897	-2112.998	190.1004	1.949349	0.671062
17544	-1921.582	-2111.47	189.8876	2.159075	0.6769745
17550	-1912.039	-2101.679	189.6399	1.588612	1.475678
17556	-1910.98	-2100.549	189.5698	1.546735	1.559187
17562	-1919.842	-2109.537	189.6957	1.657543	1.379702
17568	-1912.989	-2102.615	189.6261	1.650699	1.438982
17574	-1903.741	-2093.327	189.5855	1.634356	1.48223
17580	-1901.601	-2091.332	189.7306	1.616047	1.384843
17586	-1905.219	-2095.008	189.7886	1.785977	1.198761
17592	-1913.826	-2103.825	189.9983	1.832271	0.9593198
17598	-1905.053	-2094.972	189.9183	1.990743	0.8728658
17604	-1906.262	-2096.186	189.9249	1.980832	0.8767907
17610	-1901.05	-2090.987	189.9371	1.968663	0.8767907
17616	-1905.464	-2095.308	189.8442	2.119212	0.8056629
17622	-1904.24	-2094.169	189.9282	2.035197	0.8056629
17628	-1916.011	-2105.886	189.8745	2.004041	0.9077369
17634	-1917.275	-2107.01	189.7349	1.773429	1.254632
17640	-1908.911	-2098.592	189.6813	1.825157	1.256184
17646	-1915.754	-2105.482	189.7282	1.803847	1.23483
17652	-1908.512	-2097.841	189.3291	1.613388	1.685009
17658	-1914.127	-2103.775	189.6487	1.620849	1.444491
17664	-1914.154	-2103.843	189.6892	1.76639	1.298017
17670	-1913.006	-2102.848	189.8418	1.625162	1.288756
17676	-1925.681	-2115.771	190.09	1.731169	0.9690932
17682	-1915.254	-2105.214	189.9603	1.850263	0.9800626
17688	-1902.802	-2092.705	189.9026	1.986391	0.8960098
17694	-1909.973	-2100.043	190.0696	1.89584	0.8028677
17700	-1922.655	-2112.818	190.1634	1.767062	0.8473643
17706	-1920.508	-2110.273	189.7644	1.83338	1.178714
17712	-1918.428	-2108.218	189.7901	1.854152	1.137804
17718	-1914.166	-2104.058	189.8918	1.683912	1.197796
17724	-1915.917	-2105.933	190.0159	2.01529	0.7050663
17730	-1912.062	-2101.937	189.8749	2.180877	0.658895
17736	-1921.073	-2111.043	189.9696	2.086237	0.658895
17742	-1912.714	-2102.678	189.9643	2.037955	0.7513253
17748	-1914.744	-2104.633	189.8885	2.16457	0.6645118
17754	-1914.296	-2104.082	189.7859	2.261976	0.6747866
17760	-1923.062	-2113.014	189.952	2.105121	0.6562168
17766	-1913.435	-2103.294	189.8592	2.21729	0.6101303
17772	-1924.645	-2114.491	189.8461	2.189517	0.6974344
17778	-1919.222	-2109.178	189.9558	2.074876	0.7059396
17784	-1911.781	-2101.7	189.9189	2.156973	0.6117396
17790	-1911.007	-2100.885	189.8785	2.156973	0.6976781
17796	-1915.704	-2105.705	190.0011	2.01743	0.7260025
17802	-1912.778	-2102.652	189.874	1.857949	1.057254
17808	-1907.605	-2097.499	189.894	1.837931	1.057254
17814	-1908.784	-2098.509	189.7252	1.77653	1.26014
17820	-1914.875	-2104.582	189.7069	1.715643	1.324725
17826	-1923.393	-2113.271	189.8782	1.803514	1.103985
17832	-1911.152	-2101.132	189.9794	2.065495	0.6805155
17838	-1910.833	-2100.652	189.8192	2.243451	0.6441865
17844	-1919.572	-2109.507	189.9357	1.98962	0.8535075
17850	-1917.698	-2107.562	189.8647	1.977598	0.9470797
17856	-1917.696	-2107.599	189.9038	1.898518	0.9884295
17862	-1910.736	-2100.796	190.0602	1.878482	0.8372601
17868	-1915.879	-2105.813	189.9339	2.004713	0.8372601
17874	-1916.439	-2106.404	189.9642	1.950865	0.8658288
17880	-1923.103	-2113.1	189.9963	1.918717	0.8658288
17886	-1923.324	-2113.193	189.8691	2.045994	0.8658288
17892	-1915.357	-2105.214	189.8571	1.705193	1.209243
17898	-1915.465	-2105.386	189.921	1.732051	1.129961
17904	-1913.985	-2103.841	189.8561	1.742495	1.177999
17910	-1917.886	-2107.741	189.8552	1.742495	1.178787
17916	-1919.77	-2109.808	190.0381	1.740516	1.012059
17922	-1913.658	-2103.509	189.8514	1.801324	1.130268
17928	-1921.408	-2111.314	189.9056	1.880002	1.005135
17934	-1927.398	-2116.617	189.2191	1.517741	1.828787
17940	-1918.914	-2108.283	189.3683	1.664743	1.620105
17946	-1917.027	-2106.669	189.6416	1.694377	1.393215
17952	-1928.442	-2118.239	189.7976	1.455408	1.45711
17958	-1915.271	-2105.053	189.7819	1.68559	1.28833
17964	-1910.888	-2100.495	189.6066	1.558006	1.523668
17970	-1923.425	-2113.383	189.958	2.080332	0.6925358
17976	-1920.599	-2110.424	189.8247	1.68304	1.255149
17982	-1925.117	-2114.15	189.0333	1.546631	1.935645
17988	-1924.094	-2113.541	189.4466	1.360973	1.779893
17994	-1931.95	-2121.695	189.7453	1.642377	1.35258
18000	-1912.197	-2101.619	189.4223	2.60408	0.334166
18006	-1911.832	-2101.377	189.5448	2.521117	0.3844882
18012	-1910.381	-2100.151	189.7698	2.327495	0.4874149
18018	-1899.862	-2089.551	189.6899	2.401869	0.4477426
18024	-1910.203	-2099.828	189.6252	2.466604	0.4477426
18030	-1912.977	-2102.585	189.6076	2.480256	0.4333068
18036	-1905.959	-2095.776	189.8165	2.280993	0.5070936
18042	-1905.047	-2094.985	189.938	2.150929	0.5687574
18048	-1897.271	-2087.211	189.9394	2.054985	0.7628972
18054	-1899.965	-2089.973	190.008	1.982387	0.7685906
18060	-1909.945	-2099.788	189.8435	1.995689	0.9502813
18066	-1916.615	-2106.541	189.9264	1.912832	0.9502813
18072	-1910.934	-2100.596	189.6619	1.503732	1.522885
18078	-1917.375	-2106.545	189.1707	1.487698	1.882499
18084	-1912.237	-2101.371	189.1339	1.524525	1.882499
18090	-1916.787	-2106.701	189.9135	2.062169	0.7891621
18096	-1915.771	-2105.674	189.9031	2.135286	0.6924885
18102	-1915.763	-2105.612	189.849	2.236162	0.5832817
18108	-1909.889	-2099.577	189.6884	2.406616	0.4644782
18114	-1911.577	-2101.365	189.7873	2.29045	0.6063133
18120	-1908.048	-2097.834	189.7852	2.29045	0.6122896
18126	-1910.712	-2100.65	189.9372	2.138435	0.6122896
18132	-1926.102	-2115.86	189.7579	2.332497	0.5626867
18138	-1908.673	-2098.529	189.8553	2.20888	0.6407317
18144	-1911.545	-2101.49	189.9449	2.083597	0.709585
18150	-1909.877	-2099.797	189.9198	1.955948	0.9108429
18156	-1915.733	-2105.616	189.883	1.956411	0.950111
18162	-1912.857	-2102.756	189.8984	1.941034	0.950111
18168	-1911.122	-2101.05	189.9278	1.936194	0.9237788
18174	-1915.134	-2105.043	189.9088	1.933258	0.9472493
18180	-1910.214	-2100.034	189.8207	2.159139	0.7834013
18186	-1916.316	-2106.211	189.8945	1.881961	1.014256
18192	-1910.783	-2100.581	189.7979	1.799601	1.178957
18198	-1906.755	-2096.659	189.9034	1.768811	1.112678
18204	-1908.826	-2098.589	189.7637	1.717717	1.276925
18210	-1930.959	-2120.433	189.4745	1.454556	1.69458
18216	-1919.669	-2108.686	189.0169	1.482977	1.989358
18222	-1903.365	-2092.762	189.3969	1.515569	1.706338
18228	-1910.771	-2100.303	189.5328	1.569833	1.569431
18234	-1905.195	-2094.948	189.7534	1.745539	1.262437
18240	-1898.897	-2088.921	190.0239	1.892998	0.863652
18246	-1897.071	-2087.103	190.0314	1.94461	0.7886575
18252	-1908.435	-2098.418	189.9828	1.842005	0.9653973
18258	-1913.321	-2103.318	189.9973	1.808035	0.9853232
18264	-1909.45	-2099.395	189.9447	1.895926	0.9488011
18270	-1902.815	-2092.71	189.8948	1.869285	1.026402
18276	-1908.133	-2097.933	189.8	1.755401	1.215104
18282	-1911.104	-2100.929	189.825	1.79259	1.161415
18288	-1903.069	-2092.956	189.887	1.947098	0.9557208
18294	-1910.946	-2100.817	189.8704	1.888159	1.031743
18300	-1906.747	-2096.406	189.6581	1.869747	1.238336
18306	-1910.151	-2100.075	189.9237	1.89612	0.9705257
18312	-1915.025	-2104.945	189.9197	1.858204	1.012752
18318	-1910.056	-2099.998	189.9416	1.789087	1.05843
18324	-1910.884	-2100.8	189.9161	1.762581	1.106806
18330	-1915.414	-2105.174	189.7601	2.33738	0.4909379
18336	-1920.852	-2110.608	189.7561	2.337857	0.5439841
18342	-1914.375	-2104.201	189.8268	2.267319	0.5433904
18348	-1908.959	-2098.792	189.8328	2.261302	0.5433904
18354	-1917.439	-2107.228	189.7892	2.27502	0.6407124
18360	-1902.096	-2091.874	189.7778	2.319037	0.5199328
18366	-1910.83	-2100.676	189.8465	2.243317	0.5652611
18372	-1915.707	-2105.496	189.7885	2.243317	0.7040384
18378	-1913.237	-2103.3	190.0622	1.994156	0.6577141
18384	-1925.702	-2115.609	189.9077	1.937831	0.9436478
18390	-1913.592	-2103.523	189.9303	2.150747	0.5967221
18396	-1910.212	-2100.08	189.8683	2.229	0.5138523
18402	-1932.631	-2122.732	190.1016	1.881196	0.7793207
18408	-1930.337	-2120.244	189.9068	2.091816	0.7566386
18414	-1918.993	-2108.813	189.8197	2.269627	0.5674403
18420	-1919.709	-2109.656	189.9472	2.096347	0.6830426
18426	-1926.158	-2116.105	189.9472	2.096347	0.6830426
18432	-1926.016	-2115.973	189.9569	2.083713	0.6883189
18438	-1923.987	-2113.837	189.8498	2.171564	0.7214707
18444	-1914.738	-2104.583	189.8448	2.236721	0.5953372
18450	-1914.125	-2104.022	189.8969	2.184564	0.5953372
18456	-1921.412	-2111.167	189.7554	2.336109	0.5574968
18462	-1930.151	-2120.05	189.8987	1.988013	0.898556
18468	-1931.655	-2121.487	189.8317	1.951713	1.0073
18474	-1917.01	-2106.954	189.9441	1.824914	1.021535
18480	-1912.477	-2102.317	189.8401	1.92708	1.023362
18486	-1919.693	-2109.432	189.7391	1.933825	1.112019
18492	-1925.251	-2115.061	189.81	1.765399	1.198006
18498	-1924.052	-2113.811	189.7582	1.71864	1.280653
18504	-1927.847	-2117.853	190.0053	1.797476	0.9878875
18510	-1922.594	-2112.475	189.881	1.883298	1.026128
18516	-1906.158	-2096.002	189.8445	2.004991	0.9393489
18522	-1911.306	-2101.157	189.8513	2.130141	0.78123
18528	-1902.106	-2091.971	189.8649	2.132655	0.758298
18534	-1901.088	-2090.974	189.8868	2.084284	0.7953253
18540	-1911.326	-2101.246	189.9206	2.050563	0.7953253
18546	-1910.514	-2100.376	189.862	2.045466	0.8747773
18552	-1905.24	-2095.12	189.8804	1.934034	0.9760646
18558	-1919.705	-2109.415	189.7102	1.934034	1.137801
18564	-1919.247	-2108.637	189.3895	2.619147	0.3176007
18570	-1918.262	-2107.719	189.4567	2.570153	0.3347234
18576	-1915.075	-2104.531	189.4561	2.570153	0.3340689
18582	-1916.809	-2106.707	189.8979	2.014763	0.8686635
18588	-1910.01	-2099.917	189.9065	1.927661	0.9556283
18594	-1914.05	-2103.875	189.8253	1.823693	1.133622
18600	-1914.211	-2103.895	189.6841	1.90958	1.182243
18606	-1915.661	-2105.473	189.8122	2.085699	0.8858286
18612	-1915.223	-2105.182	189.9595	2.051227	0.7384262
18618	-1905.286	-2095.345	190.0589	1.992632	0.6676479
18624	-1907.414	-2097.404	189.9899	1.804799	0.9960769
18630	-1912.356	-2102.329	189.9733	1.97224	0.8286516
18636	-1919.679	-2109.587	189.9084	1.882893	0.9994477
18642	-1922.392	-2112.302	189.9104	1.785736	1.090768
18648	-1914.292	-2104.006	189.7147	1.755889	1.285801
18654	-1907.94	-2097.831	189.8905	1.620904	1.252078
18660	-1905.528	-2094.36	188.8314	1.485488	2.110376
18666	-1923.475	-2112.744	189.2683	1.527519	1.78802
18672	-1918.859	-2108.116	189.2572	1.633489	1.721681
18678	-1919.02	-2108.743	189.7229	1.717297	1.310513
18684	-1918.365	-2108.143	189.7778	1.938964	1.071529
18690	-1915.446	-2105.088	189.6413	1.769702	1.334008
18696	-1910.113	-2099.851	189.7379	1.650451	1.352004
18702	-1907.105	-2096.85	189.745	1.639032	1.3554
18708	-1908.041	-2097.657	189.6163	1.728654	1.386173
18714	-1919.621	-2109.289	189.6675	1.846322	1.250109
18720	-1922.124	-2111.943	189.8187	1.774555	1.182668
18726	-1915.728	-2105.691	189.9634	1.827294	1.000077
18732	-1917.208	-2107.116	189.9082	1.827294	1.053861
18738	-1913.097	-2102.918	189.8201	2.119698	0.8357782
18744	-1921.631	-2111.494	189.8629	2.210663	0.6179223
18750	-1916.006	-2105.932	189.926	2.153002	0.602845
18756	-1925.871	-2115.699	189.8283	2.246811	0.6136947
18762	-1914.749	-2104.574	189.8247	2.0378	0.9253314
18768	-1921.096	-2110.956	189.8594	1.89037	1.040218
18774	-1922.511	-2112.269	189.7584	1.852995	1.16689
18780	-1920.876	-2110.744	189.8682	1.84983	1.070434
18786	-1909.083	-2098.982	189.8988	2.019377	0.8620872
18792	-1906.498	-2096.406	189.9075	1.862833	1.020273
18798	-1902.635	-2092.511	189.8759	1.898121	1.016663
18804	-1907.1	-2097.054	189.9535	1.895417	0.9399402
18810	-1911.135	-2101.084	189.949	1.97227	0.8584607
18816	-1920.716	-2110.781	190.0651	1.833706	0.8847635
18822	-1930.46	-2120.515	190.0551	1.827434	0.9032917
18828	-1926.528	-2116.406	189.878	1.845702	1.065048
18834	-1929.025	-2118.882	189.8565	2.208615	0.6385019
18840	-1923.78	-2113.626	189.8461	2.208615	0.6612318
18846	-1918.533	-2108.521	189.9882	2.040087	0.7100002
18852	-1919.715	-2109.598	189.8825	2.08836	0.7956814
18858	-1920.486	-2110.445	189.9582	2.009665	0.7996587
18864	-1934.021	-2123.7	189.679	1.837792	1.247631
18870	-1929.518	-2119.443	189.9257	1.84332	1.02158
18876	-1923.289	-2113.161	189.8726	1.743697	1.16251
18882	-1923.208	-2112.883	189.675	1.816978	1.268179
18888	-1914.588	-2104.455	189.8669	1.880981	1.042035
18894	-1931.412	-2121.373	189.9606	2.012815	0.7922706
18900	-1919.39	-2109.199	189.8092	2.164185	0.7922706
18906	-1919.526	-2109.409	189.8827	2.069379	0.8203439
18912	-1913.105	-2103.001	189.8966	2.044256	0.834449
18918	-1908.483	-2098.305	189.8219	2.16711	0.7706254
18924	-1909.165	-2099.136	189.9702	1.984118	0.8174019
18930	-1921.876	-2111.616	189.7395	1.808541	1.221367
18936	-1925.376	-2115.205	189.8291	1.71888	1.221367
18942	-1902.192	-2091.957	189.7656	1.832279	1.178648
18948	-1905.46	-2095.416	189.9563	1.777607	1.055415
18954	-1905.522	-2095.244	189.7219	1.72411	1.305764
18960	-1914.133	-2103.946	189.813	1.79179	1.172602
18966	-1914.788	-2104.109	189.3203	1.714131	1.619086
18972	-1912.021	-2101.792	189.771	1.737503	1.254521
18978	-1926.499	-2115.731	189.2319	1.78445	1.632149
18984	-1909.725	-2099.563	189.8378	1.844308	1.103666
18990	-1920.138	-2109.801	189.6632	1.640351	1.418351
18996	-1909.221	-2099.023	189.8026	1.686042	1.270922
19002	-1903.988	-2093.504	189.5159	1.688708	1.493728
19008	-1900.62	-2090.078	189.4581	1.728512	1.507243
19014	-1908.545	-2098.348	189.8031	1.766585	1.202963
19020	-1917.475	-2106.721	189.2456	1.599982	1.75337
19026	-1921.709	-2111.337	189.6279	1.538439	1.522356
19032	-1925.036	-2113.747	188.7107	1.570753	2.133594
19038	-1917.538	-2106.571	189.0331	1.360258	2.060076
19044	-1907.769	-2097.259	189.4898	1.63725	1.551466
19050	-1914.917	-2104.517	189.5994	1.706007	1.41696
19056	-1917.68	-2107.473	189.7935	1.502101	1.424518
19062	-1921.879	-2111.461	189.5822	1.68777	1.44417
19068	-1928.108	-2117.99	189.882	1.876861	1.03146
19074	-1924.976	-2114.833	189.8568	2.112704	0.7974878
19080	-1927.208	-2116.557	189.3493	1.775997	1.552741
19086	-1919.386	-2109.014	189.6282	1.692972	1.404732
19092	-1921.111	-2110.607	189.4955	1.738186	1.471787
19098	-1930.279	-2119.718	189.4387	1.616912	1.603772
19104	-1918.806	-2108.694	189.8878	1.926846	0.9758669
19110	-1917.218	-2106.987	189.7698	1.652478	1.324919
19116	-1911.9	-2101.612	189.7117	1.550062	1.450459
19122	-1913.975	-2103.505	189.53	1.781763	1.411988
19128	-1921.827	-2111.48	189.6535	1.571959	1.478031
19134	-1924.566	-2113.743	189.1774	1.517656	1.857475
19140	-1912.448	-2102.047	189.5988	1.680402	1.437074
19146	-1909.468	-2099.351	189.8831	1.700578	1.190881
19152	-1913.976	-2103.782	189.8057	1.777996	1.190881
19158	-1928.398	-2118.359	189.9613	1.989992	0.8213414
19164	-1923.755	-2113.617	189.8618	1.667336	1.237269
19170	-1925.631	-2115.51	189.8788	1.688215	1.205238
19176	-1918.742	-2108.58	189.838	1.821399	1.124269
19182	-1925.177	-2114.907	189.7295	1.929834	1.124269
19188	-1920.626	-2110.397	189.7709	1.888441	1.124269
19194	-1921.914	-2111.744	189.8298	1.844073	1.111139
19200	-1919.963	-2109.608	189.6446	1.724334	1.367407
19206	-1912.829	-2102.772	189.9436	1.884972	0.9614352
19212	-1921.617	-2111.643	190.0253	1.87228	0.8862195
19218	-1921.398	-2111.365	189.9671	1.98638	0.8185516
19224	-1922.738	-2112.714	189.9763	1.970192	0.8274592
19230	-1925.89	-2114.658	188.7677	1.351162	2.238947
19236	-1925.338	-2114.009	188.6712	1.311211	2.326361
19242	-1914.899	-2104.661	189.7626	1.938928	1.085764
19248	-1915.748	-2105.626	189.8778	1.835549	1.07478
19254	-1919.444	-2109.255	189.8107	1.880863	1.094985
19260	-1917.451	-2107.168	189.7169	2.04461	1.028899
19266	-1917.537	-2107.405	189.8675	1.985092	0.9360112
19272	-1921.463	-2111.224	189.7608	1.774426	1.232162
19278	-1906.549	-2096.502	189.9527	1.95478	0.874742
19284	-1911.697	-2101.54	189.8434	1.965438	0.9817445
19290	-1914.254	-2104.163	189.9088	1.923172	0.9579317
19296	-1913.255	-2103.177	189.9224	2.010465	0.8443495
19302	-1917.117	-2107.079	189.9614	1.971457	0.8443495
19308	-1921.551	-2111.517	189.9655	2.021362	0.7736587
19314	-1922.58	-2112.519	189.9396	2.047205	0.7736587
19320	-1904.223	-2094.098	189.8751	2.021323	0.8874657
19326	-1912.721	-2102.682	189.9606	1.964402	0.8539699
19332	-1925.172	-2115.042	189.8702	2.007798	0.908283
19338	-1908.113	-2097.947	189.8335	2.112253	0.8283365
19344	-1915.777	-2105.48	189.7025	1.931488	1.146952
19350	-1915.523	-2105.486	189.9625	1.988091	0.8222329
19356	-1922.117	-2111.825	189.708	1.992586	1.086645
19362	-1917.621	-2107.023	189.4026	1.744777	1.536457
19368	-1916.281	-2106.185	189.9042	1.802701	1.080779
19374	-1910.802	-2100.613	189.8113	1.674355	1.273438
19380	-1902.875	-2092.514	189.6389	1.68633	1.40156
19386	-1908.606	-2098.441	189.8352	1.588007	1.324224
19392	-1907.004	-2096.568	189.5645	1.736089	1.420675
19398	-1913.977	-2103.935	189.9571	2.016424	0.7920363
19404	-1913.884	-2103.794	189.9097	1.819345	1.060004
19410	-1925.437	-2115.022	189.5845	1.784848	1.367005
19416	-1928.645	-2118.197	189.5519	1.453854	1.63981
19422	-1913.285	-2103.085	189.7998	1.603928	1.339752
19428	-1918.65	-2108.504	189.8534	1.72836	1.192523
19434	-1926.962	-2116.335	189.3731	1.705143	1.587266
19440	-1929.501	-2119.007	189.506	1.608921	1.560436
19446	-1917.193	-2106.803	189.6098	1.533249	1.539616
19452	-1915.303	-2104.604	189.3008	1.613563	1.705005
19458	-1912.713	-2102.442	189.7281	1.805631	1.233436
19464	-1907.393	-2097.385	189.9919	1.719827	1.076292
19470	-1907.563	-2097.415	189.8517	1.719827	1.201316
19476	-1906.746	-2096.325	189.5783	1.709103	1.430791
19482	-1911.163	-2100.905	189.7415	1.659846	1.341651
19488	-1920.379	-2109.659	189.2803	1.680546	1.671996
19494	-1918.715	-2108.562	189.8464	1.626981	1.283514
19500	-1911.757	-2101.653	189.8968	1.711269	1.169746
19506	-1907.225	-2097.184	189.9582	1.865469	0.966495
19512	-1908.357	-2097.964	189.6064	1.747414	1.379286
19518	-1917.838	-2107.508	189.6692	1.550457	1.482411
19524	-1919.189	-2108.244	189.0554	1.549489	1.918793
19530	-1920.744	-2110.36	189.6161	1.636663	1.457281
19536	-1915.935	-2105.347	189.4119	1.590353	1.642318
19542	-1917.522	-2107.22	189.6981	1.695203	1.34805
19548	-1905.331	-2095.207	189.8753	1.825331	1.086597
19554	-1919.568	-2109.327	189.7585	1.685045	1.307798
19560	-1916.839	-2106.584	189.7454	1.764236	1.253554
19566	-1907.683	-2097.52	189.8368	1.808021	1.137328
19572	-1929.243	-2118.559	189.3153	1.466473	1.797762
19578	-1919.769	-2108.868	189.0988	1.423829	1.974151
19584	-1920.935	-2109.137	188.2022	1.382355	2.576312
19590	-1925.672	-2113.405	187.7327	1.105084	3.030916
19596	-1910.845	-2098.357	187.5124	1.173174	3.12184
19602	-1905.03	-2093.59	188.5596	1.33592	2.381524
19608	-1911.165	-2100.737	189.5721	1.375662	1.681283
19614	-1915.629	-2105.003	189.3744	1.560685	1.690319
19620	-1920.093	-2109.371	189.2782	1.476136	1.816739
19626	-1921.831	-2111.111	189.2805	1.668082	1.680711
19632	-1909.747	-2098.823	189.0758	1.447237	1.973882
19638	-1914.795	-2103.87	189.0743	1.478492	1.953899
19644	-1904.527	-2093.68	189.1531	1.399716	1.953899
19650	-1905.708	-2095.292	189.5835	2.48547	0.389625
19656	-1910.813	-2100.463	189.65	2.408853	0.3733193
19662	-1922.738	-2112.641	189.9032	1.943244	0.9426106
19668	-1915.229	-2105.231	190.0015	1.875932	0.9088975
19674	-1922.312	-2112.136	189.824	1.775464	1.177208
19680	-1922.785	-2112.336	189.5515	2.52001	0.394164
19686	-1922.516	-2112.089	189.5731	2.52001	0.4538482
19692	-1918.091	-2107.84	189.7491	2.348044	0.5153815
19698	-1925.334	-2115.119	189.785	2.312592	0.5020484
19704	-1917.545	-2107.404	189.8596	2.232287	0.5556389
19710	-1912.381	-2102.08	189.6991	2.397066	0.5279134
19716	-1914.777	-2104.501	189.7245	2.37163	0.5279134
19722	-1907.575	-2097.408	189.8332	2.2644	0.501277
19728	-1904.356	-2094.2	189.8441	2.219882	0.6411953
19734	-1910.712	-2100.603	189.891	2.150267	0.6871333
19740	-1910.618	-2100.552	189.9341	2.051679	0.7751803
19746	-1913.764	-2103.672	189.9087	2.045042	0.8182372
19752	-1906.986	-2096.911	189.9256	1.999936	0.853352
19758	-1909.859	-2099.653	189.7938	2.059079	0.9357405
19764	-1903.697	-2093.614	189.9169	2.030226	0.826585
19770	-1920.444	-2110.157	189.713	2.384358	0.511141
19776	-1925.986	-2115.67	189.6838	2.413831	0.5009251
19782	-1914.524	-2103.97	189.4466	2.573582	0.328112
19788	-1916.515	-2106.221	189.7064	2.371428	0.4069602
19794	-1930.841	-2120.808	189.9664	2.081534	0.6745582
19800	-1925.044	-2114.757	189.7121	2.365993	0.4076161
19806	-1923.175	-2112.924	189.7492	2.344854	0.5438125
19812	-1914.547	-2104.578	190.0317	1.996346	0.7103656
19818	-1918.441	-2108.298	189.8565	2.185252	0.6863718
19824	-1916.034	-2104.781	188.7469	1.384418	2.230947
19830	-1921.343	-2110.252	188.9085	1.562709	2.008452
19836	-1925.386	-2114.397	189.0115	1.551366	1.947161
19842	-1907.964	-2097.932	189.9678	1.855975	0.9664274
19848	-1918.479	-2108.275	189.7964	1.985786	1.008607
19854	-1907.999	-2097.803	189.8037	1.917536	1.067386
19860	-1916.629	-2106.088	189.4598	1.661461	1.555754
19866	-1910.454	-2100.155	189.701	1.809795	1.252639
19872	-1914.181	-2104.062	189.8803	2.143242	0.7179373
19878	-1911.61	-2101.529	189.9185	2.155618	0.6163192
19884	-1920.492	-2110.329	189.8371	2.155618	0.7653208
19890	-1910.594	-2100.511	189.9173	2.039734	0.8139129
19896	-1909.996	-2099.859	189.8621	2.181251	0.6833469
19902	-1905.917	-2095.834	189.9168	2.106237	0.7187623
19908	-1908.394	-2098.128	189.7336	2.353174	0.577493
19914	-1920.543	-2110.312	189.7696	2.324702	0.4601077
19920	-1909.935	-2099.717	189.7816	2.315274	0.4806381
19926	-1910.007	-2099.864	189.8577	2.22787	0.5818728
19932	-1899.062	-2088.945	189.883	2.19487	0.6061254
19938	-1907.232	-2097.107	189.875	2.201334	0.6105046
19944	-1912.101	-2101.921	189.82	2.269271	0.567531
19950	-1912.51	-2102.239	189.7294	2.368226	0.504719
19956	-1904.63	-2094.446	189.8155	2.282155	0.5010591
19962	-1909.786	-2099.585	189.7993	2.297725	0.5180666
19968	-1908.283	-2098.257	189.9744	2.120485	0.5383331
19974	-1912.866	-2102.836	189.9695	2.122789	0.5535215
19980	-1926.513	-2116.373	189.8597	1.997886	0.9307148
19986	-1906.653	-2096.467	189.8138	1.891366	1.082378
19992	-1907.031	-2096.995	189.9639	1.794574	1.031797
19998	-1905.047	-2095.077	190.0302	1.973764	0.7486531
20004	-1897.29	-2087.17	189.8797	2.110881	0.7683262
20010	-1907.888	-2097.843	189.9553	1.970797	0.8525999
20016	-1903.813	-2093.784	189.971	1.96391	0.8419084
20022	-1906.09	-2096.032	189.9414	2.022077	0.8055746
20028	-1897.562	-2087.44	189.8783	2.050078	0.8499082
20034	-1900.911	-2090.839	189.9286	2.052874	0.7811422
20040	-1906.677	-2096.563	189.8863	2.032713	0.8611209
20046	-1918.198	-2108.21	190.0121	1.884989	0.8867907
20052	-1910.791	-2100.738	189.9473	2.01931	0.80135
20058	-1908.122	-2098.064	189.9424	2.028836	0.7951713
20064	-1916.826	-2106.755	189.9296	2.041601	0.7951713
20070	-1921.654	-2111.594	189.9396	2.097504	0.6947915
20076	-1923.229	-2113.213	189.9841	1.957327	0.8337371
20082	-1913.232	-2103.167	189.9357	2.048462	0.7773722
20088	-1927.208	-2116.962	189.7537	2.244652	0.757083
20094	-1911.896	-2101.79	189.8941	2.200752	0.5380129
20100	-1917.189	-2107.086	189.8974	2.152853	0.6701265
20106	-1928.85	-2118.703	189.8535	2.159418	0.7349146
20112	-1928.472	-2118.381	189.9091	2.091507	0.7537677
20118	-1921.349	-2111.355	190.0056	1.994938	0.7537677
20124	-1917.884	-2107.676	189.7918	2.143116	0.841852
20130	-1912.311	-2102.267	189.9559	1.879286	0.9545395
20136	-1905.409	-2095.263	189.8538	1.825636	1.106079
20142	-1911.071	-2101.054	189.9831	1.625523	1.169288
20148	-1920.123	-2109.436	189.3137	1.547048	1.742755
20154	-1910.055	-2099.652	189.5963	1.650712	1.461659
20160	-1915.819	-2105.668	189.8491	2.239866	0.5688971
20166	-1911.274	-2101.184	189.9103	2.186565	0.4807332
20172	-1912.298	-2102.229	189.9308	2.150671	0.5953902
20178	-1900.477	-2090.382	189.9046	2.18323	0.5733216
20184	-1898.06	-2087.946	189.8861	2.210213	0.5263759
20190	-1908.403	-2098.285	189.8824	2.214703	0.5158366
20196	-1914.019	-2103.92	189.9015	2.168125	0.6278947
20202	-1914.615	-2104.537	189.9224	1.8904	0.9777718
20208	-1918.617	-2108.52	189.9035	2.083913	0.7728018
20214	-1916.956	-2106.952	189.9963	1.871115	0.9199629
20220	-1917.419	-2107.367	189.9474	1.887228	0.9550706
20226	-1922.702	-2112.567	189.8644	1.901134	1.02493
20232	-1920.613	-2110.524	189.9102	1.963716	0.9128387
20238	-1919.134	-2109.095	189.9613	1.912623	0.9128387
20244	-1916.596	-2106.476	189.8802	1.718916	1.177551
20250	-1922.765	-2112.459	189.6936	1.807217	1.260865
20256	-1913.459	-2102.99	189.5307	1.747575	1.437843
20262	-1917.702	-2107.559	189.8569	1.79604	1.130029
20268	-1917.497	-2107.436	189.9391	1.946376	0.8999254
20274	-1917.426	-2107.37	189.9436	1.876081	0.9707028
20280	-1908.885	-2098.739	189.8547	2.090819	0.8285963
20286	-1904.803	-2094.746	189.9428	2.109018	0.6670739
20292	-1913.554	-2103.379	189.8245	2.192648	0.7283679
20298	-1904.222	-2094.113	189.8908	1.966791	0.9307069
20304	-1907.895	-2097.826	189.9307	2.071506	0.7513152
20310	-1909.682	-2099.606	189.9244	2.139431	0.6415151
20316	-1904.908	-2094.626	189.7174	2.376623	0.4587323
20322	-1907.276	-2096.856	189.5805	2.511409	0.4482768
20328	-1918.143	-2107.691	189.5473	2.523914	0.3936143
20334	-1910.902	-2100.562	189.6595	1.686801	1.385181
20340	-1915.157	-2104.943	189.7859	1.840032	1.1541
20346	-1914.388	-2104.154	189.7657	1.860217	1.1541
20352	-1913.713	-2103.561	189.8475	2.250123	0.4953633
20358	-1909.613	-2099.458	189.8455	2.250123	0.5324096
20364	-1911.528	-2101.15	189.6227	1.801541	1.323365
20370	-1923.924	-2113.482	189.5579	1.701648	1.452169
20376	-1912.391	-2101.937	189.546	1.713501	1.452169
20382	-1909.921	-2099.632	189.7112	2.381552	0.4523697
20388	-1896.968	-2086.665	189.6971	2.398034	0.465437
20394	-1901.729	-2091.409	189.6796	2.398034	0.4065732
20400	-1897.533	-2087.102	189.5683	2.509344	0.4065732
20406	-1895.467	-2084.914	189.4467	2.553034	0.3100797
20412	-1904.34	-2093.662	189.3218	2.665622	0.3004675
20418	-1911.637	-2100.915	189.2778	2.68353	0.282225
20424	-1903.983	-2093.304	189.3211	2.645526	0.2857065
20430	-1911.421	-2100.77	189.3495	2.65258	0.3120355
20436	-1910.75	-2099.966	189.2163	2.780273	0.3075891
20442	-1909.916	-2099.485	189.5695	2.502806	0.3956939
20448	-1912.137	-2101.811	189.674	2.405002	0.4096456
20454	-1909.956	-2099.747	189.791	2.302499	0.5470874
20460	-1907.577	-2097.435	189.8572	2.174597	0.7039759
20466	-1903.448	-2093.388	189.9396	1.998925	0.837435
20472	-1911.42	-2101.352	189.9326	2.11524	0.6748524
20478	-1912.628	-2102.576	189.948	2.122046	0.6269469
20484	-1909.51	-2099.423	189.9129	2.033742	0.8272892
20490	-1910.315	-2100.309	189.9942	2.064627	0.6525225
20496	-1906.892	-2096.909	190.0177	2.042153	0.650417
20502	-1901.862	-2091.579	189.7175	2.357089	0.400131
20508	-1903.823	-2093.561	189.7381	2.353956	0.4492056
20514	-1909.68	-2099.585	189.9054	2.191781	0.5155331
20520	-1911.787	-2101.496	189.7098	2.381595	0.5580981
20526	-1907.478	-2097.308	189.831	2.265991	0.5187476
20532	-1914.343	-2103.943	189.6002	1.722119	1.403803
20538	-1916.961	-2106.849	189.8884	1.890998	1.011336
20544	-1904.805	-2094.801	189.996	1.965727	0.8078142
20550	-1908.894	-2098.844	189.9496	1.930329	0.9061134
20556	-1922.731	-2112.659	189.9278	1.952147	0.9061134
20562	-1920.17	-2110.113	189.9434	1.824334	1.022802
20568	-1908.114	-2098.165	190.0505	1.726908	1.013315
20574	-1902.513	-2092.456	189.9424	1.763002	1.08222
20580	-1908.955	-2098.687	189.7323	1.884396	1.162188
20586	-1907.188	-2097.134	189.946	1.764745	1.077167
20592	-1907.575	-2097.268	189.6939	1.885071	1.194949
20598	-1911.539	-2101.477	189.9384	2.086521	0.7156316
20604	-1914.765	-2104.57	189.8048	1.918667	1.065313
20610	-1917.994	-2107.701	189.7071	1.979605	1.099445
20616	-1913.304	-2103.179	189.8748	1.881986	1.033429
20622	-1918.783	-2108.651	189.868	2.002059	0.9170473
20628	-1916.832	-2106.828	189.9962	2.002059	0.7571392
20634	-1915.487	-2105.386	189.8992	2.174687	0.6169445
20640	-1917.798	-2107.721	189.9224	2.134012	0.6575926
20646	-1924.985	-2114.833	189.8481	2.134012	0.7803078
20652	-1915.403	-2105.287	189.8843	2.097786	0.7803078
20658	-1912.617	-2102.516	189.8985	2.034142	0.8446366
20664	-1907.709	-2097.706	189.9964	2.03004	0.7130777
20670	-1898.944	-2088.892	189.9472	2.068759	0.7302491
20676	-1908.185	-2098.098	189.913	2.145123	0.6539981
20682	-1913.64	-2103.439	189.7993	2.11554	0.8660639
20688	-1907.973	-2097.96	189.9875	1.927317	0.8660639
20694	-1914.361	-2104.296	189.935	1.979827	0.8660639
20700	-1912.593	-2102.477	189.8838	2.147516	0.7048086
20706	-1904.443	-2094.301	189.8584	2.202603	0.647784
20712	-1905.427	-2095.291	189.8635	2.19749	0.647784
20718	-1896.794	-2086.788	189.994	1.996508	0.7684358
20724	-1902.033	-2092.055	190.0222	1.917914	0.8354133
20730	-1923.124	-2113.126	190.0014	2.014829	0.7298288
20736	-1915.974	-2105.897	189.9222	2.131192	0.6637724
20742	-1907.334	-2097.276	189.9425	2.048156	0.7681766
20748	-1907.976	-2097.894	189.9178	2.125048	0.6843043
20754	-1909.751	-2099.698	189.9473	2.122294	0.6279364
20760	-1925.507	-2115.433	189.9268	1.908206	0.9546808
20766	-1921.699	-2111.69	189.9916	1.978493	0.796773
20772	-1923.815	-2113.728	189.9126	2.004939	0.8628766
20778	-1919.123	-2109.053	189.9294	2.01179	0.834031
20784	-1915.4	-2105.165	189.7655	1.682352	1.304337
20790	-1906.79	-2096.769	189.9794	1.891159	0.9165153
20796	-1913.845	-2103.762	189.9168	2.082004	0.7563809
20802	-1923.776	-2113.53	189.7542	2.250524	0.7475385
20808	-1921.743	-2111.612	189.8689	2.225717	0.5399643
20814	-1918.919	-2108.793	189.8745	1.93904	0.9769826
20820	-1914.607	-2104.308	189.701	2.395483	0.475978
20826	-1906.956	-2096.602	189.6458	2.416847	0.3790647
20832	-1908.946	-2098.678	189.7322	2.359186	0.4461979
20838	-1902.462	-2092.209	189.7471	2.341345	0.4351372
20844	-1903.104	-2092.791	189.6876	2.400792	0.4351372
20850	-1911.062	-2100.889	189.8269	2.270526	0.5090622
20856	-1906.516	-2096.304	189.7879	2.280322	0.6312858
20862	-1910.808	-2100.541	189.7331	2.364035	0.4841207
20868	-1914.965	-2104.84	189.8749	2.208293	0.5897493
20874	-1912.738	-2102.551	189.8126	2.279082	0.5567948
20880	-1907.397	-2097.082	189.6846	2.401191	0.5808095
20886	-1899.733	-2089.615	189.8816	2.175669	0.655814
20892	-1911.391	-2101.359	189.9673	2.090006	0.655814
20898	-1907.358	-2097.294	189.9354	2.066114	0.7523364
20904	-1917.963	-2107.781	189.8183	2.096482	0.8661641
20910	-1910.049	-2099.892	189.8425	1.837597	1.105463
20916	-1912.906	-2102.804	189.8977	1.866663	1.026052
20922	-1908.103	-2097.837	189.7336	1.790103	1.241872
20928	-1909.352	-2099.236	189.884	1.894437	1.012252
20934	-1914.954	-2104.836	189.8826	1.895854	1.012252
20940	-1921.937	-2111.931	189.994	1.895854	0.8950244
20946	-1912.419	-2102.185	189.7656	1.787574	1.217025
20952	-1921.424	-2111.478	190.0546	1.901284	0.8153799
20958	-1919.274	-2109.272	189.9975	1.870402	0.9194613
20964	-1912.401	-2102.152	189.7515	2.041907	0.9974053
20970	-1920.817	-2110.749	189.932	2.076542	0.7418241
20976	-1907.914	-2097.875	189.9614	2.104195	0.6374433
20982	-1914.147	-2104.058	189.9104	2.186913	0.5123078
20988	-1913.062	-2102.995	189.9331	2.152553	0.5812762
20994	-1925.565	-2115.223	189.6578	2.399961	0.3717595
21000	-1905.984	-2095.52	189.5361	2.490562	0.3344667
21006	-1912.08	-2101.532	189.4521	2.592643	0.3544882
21012	-1909.389	-2099.303	189.9133	1.958651	0.9149932
21018	-1910.193	-2100.195	190.0022	1.930481	0.8445698
21024	-1906.035	-2095.688	189.6531	2.409842	0.3795533
21030	-1912.306	-2101.804	189.4979	2.564994	0.3795533
21036	-1920.415	-2109.748	189.3333	2.646715	0.2950264
21042	-1909.92	-2099.83	189.9103	2.079785	0.7690606
21048	-1916.629	-2106.398	189.7689	1.77552	1.224414
21054	-1918.484	-2108.007	189.5235	1.638597	1.525496
21060	-1914.68	-2104.633	189.9528	2.137506	0.5629869
21066	-1917.486	-2107.437	189.9512	2.140134	0.5584341
21072	-1912.361	-2102.092	189.7316	1.829223	1.210493
21078	-1926.123	-2116.148	190.0249	1.559708	1.190077
21084	-1918.029	-2107.845	189.8153	1.755041	1.202333
21090	-1925.63	-2115.533	189.9035	1.979275	0.9029354
21096	-1918.201	-2108.236	190.0344	1.88118	0.8652383
21102	-1925.21	-2115.134	189.924	2.088298	0.7358681
21108	-1915.566	-2105.533	189.9671	2.090282	0.6556214
21114	-1907.658	-2097.619	189.9612	2.057425	0.7259798
21120	-1918.247	-2108.232	189.9851	2.058716	0.6825384
21126	-1922.11	-2112.064	189.9539	2.113438	0.6333429
21132	-1907.516	-2097.458	189.9424	2.124933	0.6333429
21138	-1919.531	-2109.431	189.9003	2.160985	0.6471186
21144	-1913.359	-2103.15	189.7905	2.287508	0.6057526
21150	-1904.162	-2094.048	189.8864	2.072771	0.8112196
21156	-1905.408	-2095.392	189.9842	1.952263	0.8399359
21162	-1920.321	-2110.295	189.974	2.111146	0.5832288
21168	-1921.632	-2111.582	189.9497	2.066794	0.7293382
21174	-1920.019	-2109.876	189.8573	2.110626	0.7996199
21180	-1918.053	-2107.779	189.7259	2.369297	0.5359529
21186	-1914.669	-2104.445	189.7764	2.311485	0.4333361
21192	-1902.882	-2092.659	189.7764	2.311485	0.4333361
21198	-1908.518	-2098.371	189.8531	2.244523	0.50227
21204	-1908.799	-2098.564	189.765	2.323797	0.4365804
21210	-1920.523	-2110.255	189.7318	2.365854	0.4968986
21216	-1911.205	-2101.066	189.8608	2.23623	0.4833325
21222	-1914.848	-2104.645	189.7965	2.298525	0.5370248
21228	-1906.405	-2096.054	189.6496	2.447774	0.4890466
21234	-1915.957	-2105.91	189.953	2.022347	0.7896642
21240	-1910.432	-2100.526	190.0942	1.952621	0.6767347
21246	-1921.273	-2111.293	190.0196	2.027259	0.6767347
21252	-1930.088	-2119.737	189.6484	1.640976	1.429294
21258	-1926.319	-2115.512	189.1932	1.489854	1.865657
21264	-1914.87	-2104.677	189.8077	1.717094	1.24093
21270	-1920.753	-2110.266	189.5131	1.545181	1.601822
21276	-1915.636	-2105.351	189.7149	1.549883	1.448172
21282	-1909.439	-2099.181	189.742	1.50522	1.461511
21288	-1915.583	-2105.379	189.7961	1.572031	1.368033
21294	-1914.651	-2104.413	189.7613	1.630667	1.34911
21300	-1916.907	-2106.549	189.6425	1.725962	1.367768
21306	-1920.074	-2109.83	189.756	1.565357	1.404622
21312	-1920.551	-2110.047	189.496	1.680373	1.514871
21318	-1920.582	-2110.28	189.6981	1.515909	1.486655
21324	-1929.08	-2118.985	189.9045	2.175683	0.5992403
21330	-1928.158	-2118.03	189.8727	2.2075	0.5992403
21336	-1931.304	-2121.162	189.8583	2.122233	0.7824261
21342	-1921.243	-2110.914	189.6715	1.840237	1.251813
21348	-1921.809	-2111.729	189.9198	1.929042	0.9400431
21354	-1907.141	-2097.082	189.9407	1.935177	0.9106984
21360	-1908.492	-2098.183	189.691	1.828964	1.245
21366	-1916.987	-2106.737	189.7498	1.817706	1.204781
21372	-1907.517	-2097.058	189.5413	1.679723	1.481336
21378	-1913.034	-2102.911	189.8767	1.639829	1.247807
21384	-1920.533	-2110.272	189.7394	1.692392	1.317291
21390	-1912.751	-2102.241	189.49	1.666096	1.529981
21396	-1922.023	-2111.664	189.6413	1.470617	1.562628
21402	-1919.703	-2109.344	189.6419	1.643956	1.432035
21408	-1915.38	-2104.978	189.5988	1.656536	1.455337
21414	-1930.077	-2120.017	189.9399	2.15615	0.528564
21420	-1915.255	-2105.107	189.8515	1.72431	1.197674
21426	-1910.877	-2100.731	189.8539	1.859435	1.074771
21432	-1923.673	-2113.586	189.9136	2.081751	0.7615214
21438	-1915.101	-2105.002	189.9002	2.095071	0.7615214
21444	-1913.997	-2103.851	189.8539	2.162791	0.7289668
21450	-1909.465	-2099.557	190.0912	1.933539	0.7158752
21456	-1918.171	-2108.087	189.9164	2.089078	0.746459
21462	-1913.386	-2103.386	190	1.975825	0.7889698
21468	-1911.481	-2101.446	189.9647	1.994718	0.8108246
21474	-1925.36	-2115.104	189.7444	1.770304	1.249373
21480	-1914.825	-2104.649	189.8237	2.23878	0.6445988
21486	-1924.033	-2113.891	189.8587	2.23878	0.5074701
21492	-1920.236	-2110.159	189.9229	2.098082	0.7220874
21498	-1913.49	-2103.346	189.8557	2.027651	0.902358
21504	-1916.009	-2105.933	189.9237	2.159748	0.5891138
21510	-1911.881	-2101.836	189.955	2.128468	0.5891138
21516	-1907.118	-2097.044	189.9253	2.147661	0.6194519
21522	-1900.175	-2090.085	189.9094	2.164488	0.6169782
21528	-1905.919	-2095.879	189.9603	2.113408	0.6175957
21534	-1916.252	-2106.024	189.7724	2.113408	0.8996038
21540	-1913.864	-2103.448	189.5845	1.616334	1.496522
21546	-1917.259	-2106.828	189.569	1.586273	1.530598
21552	-1913.152	-2102.862	189.7105	1.580721	1.427902
21558	-1908.788	-2098.451	189.663	1.705785	1.367469
21564	-1905.245	-2094.906	189.6611	1.707673	1.367469
21570	-1920.947	-2110.39	189.4432	1.616996	1.600399
21576	-1931.383	-2121.043	189.6603	1.609404	1.444414
21582	-1929.381	-2119.146	189.7653	1.883139	1.13409
21588	-1923.585	-2113.315	189.7297	1.86898	1.177948
21594	-1922.097	-2111.943	189.8463	1.754498	1.176063
21600	-1921.88	-2111.752	189.8715	1.960531	0.9578103
21606	-1909.306	-2098.798	189.4919	1.845995	1.391727
21612	-1912.109	-2101.343	189.2337	1.780237	1.633914
21618	-1914.081	-2103.755	189.6739	1.781091	1.298481
21624	-1931.905	-2121.643	189.7381	1.610256	1.383563
21630	-1920.619	-2110.138	189.5185	1.655094	1.516947
21636	-1900.735	-2090.309	189.5741	1.719637	1.425927
21642	-1930.65	-2120.235	189.585	1.651965	1.469339
21648	-1920.22	-2109.775	189.5547	1.601169	1.530104
21654	-1921.533	-2111.108	189.5752	1.58067	1.530104
21660	-1915.662	-2105.333	189.6708	1.568222	1.467752
21666	-1925.272	-2115.096	189.8241	1.605153	1.319333
21672	-1918.071	-2107.908	189.8368	1.692417	1.237178
21678	-1908.11	-2098.125	190.0154	1.719038	1.054916
21684	-1915.76	-2105.523	189.7631	1.720291	1.275254
21690	-1926.065	-2115.881	189.8157	1.949716	1.025107
21696	-1932.021	-2121.918	189.8975	1.885255	1.007995
21702	-1919.327	-2109.222	189.8949	1.942674	0.9520498
21708	-1922.643	-2112.489	189.8468	1.921298	1.022403
21714	-1907.422	-2097.446	190.0239	1.9328	0.814381
21720	-1924.892	-2114.6	189.7071	1.763587	1.285664
21726	-1915.273	-2105.061	189.7873	1.698313	1.273469
21732	-1924.503	-2113.772	189.2694	1.594629	1.740446
21738	-1905.553	-2094.602	189.0498	1.447633	1.990989
21744	-1907.064	-2096.267	189.2026	1.583626	1.794729
21750	-1908.909	-2098.203	189.2942	1.492003	1.794729
21756	-1910.791	-2100.697	189.9067	1.717094	1.155999
21762	-1928.832	-2118.723	189.8917	1.997439	0.8957939
21768	-1919.583	-2109.493	189.9103	1.956229	0.9209248
21774	-1905.989	-2095.926	189.9371	1.893139	0.959672
21780	-1912.487	-2102.415	189.9281	1.95295	0.9049587
21786	-1906.036	-2096.013	189.977	1.927328	0.8784442
21792	-1904.663	-2094.296	189.6333	1.642851	1.43944
21798	-1902.45	-2092.134	189.6844	1.543822	1.475936
21804	-1909.449	-2099.033	189.584	1.583275	1.521654
21810	-1918.735	-2108.279	189.5443	2.4983	0.3519562
21816	-1923.524	-2113.037	189.5134	2.551315	0.3824188
21822	-1919.729	-2109.41	189.6811	2.415379	0.4764993
21828	-1919.926	-2109.719	189.793	2.304138	0.5152358
21834	-1928.879	-2118.747	189.868	2.22819	0.5268957
21840	-1916.631	-2106.339	189.7075	1.974725	1.10354
21846	-1900.122	-2089.995	189.873	1.93922	0.9782786
21852	-1931.334	-2121.148	189.8147	2.280873	0.5330236
21858	-1930.064	-2119.811	189.7477	2.347508	0.4659852
21864	-1918.873	-2108.814	189.9411	2.031049	0.7938843
21870	-1914.558	-2104.4	189.8427	2.087095	0.8481481
21876	-1914.218	-2104.194	189.9758	1.988973	0.8037887
21882	-1917.209	-2107.186	189.9765	2.00522	0.7808791
21888	-1914.395	-2104.22	189.8253	1.890046	1.072913
21894	-1918.24	-2108.201	189.961	1.912741	0.9130076
21900	-1921.399	-2111.311	189.9126	2.177852	0.5623219
21906	-1921.662	-2111.502	189.8403	2.247079	0.5749108
21912	-1919.034	-2108.863	189.8298	2.247079	0.60885
21918	-1911.946	-2101.749	189.803	2.290203	0.548302
21924	-1910.61	-2100.544	189.934	2.119867	0.6629341
21930	-1918.492	-2108.426	189.934	2.119867	0.6629341
21936	-1921.177	-2111.057	189.8801	2.211015	0.5591512
21942	-1917.105	-2106.95	189.8446	2.252999	0.5042207
21948	-1920.544	-2110.528	189.984	2.078293	0.6450799
21954	-1913.722	-2103.659	189.937	2.119555	0.6573357
21960	-1918.018	-2107.89	189.8726	2.066633	0.8365616
21966	-1918.808	-2108.794	189.9861	1.953091	0.8365616
21972	-1907.286	-2097.199	189.9133	2.183494	0.4793048
21978	-1907.066	-2097.01	189.944	2.119281	0.6428433
21984	-1929.675	-2119.436	189.7614	2.301867	0.6428433
21990	-1917.988	-2107.704	189.7166	2.379416	0.4722607
21996	-1920.682	-2110.472	189.7898	2.306314	0.473261
22002	-1925.66	-2114.983	189.3237	1.647519	1.66459
22008	-1915.093	-2104.383	189.2901	1.72867	1.630457
22014	-1896.306	-2086.334	190.0277	1.97149	0.7558682
22020	-1907.752	-2097.287	189.5351	1.598225	1.546809
22026	-1901.626	-2091.271	189.6449	1.517026	1.525654
22032	-1902.343	-2091.179	188.8362	1.393414	2.167358
22038	-1899.421	-2088.375	188.9542	1.377488	2.100682
22044	-1914.678	-2104.561	189.8834	1.977872	0.9266936
22050	-1917.381	-2107.24	189.8588	1.785216	1.13807
22056	-1912.337	-2102.171	189.8346	1.792004	1.153515
22062	-1904.664	-2094.602	189.9381	1.73869	1.108467
22068	-1909.195	-2099.096	189.9004	1.863094	1.026899
22074	-1906	-2095.898	189.899	1.703533	1.174612
22080	-1911.911	-2101.597	189.6855	1.765459	1.301753
22086	-1906.569	-2096.472	189.9038	1.673187	1.196711
22092	-1908.22	-2097.703	189.4829	1.749921	1.472419
22098	-1910.836	-2100.622	189.7866	1.66086	1.304583
22104	-1909.46	-2098.926	189.466	1.67477	1.541297
22110	-1904.297	-2094.212	189.9148	1.782419	1.089733
22116	-1911.112	-2100.901	189.7889	1.782397	1.201583
22122	-1911.452	-2101.394	189.9423	1.679816	1.157407
22128	-1906.285	-2094.761	188.476	1.343958	2.429186
22134	-1910.498	-2100.305	189.8065	1.624454	1.317966
22140	-1930.279	-2119.457	189.1783	1.44911	1.903566
22146	-1916.057	-2105.524	189.4668	1.680907	1.536196
22152	-1910.707	-2100.552	189.845	1.622805	1.288026
22158	-1904.951	-2094.982	190.0309	1.801798	0.957183
22164	-1898.61	-2088.656	190.0462	1.872635	0.8612977
22170	-1897.507	-2087.493	189.9859	1.816146	0.9886309
22176	-1918.283	-2108.226	189.9425	1.826536	1.021498
22182	-1907.717	-2097.702	189.9842	1.760582	1.044985
22188	-1900.848	-2090.763	189.9151	1.79954	1.073554
22194	-1904.601	-2094.405	189.8038	1.910885	1.073554
22200	-1906.529	-2096.347	189.818	1.896695	1.073554
22206	-1908.398	-2098.223	189.8254	1.889227	1.073554
22212	-1911.175	-2100.982	189.8076	1.955402	1.027384
22218	-1907.485	-2097.502	190.017	1.955402	0.7935732
22224	-1913.695	-2103.624	189.9297	2.020717	0.8225003
22230	-1923.056	-2112.914	189.8573	2.093074	0.8225003
22236	-1920.768	-2110.699	189.9309	1.903625	0.9552503
22242	-1931.569	-2121.458	189.8895	1.862509	1.038076
22248	-1908.83	-2098.758	189.9283	2.03941	0.7999076
22254	-1909.641	-2099.593	189.9522	2.07578	0.7105043
22260	-1910.016	-2100.049	190.0328	1.976907	0.7398894
22266	-1919.731	-2109.609	189.8784	2.100344	0.7850172
22272	-1917.545	-2107.384	189.8385	2.064951	0.8793971
22278	-1920.666	-2110.591	189.9252	1.993459	0.8615628
22284	-1908.138	-2098.119	189.9811	1.91004	0.893588
22290	-1902.804	-2092.762	189.9574	1.952871	0.8714778
22296	-1901.595	-2091.563	189.968	2.020316	0.7715451
22302	-1914.706	-2104.687	189.9817	2.006642	0.7715451
22308	-1910.056	-2100.003	189.9469	2.08372	0.7060847
22314	-1919.161	-2109.026	189.8658	2.08372	0.8236483
22320	-1916.339	-2106.129	189.7899	1.561928	1.380834
22326	-1913.406	-2102.818	189.4115	1.513844	1.697245
22332	-1910.528	-2099.337	188.8089	1.378135	2.194939
22338	-1912.037	-2100.766	188.7297	1.457321	2.194939
22344	-1917.979	-2107.178	189.1996	1.440329	1.895079
22350	-1932.012	-2121.968	189.9553	2.008813	0.8046614
22356	-1940.309	-2130.224	189.9148	2.089715	0.747901
22362	-1920.439	-2110.202	189.7621	2.32524	0.5752639
22368	-1914.892	-2104.789	189.8977	2.191317	0.5683691
22374	-1917.555	-2107.374	189.8186	2.270484	0.5683691
22380	-1925.64	-2115.501	189.8605	2.176963	0.694137
22386	-1925.595	-2115.495	189.8994	2.176963	0.6103297
22392	-1918.207	-2108.106	189.8993	2.177115	0.6103297
22398	-1917.807	-2107.72	189.9136	2.169397	0.5905355
22404	-1909.805	-2099.512	189.7076	2.387436	0.5367345
22410	-1916.832	-2105.496	188.6639	1.355928	2.302487
22416	-1922.532	-2111.942	189.4106	1.446826	1.745048
22422	-1913.974	-2103.457	189.4837	1.618203	1.569961
22428	-1917.409	-2106.986	189.5773	1.683201	1.451421
22434	-1920.863	-2110.543	189.6792	1.693106	1.364714
22440	-1923.451	-2113.222	189.7703	1.816282	1.188436
22446	-1911.506	-2101.375	189.869	1.641045	1.253254
22452	-1900.711	-2090.638	189.9268	1.926494	0.9353427
22458	-1905.093	-2095.04	189.9463	1.87712	0.9668114
22464	-1903.564	-2093.131	189.5666	1.613184	1.512305
22470	-1901.955	-2091.756	189.8005	1.762851	1.208381
22476	-1922.698	-2112.545	189.8472	1.815523	1.121269
22482	-1915.961	-2105.529	189.5678	1.80259	1.366184
22488	-1912.866	-2102.33	189.4641	1.730221	1.501459
22494	-1938.275	-2126.456	188.1814	1.313611	2.631675
22500	-1912.635	-2102.173	189.5381	1.64302	1.51134
22506	-1917.918	-2107.341	189.423	1.505985	1.694611
22512	-1907.843	-2097.286	189.4433	1.576485	1.629681
22518	-1906.59	-2096.418	189.8282	1.638464	1.289006
22524	-1915.232	-2104.921	189.6898	1.650507	1.389815
22530	-1913.35	-2103.291	189.9406	1.657252	1.178683
22536	-1919.916	-2109.794	189.878	1.813417	1.095094
22542	-1916.525	-2106.421	189.8963	1.884784	1.009641
22548	-1909.146	-2099.158	190.0129	1.768172	1.009641
22554	-1905.692	-2095.637	189.9443	1.881985	0.9638136
22560	-1916.69	-2106.521	189.8309	1.885055	1.072366
22566	-1920.4	-2110.231	189.8311	1.914757	1.044005
22572	-1918.203	-2108.16	189.9573	1.936626	0.8903467
22578	-1908.668	-2098.635	189.967	2.099694	0.6347955
22584	-1923.596	-2113.58	189.984	2.099694	0.5883112
22590	-1929.048	-2118.816	189.7672	1.881328	1.133974
22596	-1932.636	-2122.574	189.9382	1.802162	1.049249
22602	-1906.181	-2095.802	189.6208	2.467461	0.4345605
22608	-1908.635	-2098.232	189.5961	2.501327	0.4888548
22614	-1908.251	-2097.958	189.7071	2.390038	0.4839518
22620	-1905.136	-2094.841	189.705	2.39263	0.4958651
22626	-1915.562	-2105.237	189.6751	2.413688	0.4364631
22632	-1916.482	-2106.374	189.8917	1.846663	1.051181
22638	-1916.592	-2106.297	189.7047	1.917289	1.157592
22644	-1910.366	-2100.303	189.9368	2.12282	0.6507803
22650	-1925.414	-2114.859	189.4452	1.492991	1.688119
22656	-1918.811	-2108.469	189.6582	1.653591	1.411964
22662	-1914.926	-2104.399	189.4728	1.573997	1.610167
22668	-1923.739	-2113.286	189.5472	1.608194	1.53051
22674	-1921.436	-2111.2	189.7642	1.716437	1.27752
22680	-1917.419	-2107.164	189.7457	1.801108	1.222419
22686	-1911.028	-2100.709	189.6807	1.759332	1.310649
22692	-1923.996	-2113.888	189.8917	1.659781	1.218419
22698	-1913.533	-2103.095	189.5626	1.67657	1.467615
22704	-1915.162	-2104.594	189.4319	1.584709	1.632019
22710	-1910.391	-2099.829	189.4376	1.572696	1.636547
22716	-1918.059	-2107.546	189.4867	1.619587	1.566759
22722	-1914.151	-2103.942	189.7911	1.865165	1.12707
22728	-1904.097	-2093.935	189.8375	1.818791	1.12707
22734	-1902.009	-2091.641	189.6322	1.578893	1.488835
22740	-1916.548	-2105.947	189.3994	1.561298	1.672088
22746	-1921.304	-2110.569	189.2649	1.695787	1.672088
22752	-1916.568	-2106.229	189.6602	1.689692	1.382364
22758	-1905.299	-2095.095	189.7951	1.970112	1.025287
22764	-1911.777	-2101.711	189.9343	1.821163	1.034767
22770	-1909.127	-2098.346	189.2194	1.441862	1.880513
22776	-1912.864	-2102.041	189.1767	1.313097	1.996089
22782	-1924.643	-2114.254	189.6102	1.643767	1.456359
22788	-1923.576	-2112.201	188.6249	1.555015	2.199543
22794	-1917.987	-2107.231	189.244	1.497855	1.82537
22800	-1908.263	-2098.15	189.8876	1.581139	1.28726
22806	-1903.785	-2093.423	189.6382	1.697954	1.393077
22812	-1906.277	-2095.916	189.6388	1.718703	1.376325
22818	-1897.826	-2087.77	189.9441	1.821277	1.025096
22824	-1902.213	-2092.101	189.8874	1.755316	1.139195
22830	-1902.549	-2092.322	189.7725	1.731417	1.258283
22836	-1906.506	-2096.531	190.025	2.008666	0.7008379
22842	-1899.051	-2089.059	190.0084	2.027011	0.697735
22848	-1907.751	-2097.705	189.9545	2.009415	0.8049012
22854	-1927.587	-2117.38	189.7924	1.788833	1.193051
22860	-1921.457	-2111.328	189.8715	1.795816	1.117146
22866	-1927.494	-2117.137	189.6428	1.871133	1.250013
22872	-1920.333	-2110.343	190.0096	2.053058	0.644084
22878	-1916.116	-2106.075	189.959	2.052837	0.7366195
22884	-1913.083	-2102.888	189.8058	2.116019	0.8578256
22890	-1907.608	-2097.485	189.8773	2.132296	0.7400541
22896	-1908.093	-2097.964	189.8716	2.202324	0.6170193
22902	-1919.723	-2109.609	189.886	2.143837	0.7074273
22908	-1910.928	-2100.826	189.8981	2.172578	0.6252946
22914	-1913.571	-2103.49	189.9197	2.164397	0.5867221
22920	-1920.917	-2110.323	189.4062	1.520183	1.696479
22926	-1913.371	-2102.114	188.7436	1.453076	2.188734
22932	-1928.251	-2117.687	189.4356	1.523241	1.673421
22938	-1927.677	-2116.194	188.5174	1.471753	2.322032
22944	-1920.414	-2110.288	189.8739	2.22067	0.54047
22950	-1919.889	-2109.913	190.0239	2.046288	0.6265144
22956	-1924.411	-2114.346	189.9344	2.062315	0.7595126
22962	-1912.968	-2102.906	189.9378	2.058913	0.7595126
22968	-1923.455	-2113.256	189.8018	2.269819	0.6229209
22974	-1914.478	-2104.297	189.8193	2.277537	0.5199606
22980	-1918.983	-2108.486	189.5034	1.850734	1.379034
22986	-1915.73	-2105.381	189.651	1.80159	1.300441
22992	-1924.518	-2114.411	189.8935	1.859251	1.037383
22998	-1915.74	-2105.529	189.7887	1.943191	1.057291
23004	-1918.855	-2108.394	189.5393	2.496071	0.343711
23010	-1919.874	-2109.61	189.7363	1.882258	1.160575
23016	-1916.227	-2105.997	189.7705	1.791686	1.209333
23022	-1920.703	-2110.445	189.7425	1.75527	1.263382
23028	-1929.357	-2118.368	189.0111	1.585822	1.924192
23034	-1919.545	-2109.294	189.7491	2.347459	0.476709
23040	-1917.419	-2107.188	189.7692	1.632289	1.341587
23046	-1916.959	-2106.51	189.5512	1.627253	1.513332
23052	-1908.991	-2098.416	189.4251	1.400496	1.767319
23058	-1915.798	-2105.061	189.2632	1.517907	1.798231
23064	-1907.307	-2097.102	189.7947	2.302845	0.5062416
23070	-1915.042	-2104.754	189.7117	1.766266	1.279703
23076	-1921.778	-2111.589	189.8104	1.841946	1.130628
23082	-1907.438	-2097.303	189.8654	2.185093	0.6696392
23088	-1916.219	-2106.117	189.8978	2.108558	0.7451193
23094	-1921.332	-2111.268	189.9369	1.992201	0.8490072
23100	-1914.211	-2104.092	189.8811	2.12307	0.7484429
23106	-1914.077	-2104.07	189.9928	2.01294	0.7460238
23112	-1913.147	-2103.065	189.9179	2.130396	0.673941
23118	-1914.756	-2104.78	190.0239	1.953722	0.7864665
23124	-1912.379	-2102.364	189.9852	1.80695	0.9986118
23130	-1896.577	-2086.472	189.8947	2.077162	0.7943551
23136	-1905.708	-2095.678	189.97	1.944238	0.8667971
23142	-1904.941	-2094.87	189.929	2.130024	0.652103
23148	-1907.136	-2097.182	190.0459	1.961238	0.7438928
23154	-1902.718	-2092.634	189.9157	1.901861	0.9728083
23160	-1918.204	-2108.143	189.9383	1.753631	1.094661
23166	-1918.47	-2108.207	189.7372	1.831434	1.203815
23172	-1917.326	-2107.118	189.7916	1.814965	1.171081
23178	-1916.995	-2106.976	189.9816	1.715174	1.090168
23184	-1914.736	-2104.55	189.8138	1.809298	1.156541
23190	-1916.967	-2106.786	189.819	1.626915	1.305858
23196	-1911.72	-2101.488	189.768	1.759425	1.23873
23202	-1910.064	-2099.73	189.6652	1.705885	1.365676
23208	-1914.008	-2103.456	189.4483	1.547262	1.647117
23214	-1909.297	-2098.857	189.5599	1.718482	1.437711
23220	-1902.611	-2092.432	189.8209	1.796711	1.161438
23226	-1910.236	-2100.212	189.9754	1.909533	0.9005578
23232	-1918.683	-2108.542	189.8595	2.002946	0.9254493
23238	-1912.484	-2102.389	189.9053	1.779746	1.100995
23244	-1916.585	-2106.453	189.8671	1.648143	1.248883
23250	-1906.888	-2096.64	189.7522	1.798683	1.218972
23256	-1914.214	-2104.083	189.8685	1.800116	1.115963
23262	-1932.842	-2122.76	189.9176	2.026104	0.8309416
23268	-1929.078	-2118.958	189.8796	2.026104	0.8768159
23274	-1919.619	-2109.378	189.7592	1.740379	1.261937
23280	-1916.253	-2106.119	189.8657	1.643357	1.254088
23286	-1908.287	-2097.744	189.457	1.623075	1.58595
23292	-1905.334	-2095.274	189.9401	1.674109	1.164409
23298	-1905.422	-2095.354	189.9323	1.545477	1.279926
23304	-1920.824	-2110.508	189.6847	1.484282	1.520419
23310	-1918.824	-2107.34	188.5165	1.291993	2.436426
23316	-1922.244	-2110.669	188.4253	1.383158	2.436426
23322	-1923.663	-2111.055	187.392	1.278887	3.130557
23328	-1932.139	-2119.869	187.7301	1.277889	2.928691
23334	-1929.507	-2118.715	189.2084	1.474478	1.865831
23340	-1931.185	-2120.507	189.322	1.386138	1.848493
23346	-1934.754	-2123.965	189.2113	1.513162	1.837301
23352	-1924.031	-2113.215	189.1838	1.483549	1.876413
23358	-1921.241	-2110.539	189.2986	1.55688	1.746451
23364	-1920.292	-2109.775	189.4827	1.606045	1.579575
23370	-1912.248	-2101.72	189.4711	1.617729	1.579575
23376	-1910.376	-2099.865	189.4887	1.668221	1.529343
23382	-1911.672	-2101.155	189.4839	1.565845	1.608045
23388	-1902.338	-2091.734	189.3956	1.516229	1.706776
23394	-1896.49	-2085.762	189.2715	1.405984	1.869512
23400	-1915.617	-2104.8	189.1825	1.494964	1.869512
23406	-1916.378	-2105.646	189.2683	1.422221	1.860602
23412	-1920.185	-2109.64	189.4551	1.404891	1.743309
23418	-1920.379	-2109.529	189.1506	1.476626	1.903692
23424	-1914.149	-2103.768	189.6198	1.692596	1.411533
23430	-1929.886	-2118.672	188.7866	1.393521	2.199438
23436	-1925.414	-2114.587	189.1727	1.485453	1.882662
23442	-1930.736	-2119.401	188.665	1.50997	2.202786
23448	-1926.361	-2115.991	189.6304	1.526865	1.529114
23454	-1909.679	-2099.257	189.5777	1.574779	1.532667
23460	-1912.951	-2102.562	189.6113	1.474539	1.581737
23466	-1920.277	-2109.439	189.1618	1.594759	1.81519
23472	-1912.608	-2101.862	189.2535	1.434078	1.862581
23478	-1912.724	-2102.226	189.5025	1.50794	1.63646
23484	-1914.08	-2103.557	189.4769	1.597582	1.590047
23490	-1909.856	-2099.331	189.4748	1.399965	1.732894
23496	-1910.817	-2100.227	189.4098	1.53073	1.6864
23502	-1918.892	-2108.885	189.9937	1.944245	0.8381287
23508	-1915.224	-2105.105	189.8802	1.940466	0.9696692
23514	-1924.459	-2114.375	189.9156	2.020806	0.8400433
23520	-1913.502	-2103.292	189.7901	1.936717	1.062117
23526	-1917.449	-2107.472	190.023	1.816132	0.9503443
23532	-1919.278	-2109.209	189.9307	1.877375	0.9825072
23538	-1913.666	-2103.51	189.8442	1.914338	1.031759
23544	-1911.886	-2101.76	189.8747	1.721279	1.180316
23550	-1923.096	-2112.794	189.6976	1.710574	1.336247
23556	-1917.802	-2107.226	189.4234	1.755424	1.513048
23562	-1910.947	-2100.622	189.6757	1.675144	1.381602
23568	-1913.498	-2103.19	189.6916	1.74302	1.315039
23574	-1909.843	-2099.564	189.721	1.89629	1.161669
23580	-1917.37	-2106.637	189.2661	1.611884	1.730638
23586	-1921.42	-2111.048	189.6278	1.80026	1.320311
23592	-1924.105	-2113.999	189.8941	2.00337	0.8862651
23598	-1912.737	-2102.588	189.8512	1.967935	0.9712506
23604	-1914.753	-2104.539	189.7861	2.110754	0.887056
23610	-1912.149	-2102.075	189.9256	2.041997	0.800077
23616	-1912.742	-2102.667	189.9255	2.042058	0.800077
23622	-1906.002	-2095.95	189.9474	2.020168	0.800077
23628	-1915.55	-2105.537	189.9869	2.003476	0.7685855
23634	-1910.62	-2100.468	189.8489	2.041722	0.8941383
23640	-1912.167	-2102.161	189.9936	1.99419	0.7722932
23646	-1918.66	-2108.54	189.8796	2.001314	0.9050618
23652	-1909.814	-2099.72	189.905	2.011408	0.8641884
23658	-1906.494	-2096.366	189.8721	1.964797	0.9527777
23664	-1914.939	-2104.772	189.8323	2.122754	0.816534
23670	-1907.871	-2097.719	189.8478	2.027914	0.9108734
23676	-1919.196	-2109.217	190.0212	1.978547	0.7550617
23682	-1928.947	-2118.697	189.7499	1.636871	1.353285
23688	-1927.641	-2117.372	189.7317	1.556616	1.43012
23694	-1922.247	-2111.949	189.702	1.712766	1.33095
23700	-1918.357	-2107.808	189.4518	1.673321	1.552923
23706	-1922.137	-2111.039	188.9025	1.509384	2.047813
23712	-1913.238	-2102.856	189.6184	1.664202	1.434478
23718	-1911.722	-2101.291	189.5686	1.610736	1.512648
23724	-1912.614	-2101.992	189.3783	1.571854	1.679576
23730	-1917.19	-2106.638	189.4473	1.613767	1.599807
23736	-1911.512	-2100.626	189.1144	1.503108	1.910274
23742	-1902.296	-2091.608	189.312	1.50141	1.775798
23748	-1910.323	-2099.44	189.1171	1.454882	1.941015
23754	-1917.211	-2106.833	189.6214	1.673157	1.425318
23760	-1915.788	-2105.586	189.7977	1.644666	1.308763
23766	-1917.412	-2107.408	189.9965	1.739595	1.053347
23772	-1897.434	-2087.043	189.6086	1.592703	1.496194
23778	-1901.951	-2091.51	189.5599	1.598865	1.527991
23784	-1914.749	-2104.475	189.7256	1.651643	1.360791
23790	-1903.482	-2093.133	189.6502	1.832147	1.276114
23796	-1911.781	-2101.408	189.6269	1.737115	1.371215
23802	-1901.519	-2091.307	189.788	1.709385	1.263742
23808	-1908.21	-2098.002	189.792	1.705408	1.263742
23814	-1923.697	-2113.561	189.8632	1.622211	1.273631
23820	-1928.045	-2117.674	189.629	1.69424	1.403084
23826	-1922.311	-2111.676	189.3649	1.71542	1.58577
23832	-1914.159	-2103.648	189.4882	1.592155	1.58577
23838	-1920.436	-2108.869	188.4321	1.57747	2.308988
23844	-1907.34	-2096.727	189.3872	1.624178	1.635721
23850	-1912.929	-2102.157	189.2271	1.575312	1.783479
23856	-1899.938	-2089.785	189.8476	1.553598	1.341779
23862	-1918.941	-2108.688	189.7472	1.725854	1.283734
23868	-1918.091	-2106.834	188.7431	1.490278	2.164885
23874	-1921.998	-2111.881	189.8829	1.702066	1.189819
23880	-1913.38	-2103.275	189.8946	1.629062	1.241911
23886	-1917.533	-2107.346	189.8131	1.920829	1.055377
23892	-1910.814	-2100.893	190.0794	1.864658	0.8305328
23898	-1906.95	-2096.909	189.9597	1.820635	1.010417
23904	-1902.969	-2092.816	189.8465	1.753619	1.176713
23910	-1905	-2094.792	189.7913	1.724433	1.248489
23916	-1911.44	-2101.142	189.7028	1.739043	1.309171
23922	-1910.863	-2100.551	189.6877	1.69285	1.358211
23928	-1908.819	-2098.545	189.7256	1.653769	1.359096
23934	-1907.471	-2097.294	189.8222	1.713587	1.231654
23940	-1918.432	-2107.642	189.2098	1.79052	1.64372
23946	-1915.866	-2105.008	189.1427	1.590242	1.831474
23952	-1914.423	-2103.882	189.459	1.617223	1.588775
23958	-1915.751	-2104.877	189.1255	1.516727	1.893506
23964	-1929.439	-2117.294	187.8543	1.36187	2.802546
23970	-1913.668	-2103.178	189.5099	1.606542	1.559276
23976	-1917.41	-2106.709	189.2992	1.512268	1.777182
23982	-1907.185	-2096.586	189.4012	1.545992	1.681692
23988	-1913.599	-2102.708	189.1087	1.603254	1.845906
23994	-1910.382	-2099.579	189.1978	1.532187	1.833546
24000	-1909.802	-2098.934	189.132	1.45067	1.933797
24006	-1914.236	-2103.275	189.0396	1.543033	1.933797
24012	-1909.318	-2098.765	189.4474	1.54656	1.648285
24018	-1914.295	-2103.822	189.5275	1.518456	1.610755
24024	-1911.184	-2100.832	189.6487	1.702229	1.381516
24030	-1910.174	-2100.22	190.0468	1.812629	0.9286515
24036	-1908.671	-2098.656	189.9855	1.858999	0.944699
24042	-1905.188	-2094.916	189.7283	1.691183	1.32716
24048	-1903.394	-2092.34	188.946	1.5452	1.995143
24054	-1904.706	-2094.653	189.9472	1.876667	0.9663308
24060	-1903.942	-2093.846	189.9036	1.920255	0.9663308
24066	-1912.861	-2102.853	189.9923	1.900162	0.8920567
24072	-1918.284	-2107.984	189.6997	1.700512	1.342567
24078	-1921.485	-2111.439	189.9537	1.743315	1.089951
24084	-1909.025	-2098.937	189.9123	1.789253	1.085728
24090	-1907.962	-2097.893	189.9306	1.811365	1.047678
24096	-1907.64	-2097.537	189.8968	1.714506	1.166947
24102	-1923.023	-2112.979	189.9566	1.893033	0.9392691
24108	-1913.124	-2103.153	190.0286	1.999777	0.709837
24114	-1918.815	-2108.626	189.8106	1.834082	1.137443
24120	-1899.375	-2089.233	189.8579	1.893115	1.038995
24126	-1911.741	-2101.697	189.9561	1.876674	0.957107
24132	-1925.216	-2114.89	189.6745	2.037827	1.075763
24138	-1913.659	-2103.635	189.9761	2.017786	0.7635408
24144	-1915.03	-2104.86	189.8306	1.979248	0.9807982
24150	-1921.162	-2110.986	189.8234	1.721336	1.22411
24156	-1925.342	-2115.056	189.7136	1.8312	1.22411
24162	-1925.825	-2115.381	189.5563	1.699904	1.454676
24168	-1917.409	-2107.016	189.6064	1.7031	1.413806
24174	-1910.147	-2099.827	189.6803	1.629166	1.413806
24180	-1914.333	-2103.266	188.9334	1.533837	2.011111
24186	-1914.968	-2103.832	188.8635	1.483887	2.090381
24192	-1921.573	-2110.508	188.9356	1.574263	1.982671
24198	-1918.181	-2107.578	189.3973	1.584029	1.657357
24204	-1905.089	-2094.553	189.4638	1.599587	1.598114
24210	-1923.442	-2113.098	189.6562	1.64967	1.416607
24216	-1926.442	-2115.658	189.2162	1.538389	1.816541
24222	-1917.577	-2107.312	189.7348	1.738932	1.283244
24228	-1914.79	-2104.737	189.9464	1.738932	1.100732
24234	-1921.588	-2111.48	189.8913	1.93803	0.9606475
24240	-1933.906	-2122.966	189.0602	1.519335	1.935923
24246	-1925.733	-2114.685	188.9521	1.524551	2.00484
24252	-1917.099	-2106.34	189.2407	1.61364	1.747276
24258	-1919.586	-2109.12	189.534	1.573782	1.565649
24264	-1927.055	-2116.201	189.1454	1.643328	1.792942
24270	-1915.475	-2105.152	189.6766	1.746187	1.324561
24276	-1919.164	-2108.894	189.7299	1.471048	1.496509
24282	-1923.247	-2112.901	189.6533	1.570479	1.479305
24288	-1922.369	-2111.93	189.5607	1.652744	1.487098
24294	-1925.967	-2115.871	189.9039	2.034913	0.8371003
24300	-1920.814	-2110.516	189.7021	1.697608	1.343013
24306	-1926.83	-2116.484	189.654	1.589022	1.464704
24312	-1928.209	-2117.748	189.5387	1.666385	1.493386
24318	-1931.372	-2120.991	189.6182	1.843783	1.292827
24324	-1917.672	-2107.155	189.483	1.581539	1.5973
24330	-1923.671	-2113.488	189.8163	1.90934	1.063233
24336	-1924.338	-2114.057	189.7187	1.895	1.164827
24342	-1924.32	-2114.171	189.8504	2.218352	0.6298856
24348	-1927.199	-2117.039	189.8404	2.164642	0.7471026
24354	-1919.662	-2109.463	189.8013	1.594527	1.346109
24360	-1908.395	-2098.349	189.9544	1.708498	1.121106
24366	-1923.639	-2113.253	189.6133	1.604325	1.483898
24372	-1918.202	-2107.765	189.5629	1.503137	1.596181
24378	-1907.284	-2097.047	189.7628	1.732776	1.265252
24384	-1907.588	-2097.245	189.6568	1.686354	1.387622
24390	-1921.832	-2111.503	189.671	1.705889	1.36107
24396	-1913.302	-2102.983	189.6803	1.696574	1.36107
24402	-1913.139	-2102.545	189.4054	1.710217	1.5599
24408	-1920.761	-2110.261	189.5005	1.615152	1.5599
24414	-1924.153	-2113.467	189.3136	1.574812	1.72331
24420	-1923.373	-2113.262	189.8896	1.935681	0.9648935
24426	-1924.31	-2113.832	189.5223	1.866593	1.351595
24432	-1928.465	-2118.067	189.6027	1.690324	1.426507
24438	-1915.78	-2105.628	189.8487	1.673405	1.243157
24444	-1913.878	-2103.509	189.6308	1.694275	1.40171
24450	-1915.768	-2105.405	189.6366	1.656761	1.426262
24456	-1913.829	-2103.464	189.6351	1.683138	1.407036
24462	-1911.427	-2101.391	189.9633	2.053729	0.7285114
24468	-1916.514	-2106.45	189.936	2.053729	0.7695359
24474	-1909.763	-2099.547	189.7847	1.608766	1.347954
24480	-1916.194	-2106.09	189.8954	2.102066	0.7583983
24486	-1914.506	-2104.365	189.8593	2.216257	0.6124276
24492	-1917.954	-2107.895	189.9407	1.867944	0.9820149
24498	-1926.688	-2116.538	189.8496	1.913065	1.02775
24504	-1919.103	-2109.101	189.9977	1.913065	0.8708308
24510	-1913.305	-2103.265	189.9604	1.872419	0.9569896
24516	-1913.003	-2102.83	189.8268	1.98889	0.9747215
24522	-1917.334	-2107.203	189.8689	1.959625	0.9614816
24528	-1904.335	-2094.2	189.8658	1.831462	1.089725
24534	-1900.334	-2089.887	189.5529	1.794096	1.384604
24540	-1919.224	-2109.068	189.8445	1.851018	1.091337
24546	-1917.118	-2107.022	189.9042	2.021452	0.8532032
24552	-1912.776	-2102.768	189.9919	1.957971	0.823093
24558	-1917.456	-2107.438	189.9822	1.980907	0.8060375
24564	-1923.437	-2113.328	189.891	1.972712	0.9239811
24570	-1923.413	-2113.367	189.9544	2.015935	0.7963632
24576	-1914.962	-2104.749	189.7876	2.131299	0.8612124
24582	-1907.023	-2096.738	189.7153	1.856862	1.200773
24588	-1905.51	-2095.438	189.9279	1.851369	1.01149
24594	-1918.503	-2108.33	189.8271	2.209738	0.6951233
24600	-1916.022	-2105.974	189.9517	2.107162	0.6524829
24606	-1912.235	-2102.079	189.8446	2.066611	0.8703435
24612	-1903.965	-2093.836	189.8718	1.746263	1.160987
24618	-1912.57	-2102.127	189.5566	1.803692	1.374153
24624	-1904.087	-2093.507	189.4203	1.687244	1.565829
24630	-1901.979	-2091.421	189.442	1.665555	1.565829
24636	-1903.697	-2093.366	189.6689	1.716751	1.354151
24642	-1901.372	-2091.136	189.7634	1.966525	1.059186
24648	-1909.754	-2099.47	189.7159	2.140345	0.9321007
24654	-1908.617	-2098.46	189.8423	2.022135	0.9232761
24660	-1916.307	-2105.361	189.0537	2.814535	0.233062
24666	-1909.894	-2098.826	188.932	2.868441	0.2065268
24672	-1903.434	-2092.31	188.8754	2.923082	0.2058671
24678	-1909.963	-2099.058	189.095	2.757358	0.2263112
24684	-1900.951	-2090.059	189.1075	2.776465	0.2401222
24690	-1904.501	-2093.634	189.1325	2.776465	0.2522741
24696	-1920.134	-2109.353	189.2189	2.690146	0.2522741
24702	-1915.133	-2104.525	189.3925	2.597525	0.302434
24708	-1928.788	-2118.239	189.4517	2.540615	0.3041912
24714	-1923.376	-2112.799	189.4231	2.549313	0.2896496
24720	-1922.05	-2111.634	189.5838	2.486357	0.3917952
24726	-1910.612	-2100.276	189.6646	2.417506	0.4170196
24732	-1914.436	-2104.498	190.0621	1.899838	0.8076089
24738	-1912.954	-2102.893	189.9386	2.012462	0.8216067
24744	-1906.749	-2096.307	189.5581	2.499231	0.3710919
24750	-1910.182	-2099.768	189.5856	2.472377	0.3721268
24756	-1914.77	-2104.357	189.587	2.500967	0.4335269
24762	-1916.425	-2106.127	189.7027	2.393653	0.4751302
24768	-1913.645	-2103.349	189.7042	2.381257	0.4260345
24774	-1911.947	-2101.451	189.5044	1.644886	1.535044
24780	-1909.935	-2099.054	189.1187	1.427475	1.958325
24786	-1927.872	-2117.012	189.1403	1.424045	1.946126
24792	-1920.251	-2110.183	189.9322	2.116094	0.6739107
24798	-1917.158	-2107.184	190.0258	1.939824	0.8026256
24804	-1920.849	-2110.787	189.9376	1.926631	0.9234823
24810	-1907.609	-2097.537	189.9282	1.944207	0.9145496
24816	-1902.613	-2092.565	189.9518	2.013364	0.8032685
24822	-1913.459	-2103.385	189.9257	2.03717	0.80628
24828	-1908.359	-2098.286	189.9277	2.040415	0.7993839
24834	-1927.592	-2117.536	189.944	2.013312	0.8135914
24840	-1924.304	-2114.262	189.9578	1.99955	0.8135914
24846	-1915.319	-2105.314	189.995	1.989791	0.7765354
24852	-1922.727	-2112.361	189.6339	1.758523	1.348817
24858	-1909.543	-2099.213	189.6703	1.875141	1.223574
24864	-1908.304	-2098.01	189.7062	2.003753	1.077901
24870	-1920.016	-2109.442	189.4266	1.686878	1.561482
24876	-1923.124	-2112.288	189.1641	1.573533	1.828232
24882	-1918.458	-2107.695	189.2366	1.523563	1.812756
24888	-1906.706	-2095.622	188.9159	1.392712	2.115786
24894	-1909.889	-2099.303	189.4136	1.45737	1.735568
24900	-1914.439	-2104.165	189.7263	1.576263	1.419132
24906	-1915.909	-2105.711	189.8023	1.861062	1.120677
24912	-1918.587	-2108.239	189.6518	1.891053	1.225707
24918	-1911.616	-2101.379	189.7626	1.824311	1.188088
24924	-1916.145	-2106.061	189.916	1.870873	1.003945
24930	-1908.672	-2098.591	189.919	1.785641	1.082849
24936	-1914.309	-2104.249	189.94	1.825993	1.024481
24942	-1907.839	-2097.734	189.8944	1.994637	0.8959415
24948	-1913.728	-2103.562	189.8336	1.948364	1.008794
24954	-1906.627	-2096.51	189.8831	1.883937	1.02343
24960	-1908.325	-2098.057	189.732	1.825358	1.213449
24966	-1912.626	-2102.269	189.6424	1.821548	1.291195
24972	-1920.16	-2109.561	189.4014	1.759454	1.526461
24978	-1922.205	-2111.781	189.5754	1.764556	1.390077
24984	-1919.938	-2109.415	189.477	1.63984	1.558987
24990	-1911.044	-2100.432	189.3877	1.569895	1.67428
24996	-1916.206	-2105.525	189.3195	1.638084	1.67428
25002	-1914.103	-2103.317	189.2138	1.433851	1.889813
25008	-1930.47	-2119.852	189.382	1.643211	1.625796
25014	-1928.203	-2117.162	188.9591	1.447577	2.0513
25020	-1928.062	-2117.677	189.615	1.545239	1.526865
25026	-1919.932	-2109.532	189.5999	1.486232	1.581533
25032	-1910.011	-2099.768	189.7573	1.817925	1.1982
25038	-1907.252	-2096.881	189.6294	1.891634	1.24409
25044	-1912.28	-2102.075	189.795	2.033013	0.9619836
25050	-1926.3	-2115.912	189.6128	1.780539	1.348078
25056	-1919.751	-2109.609	189.8585	1.753476	1.166352
25062	-1914.115	-2103.886	189.7709	1.734347	1.257255
25068	-1915.304	-2105.145	189.8406	1.854067	1.092118
25074	-1910.482	-2100.456	189.9742	1.718673	1.093732
25080	-1916.74	-2106.558	189.8188	1.874145	1.093732
25086	-1905.657	-2095.717	190.0604	1.874145	0.8423539
25092	-1913.415	-2103.429	190.0138	1.995403	0.7407178
25098	-1908.217	-2098.077	189.86	1.86267	1.066042
25104	-1929.901	-2119.839	189.9373	1.909143	0.9426637
25110	-1921.016	-2111.011	189.9946	1.776012	1.019943
25116	-1920.298	-2109.745	189.4463	1.592699	1.615785
25122	-1921.336	-2110.786	189.4493	1.608501	1.602166
25128	-1919.07	-2108.841	189.7712	1.721082	1.267964
25134	-1915.109	-2104.953	189.8442	1.852521	1.090248
25140	-1915.751	-2105.561	189.8094	1.788018	1.178999
25146	-1920.285	-2109.998	189.7123	1.929862	1.13971
25152	-1919.364	-2109.215	189.8512	1.849722	1.086372
25158	-1917.575	-2107.554	189.9792	1.783626	1.027573
25164	-1918.081	-2107.688	189.6072	1.846841	1.299264
25170	-1915.121	-2104.807	189.6857	1.745581	1.317732
25176	-1917.911	-2107.709	189.7983	1.768147	1.205705
25182	-1905.809	-2095.52	189.7104	1.685657	1.345856
25188	-1918.051	-2107.712	189.6608	1.732749	1.347878
25194	-1923.169	-2113.119	189.9496	1.885288	0.9548379
25200	-1924.497	-2114.525	190.0278	1.916992	0.8295204
25206	-1933.289	-2123.084	189.7951	1.982676	1.012971
25212	-1921.521	-2111.268	189.7475	1.751609	1.262346
25218	-1914.082	-2103.939	189.8577	1.799981	1.12584
25224	-1905.728	-2095.582	189.8539	2.204676	0.6530413
25230	-1898.802	-2088.714	189.9115	2.133657	0.6799355
25236	-1910.278	-2100.122	189.8434	2.241443	0.5842149
25242	-1916.961	-2106.702	189.7414	1.787066	1.237817
25248	-1906.716	-2096.384	189.6684	1.860063	1.237817
25254	-1915.224	-2105.194	189.9703	1.848486	0.9715828
25260	-1912.48	-2102.469	189.9885	1.851264	0.9496777
25266	-1912.331	-2102.273	189.9424	1.8851	0.9626103
25272	-1894.55	-2084.478	189.928	1.809428	1.052041
25278	-1919.303	-2109.114	189.8111	1.802338	1.165102
25284	-1920.808	-2110.716	189.9073	1.871634	1.011765
25290	-1919.483	-2109.409	189.926	1.852956	1.011765
25296	-1910.319	-2100.262	189.9436	1.942362	0.8993691
25302	-1912.594	-2102.399	189.8045	1.942362	1.043023
25308	-1925.604	-2115.429	189.8252	2.043693	0.9184094
25314	-1907.034	-2096.939	189.9049	1.963919	0.9184094
25320	-1912.662	-2102.589	189.9274	1.96448	0.8927495
25326	-1913.505	-2103.302	189.7965	1.941537	1.0515
25332	-1908.678	-2098.592	189.9137	2.135179	0.6728389
25338	-1922.926	-2112.862	189.936	2.107439	0.6830791
25344	-1928.102	-2117.397	189.2952	1.576408	1.735122
25350	-1932.325	-2122.222	189.8974	1.813936	1.076644
25356	-1920.379	-2110.375	189.996	1.912544	0.8734575
25362	-1917.935	-2107.863	189.9285	1.877936	0.9841851
25368	-1914.846	-2104.741	189.8941	1.826515	1.06792
25374	-1905.137	-2095.077	189.9398	1.780849	1.06792
25380	-1905.827	-2095.801	189.9731	1.782849	1.034219
25386	-1904.214	-2094.075	189.8608	1.941279	0.9886678
25392	-1907.689	-2097.632	189.9428	1.976922	0.8602762
25398	-1911.654	-2101.648	189.9936	1.893297	0.8983091
25404	-1906.176	-2096.137	189.9617	1.905974	0.9196825
25410	-1908.336	-2098.305	189.9689	1.905974	0.9118021
25416	-1909.319	-2099.154	189.8344	1.961327	0.9950091
25422	-1926.966	-2115.348	188.3822	1.296122	2.51797
25428	-1942.077	-2131.064	188.9876	1.446277	2.033284
25434	-1932.495	-2121.791	189.2957	1.4906	1.794624
25440	-1924.892	-2114.886	189.9935	1.898592	0.8924984
25446	-1919.549	-2109.373	189.824	2.068034	0.8924984
25452	-1929.183	-2119.132	189.9491	2.008664	0.8129773
25458	-1922.328	-2112.249	189.9208	2.034105	0.8167186
25464	-1921.586	-2111.329	189.7429	2.034105	1.013672
25470	-1919.146	-2108.884	189.7389	1.819837	1.212291
25476	-1908.876	-2098.793	189.9171	1.889865	0.9836835
25482	-1911.508	-2101.343	189.8346	1.852196	1.099318
25488	-1905.776	-2095.662	189.8857	1.819282	1.08254
25494	-1905.555	-2095.476	189.9218	1.825455	1.042676
25500	-1909.327	-2098.36	189.0323	1.591762	1.905799
25506	-1915.772	-2105.294	189.522	1.63213	1.531416
25512	-1911.391	-2100.77	189.3797	1.588722	1.666578
25518	-1922.607	-2112.431	189.8235	1.815086	1.142859
25524	-1916.786	-2106.698	189.9119	1.743401	1.127912
25530	-1920.18	-2109.849	189.6687	1.70504	1.363614
25536	-1913.617	-2103.409	189.7921	1.847034	1.142369
25542	-1913.294	-2103.088	189.7943	1.877606	1.112912
25548	-1918.095	-2107.918	189.8231	1.801497	1.155227
25554	-1918.572	-2108.249	189.6764	1.721826	1.344147
25560	-1917.357	-2107.266	189.9091	1.784207	1.09334
25566	-1916.656	-2106.369	189.7132	1.852469	1.206357
25572	-1919.749	-2109.716	189.9672	1.689519	1.126627
25578	-1908.766	-2098.73	189.9645	1.820335	1.005898
25584	-1907.671	-2097.493	189.8224	1.880855	1.084174
25590	-1906.643	-2096.44	189.7974	1.905884	1.084174
25596	-1918.589	-2108.487	189.8975	1.898907	0.9943547
25602	-1910.803	-2100.744	189.9402	1.85622	0.9943547
25608	-1917.335	-2107.08	189.7449	1.81881	1.207993
25614	-1902.796	-2092.768	189.9726	1.85857	0.9587742
25620	-1910.573	-2100.562	189.9888	1.944706	0.8436228
25626	-1908.761	-2098.777	190.0155	1.884698	0.8831236
25632	-1910.871	-2100.755	189.884	1.806804	1.095634
25638	-1910.133	-2100.054	189.9211	1.681077	1.174851
25644	-1902.761	-2092.527	189.7665	1.802474	1.203529
25650	-1910.79	-2100.577	189.787	1.82816	1.163569
25656	-1921.554	-2111.412	189.8571	1.695493	1.217468
25662	-1921.057	-2110.82	189.763	1.752699	1.248536
25668	-1915.859	-2105.441	189.582	1.706466	1.429993
25674	-1913.536	-2103.407	189.871	1.704488	1.197939
25680	-1908.687	-2098.385	189.6974	1.693546	1.349924
25686	-1907.817	-2097.554	189.7372	1.591093	1.399215
25692	-1922.352	-2111.341	188.9888	1.496516	1.999078
25698	-1929.361	-2118.303	188.9422	1.541226	2.00037
25704	-1922.378	-2111.427	189.0489	1.434473	2.00037
25710	-1924.277	-2113.377	189.1001	1.671553	1.804821
25716	-1928.088	-2117.312	189.2247	1.546876	1.804821
25722	-1912.21	-2101.514	189.3049	1.469312	1.803029
25728	-1920.876	-2110.041	189.1654	1.432744	1.923354
25734	-1926.751	-2116.163	189.4118	1.66645	1.587312
25740	-1914.102	-2103.51	189.4083	1.613261	1.628423
25746	-1906.884	-2096.327	189.4431	1.588278	1.621304
25752	-1909.317	-2098.963	189.6468	1.542587	1.505175
25758	-1901.672	-2091.195	189.523	1.66631	1.505175
25764	-1905.87	-2094.999	189.129	1.597109	1.836162
25770	-1913.342	-2102.992	189.6502	1.801732	1.301024
25776	-1911.018	-2100.846	189.8275	1.746308	1.19942
25782	-1915.313	-2105.043	189.7299	1.727803	1.296273
25788	-1927.383	-2117.059	189.676	1.781744	1.296273
25794	-1918.931	-2108.712	189.7811	1.774203	1.215168
25800	-1926.75	-2116.564	189.8136	1.574884	1.351948
25806	-1922.676	-2112.531	189.8558	1.61574	1.284998
25812	-1913.254	-2102.924	189.6698	1.577876	1.461171
25818	-1909.985	-2099.718	189.7325	1.590524	1.403281
25824	-1914.187	-2103.838	189.6507	1.839184	1.269965
25830	-1920.158	-2109.775	189.6174	1.614191	1.47339
25836	-1923.176	-2113.033	189.857	1.867541	1.0643
25842	-1929.226	-2119.103	189.8762	1.871353	1.042386
25848	-1917.299	-2106.714	189.4155	1.550716	1.668165
25854	-1910.627	-2100.462	189.8349	2.120539	0.8159826
25860	-1901.492	-2091.355	189.8626	2.222104	0.5848367
25866	-1909.383	-2099.233	189.8503	2.242432	0.5513333
25872	-1919.052	-2108.624	189.572	1.492084	1.597588
25878	-1915.174	-2104.771	189.5979	1.558893	1.529443
25884	-1914.359	-2104.335	189.9757	2.047995	0.7176012
25890	-1902.873	-2092.879	190.0057	1.936136	0.8333179
25896	-1914.674	-2104.504	189.8298	2.157083	0.7735552
25902	-1914.18	-2104.252	190.0719	1.952168	0.7170204
25908	-1904.859	-2094.865	190.006	1.984466	0.7684442
25914	-1917.975	-2107.97	189.9958	2.058935	0.6611931
25920	-1912.228	-2102.12	189.8921	2.196519	0.570218
25926	-1910.426	-2100.322	189.8961	2.196402	0.5525289
25932	-1913.886	-2103.756	189.87	2.224681	0.4624077
25938	-1923.942	-2113.746	189.8033	2.294188	0.4905844
25944	-1911.588	-2101.411	189.8227	2.274725	0.4905844
25950	-1913.326	-2102.992	189.6652	2.397015	0.3785029
25956	-1916.664	-2106.215	189.5511	2.436678	0.3007145
25962	-1907.084	-2096.378	189.2942	2.656521	0.2755891
25968	-1918.97	-2108.296	189.3264	2.661495	0.3007861
25974	-1919.859	-2109.267	189.4081	2.61606	0.3320327
25980	-1919.769	-2109.069	189.3006	2.691823	0.3043153
25986	-1919.619	-2108.762	189.1428	2.739427	0.2393247
25992	-1917.647	-2106.766	189.1189	2.730509	0.22511
25998	-1928.684	-2117.999	189.3157	2.614343	0.2634576
26004	-1908.757	-2098.011	189.2535	2.676464	0.2634576
26010	-1909.289	-2098.171	188.8819	2.875766	0.1923528
26016	-1907.26	-2096.183	188.9226	2.878623	0.2068202
26022	-1912.684	-2101.556	188.8723	2.878623	0.1902606
26028	-1916.347	-2105.282	188.9351	2.881501	0.2123497
26034	-1907.605	-2096.61	189.0045	2.78734	0.2035558
26040	-1908.999	-2098.07	189.0712	2.706934	0.1989215
26046	-1913.603	-2102.636	189.0331	2.806744	0.2212729
26052	-1912.497	-2101.796	189.299	2.656941	0.2788314
26058	-1912.185	-2101.535	189.3497	2.643466	0.3048351
26064	-1918.707	-2107.595	188.8874	2.851154	0.1865427
26070	-1928.459	-2118.4	189.9415	1.865612	0.9835409
26076	-1926	-2115.829	189.8295	1.845886	1.109761
26082	-1917.991	-2107.731	189.7399	1.709623	1.302959
26088	-1916.005	-2105.683	189.6783	1.771169	1.302959
26094	-1914.71	-2104.482	189.7718	1.677666	1.302959
26100	-1913.505	-2103.282	189.7774	1.754543	1.234918
26106	-1927.317	-2116.691	189.3746	1.813437	1.50618
26112	-1918.036	-2107.754	189.7175	1.849306	1.20535
26118	-1920.074	-2109.922	189.8473	1.798884	1.136103
26124	-1921.798	-2111.485	189.6865	1.855895	1.226088
26130	-1916.912	-2106.84	189.9276	1.835399	1.027393
26136	-1916.265	-2105.84	189.5752	1.739464	1.409746
26142	-1925.815	-2115.749	189.9339	1.731917	1.118425
26148	-1914.557	-2104.458	189.9013	1.867005	1.02219
26154	-1910.198	-2100.126	189.9278	1.846705	1.016192
26160	-1911.515	-2101.484	189.9688	1.776651	1.044422
26166	-1907.722	-2097.477	189.7545	1.782674	1.230567
26172	-1913.088	-2102.876	189.7871	1.839304	1.153622
26178	-1914.709	-2104.391	189.6816	1.660028	1.38882
26184	-1904.887	-2094.809	189.9224	2.111752	0.6999984
26190	-1923.089	-2112.524	189.4355	1.811026	1.46206
26196	-1916.53	-2106.255	189.7254	1.759114	1.274345
26202	-1922.584	-2112.315	189.7311	1.767665	1.262595
26208	-1932.312	-2121.919	189.6068	1.602737	1.48998
26214	-1920.05	-2109.99	189.9401	2.14548	0.5816495
26220	-1914.78	-2104.376	189.5959	1.783724	1.358953
26226	-1901.191	-2090.947	189.7562	1.81691	1.200007
26232	-1895.572	-2085.518	189.9458	1.797097	1.046808
26238	-1907.916	-2097.581	189.6648	1.507229	1.518139
26244	-1914.371	-2103.871	189.4997	1.498943	1.644916
26250	-1938.611	-2128.128	189.5168	1.722544	1.46748
26256	-1932.622	-2122.225	189.6031	1.692662	1.424363
26262	-1923.172	-2112.892	189.7201	1.575693	1.424363
26268	-1927.706	-2117.432	189.7256	1.84312	1.203753
26274	-1923.661	-2113.364	189.7036	1.884516	1.187119
26280	-1915.115	-2105.067	189.9518	2.024645	0.7880556
26286	-1922.443	-2112.312	189.869	1.884181	1.036957
26292	-1923.806	-2113.647	189.8406	1.914903	1.034668
26298	-1921.89	-2111.874	189.9846	1.910804	0.8887144
26304	-1920.814	-2110.644	189.8297	1.851576	1.104416
26310	-1920.902	-2110.568	189.6651	1.821041	1.273051
26316	-1915.684	-2105.507	189.8235	1.800371	1.155858
26322	-1930.385	-2120.385	190.0001	2.006215	0.7451894
26328	-1929.976	-2119.865	189.8887	2.116474	0.7469171
26334	-1935.088	-2124.743	189.6554	2.020378	1.109415
26340	-1926.434	-2116.345	189.9108	1.951699	0.9253577
26346	-1917.633	-2107.479	189.846	1.984778	0.9591405
26352	-1914.421	-2104.342	189.9209	1.95078	0.9153049
26358	-1919.742	-2109.517	189.7743	1.90594	1.105346
26364	-1909.075	-2099.035	189.9605	1.809316	1.020758
26370	-1912.682	-2102.627	189.945	1.865939	0.9796372
26376	-1919.409	-2109.278	189.8689	1.870458	1.050193
26382	-1911.668	-2101.426	189.7574	1.961469	1.069589
26388	-1902.001	-2091.574	189.5728	1.719276	1.427224
26394	-1908.769	-2098.379	189.61	1.682107	1.427224
26400	-1909.65	-2099.1	189.4499	1.648915	1.57223
26406	-1919.679	-2109.204	189.5249	1.648915	1.516759
26412	-1927.927	-2117.886	189.9587	2.064085	0.7192378
26418	-1934.376	-2124.449	190.0729	1.928802	0.7521285
26424	-1923.919	-2113.177	189.2581	1.407447	1.877614
26430	-1921.802	-2110.665	188.8625	1.522094	2.065879
26436	-1907.055	-2096.198	189.1432	1.461824	1.918704
26442	-1916.268	-2105.531	189.2633	1.543746	1.780251
26448	-1905.176	-2094.22	189.0435	1.352389	2.058443
26454	-1909.537	-2097.087	187.5502	1.245901	3.055883
26460	-1907.405	-2095.147	187.7424	1.209941	2.962169
26466	-1909.16	-2096.039	186.8782	1.08096	3.54916
26472	-1901.558	-2090.5	188.9416	1.482495	2.039735
26478	-1910.947	-2100.184	189.2369	1.650399	1.72407
26484	-1913.429	-2103.041	189.6113	1.493631	1.56773
26490	-1912.995	-2102.862	189.8663	1.622786	1.270622
26496	-1908.311	-2098.337	190.0262	1.845281	0.9155742
26502	-1911.479	-2101.247	189.7684	1.849783	1.160925
26508	-1925.894	-2115.589	189.6943	1.961682	1.1273
26514	-1911.262	-2101.198	189.936	1.969262	0.8773529
26520	-1929.817	-2119.4	189.5826	1.815999	1.343829
26526	-1914.845	-2104.757	189.9116	1.687743	1.177364
26532	-1923.851	-2113.648	189.798	1.709664	1.255251
26538	-1920.75	-2110.561	189.8114	1.830906	1.139553
26544	-1909.625	-2099.52	189.8959	1.929712	0.9645053
26550	-1905	-2094.92	189.9199	1.948198	0.9192491
26556	-1909.426	-2099.081	189.6553	1.832282	1.271838
26562	-1918.22	-2107.849	189.6294	1.734425	1.371377
26568	-1914.151	-2103.492	189.3409	1.734425	1.589382
26574	-1928.627	-2118.346	189.7182	1.714764	1.316325
26580	-1928.135	-2118.028	189.8931	1.994538	0.897478
26586	-1918.662	-2108.504	189.8428	1.893409	1.053174
26592	-1922.781	-2112.449	189.668	2.015067	1.102776
26598	-1930.837	-2120.727	189.8897	1.956632	0.9427069
26604	-1925.12	-2114.652	189.5313	1.47547	1.639059
26610	-1912.704	-2102.401	189.6967	1.583785	1.436117
26616	-1922.067	-2111.574	189.5066	1.519017	1.625517
26622	-1915.184	-2104.532	189.3481	1.534956	1.727081
26628	-1916.373	-2105.727	189.3543	1.554423	1.708975
26634	-1914.096	-2103.333	189.237	1.671735	1.708975
26640	-1916.347	-2105.876	189.5284	1.734446	1.449597
26646	-1925.074	-2114.865	189.7912	1.904308	1.091377
26652	-1932.025	-2121.742	189.7168	1.7937	1.252829
26658	-1928.801	-2118.503	189.702	1.724368	1.321667
26664	-1920.908	-2110.642	189.7343	1.517726	1.457845
26670	-1906.567	-2096.008	189.4406	1.558866	1.6443
26676	-1909.145	-2098.703	189.558	1.60864	1.522115
26682	-1912.395	-2101.663	189.2685	1.35415	1.906766
26688	-1927.346	-2116.412	189.0666	1.587221	1.885594
26694	-1910.508	-2099.674	189.1668	1.606311	1.80377
26700	-1919.308	-2109.141	189.8328	1.814194	1.135383
26706	-1908.354	-2098.175	189.8214	1.663341	1.27418
26712	-1909.883	-2099.629	189.7467	1.650124	1.345285
26718	-1914.162	-2103.952	189.7902	1.906816	1.089937
26724	-1921.48	-2111.094	189.6149	1.795345	1.334608
26730	-1921.376	-2111.184	189.8081	2.007509	0.9748759
26736	-1922.817	-2112.788	189.9706	1.845756	0.9740394
26742	-1921.852	-2111.687	189.8354	1.743459	1.195039
26748	-1916.207	-2105.699	189.492	1.782248	1.440892
26754	-1920.987	-2110.966	189.9789	1.936373	0.8656292
26760	-1912.257	-2102.209	189.9518	1.942063	0.8904744
26766	-1913.593	-2103.652	190.0597	1.775739	0.9542754
26772	-1917.25	-2107.187	189.9373	1.772367	1.078256
26778	-1918.788	-2108.78	189.9926	1.958106	0.8220436
26784	-1929.578	-2119.459	189.8812	2.161714	0.6840444
26790	-1914.898	-2104.87	189.9722	1.955134	0.8511422
26796	-1903.996	-2093.929	189.9329	1.951495	0.9011406
26802	-1910.068	-2099.837	189.7684	1.874302	1.139247
26808	-1906.603	-2096.34	189.7363	1.819614	1.214655
26814	-1909.879	-2099.708	189.8284	2.004193	0.9572436
26820	-1905.463	-2095.38	189.9171	2.147376	0.6400286
26826	-1912.347	-2102.356	190.0098	1.972587	0.7798667
26832	-1918.456	-2108.32	189.864	2.161935	0.7140156
26838	-1917.631	-2107.556	189.9247	2.13479	0.6511783
26844	-1920.303	-2110.221	189.9184	2.17662	0.5371347
26850	-1917.231	-2107.166	189.9344	2.024103	0.8119755
26856	-1923.331	-2113.234	189.9025	2.071662	0.7912662
26862	-1918.914	-2108.88	189.9665	2.007613	0.7912662
26868	-1904.886	-2094.839	189.9527	2.077095	0.7074674
26874	-1907.962	-2097.729	189.767	2.330192	0.5151251
26880	-1909.767	-2099.678	189.9113	2.185916	0.5151251
26886	-1905.582	-2095.501	189.9191	2.153472	0.6203988
26892	-1905.357	-2095.275	189.9182	2.025827	0.8305327
26898	-1898.196	-2088.202	190.006	2.025827	0.7039368
26904	-1902.918	-2092.925	190.007	2.02244	0.7079753
26910	-1898.603	-2088.513	189.9102	1.961446	0.9153543
26916	-1901.877	-2091.801	189.9243	2.002873	0.8512697
26922	-1907.927	-2097.97	190.0428	1.938792	0.781041
26928	-1902.628	-2092.507	189.8791	2.08799	0.8007203
26934	-1912.441	-2102.398	189.9573	2.08799	0.6796054
26940	-1903.242	-2093.15	189.9079	2.12206	0.7071823
26946	-1906.878	-2096.788	189.9093	2.183544	0.5505999
26952	-1913.305	-2103.127	189.8216	2.271255	0.5505999
26958	-1906.333	-2096.165	189.8325	2.264326	0.4797195
26964	-1902.02	-2091.667	189.6472	2.449615	0.4797195
26970	-1895.735	-2085.475	189.7395	2.358077	0.496877
26976	-1903.052	-2092.634	189.582	2.497174	0.4100428
26982	-1894.068	-2083.609	189.5411	2.527967	0.389738
26988	-1900.1	-2089.671	189.5712	2.500694	0.3949399
26994	-1903.646	-2093.224	189.5781	2.493451	0.3942502
27000	-1910.984	-2100.715	189.731	2.36648	0.5077158
27006	-1919.778	-2109.589	189.811	2.286516	0.5077158
27012	-1909.65	-2099.509	189.8588	2.226842	0.5815292
27018	-1903.469	-2093.329	189.8605	2.226842	0.5753451
27024	-1906.125	-2095.939	189.8144	2.268968	0.5891691
27030	-1920.487	-2110.236	189.7495	2.344685	0.542786
27036	-1919.78	-2109.647	189.8666	2.198981	0.637464
27042	-1916.696	-2106.539	189.8431	2.192835	0.6967077
27048	-1916.498	-2106.371	189.8723	2.092506	0.8037326
27054	-1918.251	-2108.084	189.8329	1.775543	1.16944
27060	-1908.437	-2098.247	189.8099	2.099791	0.8722078
27066	-1899.207	-2089.218	190.0113	1.806933	0.9721653
27072	-1916.48	-2106.094	189.6136	2.476087	0.4396367
27078	-1905.31	-2095.094	189.7848	2.312806	0.4978472
27084	-1912.132	-2102.016	189.8841	2.183555	0.6327472
27090	-1904.345	-2094.299	189.9541	2.113505	0.6327472
27096	-1902.43	-2092.384	189.9541	2.113505	0.6327472
27102	-1918.22	-2107.974	189.7533	1.788709	1.226419
27108	-1913.706	-2103.539	189.8334	1.788709	1.157439
27114	-1903.333	-2093.396	190.0632	1.896358	0.8105965
27120	-1906.3	-2096.36	190.0609	1.918249	0.7844261
27126	-1920.318	-2110.122	189.804	1.887946	1.094581
27132	-1916.728	-2106.532	189.804	1.887946	1.094581
27138	-1908.571	-2098.382	189.8109	2.042326	0.9353936
27144	-1910.288	-2100.057	189.7693	1.686561	1.297804
27150	-1910.96	-2100.98	190.02	1.855651	0.9109585
27156	-1906.155	-2096.123	189.9671	1.999064	0.801904
27162	-1914.59	-2104.53	189.9403	2.058683	0.7561909
27168	-1899.321	-2089.244	189.9231	2.075813	0.7561909
27174	-1902.657	-2092.617	189.9603	2.031348	0.7668361
27180	-1915.86	-2105.769	189.9091	1.818539	1.061294
27186	-1914.302	-2104.276	189.9745	1.89771	0.9147561
27192	-1910.182	-2100.183	190.0007	1.871482	0.9147561
27198	-1915.385	-2105.322	189.9367	1.956071	0.8917363
27204	-1908.872	-2098.784	189.9117	1.787665	1.087812
27210	-1917.83	-2107.682	189.8517	1.980361	0.9578166
27216	-1920.227	-2110.231	190.0036	1.940225	0.8308401
27222	-1919.937	-2109.819	189.8824	1.947938	0.9595648
27228	-1925.853	-2115.703	189.85	1.988004	0.9516061
27234	-1926.114	-2116.12	190.0058	1.975192	0.7817981
27240	-1919.838	-2109.723	189.885	2.116276	0.7527496
27246	-1918.766	-2108.724	189.9576	2.063361	0.7221961
27252	-1917.767	-2107.758	189.9913	2.060669	0.6667714
27258	-1907.316	-2097.207	189.8914	2.115165	0.7447735
27264	-1909.915	-2099.835	189.9204	2.115165	0.6974897
27270	-1908.583	-2098.553	189.9697	2.065857	0.6974897
27276	-1908.711	-2098.636	189.9244	2.001007	0.8535155
27282	-1925.062	-2114.813	189.7512	2.027649	1.011897
27288	-1912.879	-2102.656	189.7767	2.023894	0.9901363
27294	-1924.729	-2114.31	189.5811	1.658556	1.467251
27300	-1933.567	-2123.431	189.8637	2.101987	0.8026137
27306	-1937.363	-2127.13	189.7661	2.328733	0.5384714
27312	-1920.943	-2110.853	189.9094	2.099817	0.740684
27318	-1913.786	-2103.719	189.9327	2.076543	0.740684
27324	-1911.283	-2101.227	189.9438	2.076543	0.7231128
27330	-1902.818	-2092.775	189.9564	1.977075	0.8436661
27336	-1902.432	-2092.443	190.011	2.034168	0.6799145
27342	-1924.571	-2113.959	189.3875	1.630626	1.630861
27348	-1929.612	-2119.222	189.6101	1.758186	1.367845
27354	-1906.924	-2096.868	189.9442	1.97947	0.8555476
27360	-1913.14	-2103.148	190.0081	1.97947	0.7726114
27366	-1906.068	-2095.924	189.856	2.04115	0.8867017
27372	-1911.097	-2101.036	189.9395	2.015137	0.8170183
27378	-1912.865	-2102.835	189.9698	2.015137	0.776358
27384	-1912.376	-2102.471	190.0947	1.92574	0.7229421
27390	-1911.336	-2101.103	189.7673	1.927715	1.091792
27396	-1913.188	-2103.14	189.9516	1.908045	0.9284087
27402	-1911.381	-2101.478	190.097	1.796025	0.8913499
27408	-1905.888	-2095.895	190.0069	1.95548	0.8069884
27414	-1916.951	-2106.91	189.9589	1.966988	0.8529085
27420	-1910.347	-2100.237	189.8904	2.141865	0.7032157
27426	-1911.68	-2101.516	189.8363	2.22972	0.6365198
27432	-1900.73	-2090.567	189.8371	2.256354	0.5472477
27438	-1905.398	-2095.203	189.8045	2.280131	0.584949
27444	-1910.524	-2100.277	189.7532	2.342645	0.5302673
27450	-1908.643	-2098.347	189.7036	2.384795	0.435094
27456	-1912.898	-2102.594	189.6962	2.389277	0.4261593
27462	-1914.91	-2104.763	189.8528	2.244716	0.5061635
27468	-1913.889	-2103.724	189.8354	2.244716	0.5995663
27474	-1916.723	-2106.71	189.9866	2.091304	0.6060444
27480	-1927.83	-2117.747	189.9171	2.072816	0.7693445
27486	-1909.395	-2099.382	189.9873	2.020021	0.7436052
27492	-1915.542	-2105.591	190.0491	1.974594	0.7176315
27498	-1912.702	-2102.702	189.9992	1.995499	0.7623394
27504	-1907.455	-2097.52	190.0649	1.936102	0.7530753
27510	-1906.574	-2096.381	189.8072	2.288184	0.5342873
27516	-1915.1	-2104.794	189.694	2.400892	0.4637428
27522	-1912.594	-2102.378	189.7843	2.310569	0.4637428
27528	-1936.03	-2125.629	189.5994	2.480705	0.4121872
27534	-1912.868	-2102.67	189.8018	1.861558	1.120711
27540	-1906.292	-2096.222	189.9303	1.782026	1.075694
27546	-1921.038	-2110.693	189.655	1.957656	1.165749
27552	-1918.528	-2108.514	189.9859	1.897719	0.9019757
27558	-1911.361	-2101.258	189.8972	1.897719	0.9958417
27564	-1920.078	-2110.036	189.958	1.753239	1.076762
27570	-1921.807	-2111.534	189.7275	1.850805	1.195565
27576	-1912.184	-2101.779	189.5953	1.611002	1.492424
27582	-1933.442	-2122.991	189.5499	1.656419	1.492424
27588	-1925.184	-2114.692	189.5083	1.592052	1.571094
27594	-1913.452	-2102.56	189.1072	1.527389	1.898671
27600	-1909.565	-2099.456	189.8918	2.113564	0.7465747
27606	-1902.992	-2092.875	189.8822	1.90339	1.005155
27612	-1903.518	-2093.455	189.9369	2.004779	0.8334671
27618	-1900.287	-2090.278	189.9906	1.89144	0.903755
27624	-1902.016	-2091.806	189.79	1.780817	1.201957
27630	-1913.951	-2103.845	189.8942	1.864301	1.031814
27636	-1909.182	-2099.055	189.8724	1.968991	0.9479497
27642	-1920.502	-2110.309	189.8068	2.062432	0.9180079
27648	-1920.829	-2110.712	189.8831	2.038907	0.8575241
27654	-1915.978	-2105.851	189.8725	2.073145	0.8284832
27660	-1929.388	-2118.883	189.4949	1.640115	1.545584
27666	-1933.474	-2123.057	189.5832	1.688585	1.442799
27672	-1929.448	-2119.453	190.0055	1.863679	0.9180813
27678	-1915.926	-2105.878	189.9523	1.980707	0.8441811
27684	-1918.801	-2108.745	189.9435	1.958791	0.8808011
27690	-1917.199	-2107.168	189.9698	1.861491	0.958594
27696	-1919.109	-2109.144	190.0351	1.992447	0.7112107
27702	-1915.85	-2105.548	189.6975	2.39806	0.4682871
27708	-1921.497	-2111.145	189.6472	2.433536	0.4135956
27714	-1934.768	-2124.723	189.955	1.948095	0.8798376
27720	-1920.548	-2110.488	189.9392	1.993422	0.8447198
27726	-1929.866	-2119.69	189.8243	1.994772	0.9713311
27732	-1921.75	-2111.545	189.7956	1.860096	1.127547
27738	-1922.692	-2112.382	189.6899	1.9088	1.177889
27744	-1910.92	-2100.743	189.8229	1.864835	1.098467
27750	-1915.87	-2105.838	189.9681	2.039653	0.7430158
27756	-1897.938	-2087.875	189.9365	2.017262	0.8181973
27762	-1908.052	-2098.06	190.008	2.076273	0.5863882
27768	-1908.032	-2097.984	189.9521	2.130941	0.5904871
27774	-1906.533	-2095.826	189.2928	1.595956	1.723038
27780	-1910.025	-2099.674	189.6488	1.834207	1.275614
27786	-1901.455	-2091.281	189.8264	1.606394	1.316443
27792	-1909.148	-2098.759	189.6103	1.830145	1.31026
27798	-1903.149	-2092.85	189.7009	1.741993	1.308278
27804	-1902.727	-2092.469	189.7417	1.76866	1.252995
27810	-1907.852	-2097.224	189.3718	1.656026	1.623895
27816	-1918.368	-2107.531	189.1638	1.706234	1.736209
27822	-1913.491	-2103.437	189.9461	2.13663	0.5912948
27828	-1908.015	-2097.887	189.8727	2.168544	0.6872416
27834	-1900.287	-2090.207	189.9202	2.113526	0.7006249
27840	-1905.858	-2095.774	189.9157	2.103939	0.7243014
27846	-1912.449	-2102.308	189.859	2.163347	0.7199466
27852	-1912.821	-2102.756	189.9344	2.064554	0.7562446
27858	-1909.662	-2099.572	189.9095	2.089377	0.7562446
27864	-1925.023	-2114.924	189.9013	2.085381	0.7738774
27870	-1917.716	-2107.542	189.8257	1.856177	1.103889
27876	-1920.243	-2110.213	189.9706	1.907197	0.9084884
27882	-1915.864	-2105.79	189.9257	2.08384	0.7401508
27888	-1910.884	-2100.821	189.937	2.053461	0.7685787
27894	-1910.923	-2100.785	189.8624	2.123772	0.7745685
27900	-1915.349	-2105.18	189.8314	1.923311	1.035481
27906	-1913.69	-2103.522	189.8314	1.923311	1.035481
27912	-1918.156	-2107.96	189.8038	2.270416	0.6162029
27918	-1916.755	-2106.587	189.8328	2.193027	0.7141028
27924	-1909.411	-2099.282	189.8708	2.141083	0.7365392
27930	-1894.094	-2084.087	189.9929	2.017931	0.7382838
27936	-1909.207	-2099.201	189.9937	2.017093	0.7382838
27942	-1910.621	-2100.571	189.9502	2.111079	0.6472474
27948	-1905.842	-2095.752	189.9107	2.080903	0.7668706
27954	-1911.778	-2101.752	189.974	2.031925	0.7457445
27960	-1906.381	-2096.153	189.7712	2.234683	0.7457445
27966	-1911.728	-2101.567	189.8384	2.234683	0.6191179
27972	-1915.431	-2105.229	189.7985	2.28853	0.5765391
27978	-1919.995	-2109.793	189.7977	2.241118	0.691553
27984	-1908.975	-2098.81	189.8346	2.240257	0.6145474
27990	-1907.925	-2097.795	189.8693	2.222458	0.5561047
27996	-1897.658	-2087.473	189.8157	2.217979	0.7008207
28002	-1914.826	-2104.754	189.9276	1.640479	1.204341
28008	-1909.249	-2098.916	189.6668	1.585962	1.45729
28014	-1908.39	-2097.894	189.5042	1.643002	1.536601
28020	-1909.608	-2098.863	189.2541	1.643002	1.717161
28026	-1908.319	-2097.862	189.5424	1.558031	1.571078
28032	-1913.364	-2102.858	189.4934	1.521627	1.633139
28038	-1913.434	-2102.926	189.4918	1.72965	1.481056
28044	-1905.324	-2095.114	189.7899	1.686958	1.280666
28050	-1926.308	-2116.278	189.9702	2.035279	0.7463436
28056	-1939.115	-2129.096	189.9817	2.018674	0.7540393
28062	-1928.109	-2118.026	189.9174	1.896149	0.976935
28068	-1924.984	-2114.93	189.9464	1.75496	1.085903
28074	-1918.046	-2107.968	189.9218	1.939866	0.9263043
28080	-1915.041	-2104.936	189.8952	1.856965	1.037879
28086	-1909.388	-2099.226	189.8375	1.892746	1.058916
28092	-1924.601	-2114.463	189.8612	1.927299	1.002277
28098	-1913.192	-2103.086	189.8934	1.992015	0.8999951
28104	-1911.174	-2101.031	189.8568	1.865996	1.065901
28110	-1914.91	-2104.707	189.7969	1.959715	1.033583
28116	-1899.061	-2088.881	189.8196	1.987723	0.9832986
28122	-1902.628	-2092.447	189.8186	1.738421	1.213765
28128	-1902.744	-2092.494	189.7501	1.815677	1.206229
28134	-1899.531	-2089.35	189.8185	1.95287	1.019216
28140	-1904.145	-2093.994	189.8484	2.13448	0.7792696
28146	-1908.033	-2097.866	189.8332	2.161208	0.762768
28152	-1914.86	-2104.753	189.8939	2.135521	0.7080819
28158	-1921.401	-2111.327	189.9264	2.127176	0.66345
28164	-1919.044	-2108.752	189.7075	2.241549	0.8241898
28170	-1916.812	-2106.819	190.0075	1.941571	0.8241898
28176	-1906.091	-2095.865	189.7743	1.90612	1.105161
28182	-1904.082	-2094.027	189.9446	1.935186	0.9062803
28188	-1902.098	-2091.917	189.8192	1.859676	1.106631
28194	-1914.576	-2104.54	189.9643	2.01707	0.7813113
28200	-1902.03	-2091.878	189.848	1.910188	1.032044
28206	-1912.041	-2101.967	189.9253	1.993946	0.8609047
28212	-1903.371	-2093.188	189.8162	2.013237	0.96055
28218	-1904.546	-2094.414	189.8681	1.988448	0.9318519
28224	-1911.423	-2101.344	189.9211	1.942587	0.9240643
28230	-1909.056	-2098.773	189.7162	2.110373	0.9635411
28236	-1908.544	-2098.365	189.8213	2.114814	0.840409
28242	-1909.345	-2099.253	189.9077	1.862672	1.020213
28248	-1912.927	-2102.89	189.9635	1.899383	0.9249721
28254	-1918.267	-2108.141	189.8742	2.200119	0.6159558
28260	-1913.223	-2103.054	189.8308	2.24348	0.6159558
28266	-1912.123	-2101.948	189.8251	2.176617	0.7520521
28272	-1910.106	-2099.778	189.6721	1.628359	1.420747
28278	-1917.792	-2107.032	189.2395	1.572282	1.77692
28284	-1922.401	-2111.612	189.2106	1.6012	1.77692
28290	-1917.188	-2106.514	189.3263	1.614656	1.68611
28296	-1932.43	-2121.907	189.4775	1.679275	1.529488
28302	-1918.473	-2107.328	188.8549	1.59868	2.020188
28308	-1924.264	-2113.088	188.8238	1.382928	2.182209
28314	-1923.066	-2111.423	188.3569	1.326418	2.514816
28320	-1925.399	-2115.075	189.6758	1.723248	1.3435
28326	-1925.391	-2115.142	189.7512	1.628547	1.358835
28332	-1936.443	-2126.11	189.6668	1.706477	1.363923
28338	-1925.022	-2114.912	189.8905	1.917408	0.982685
28344	-1920.554	-2110.463	189.9087	1.747083	1.127545
28350	-1926.073	-2116.173	190.1004	1.636562	1.052504
28356	-1914.374	-2104.348	189.9737	1.764346	1.051434
28362	-1912.599	-2102.573	189.9739	1.714771	1.097657
28368	-1915.18	-2105.093	189.9134	1.828112	1.048191
28374	-1919.75	-2109.6	189.8494	1.928427	1.012906
28380	-1927.644	-2117.553	189.9084	2.132479	0.6878131
28386	-1926.65	-2116.61	189.9601	2.134724	0.5387334
28392	-1927.624	-2115.659	188.0348	1.296566	2.732264
28398	-1917.14	-2105.56	188.4201	1.197904	2.55549
28404	-1917.344	-2106.318	188.9738	1.561489	1.965677
28410	-1919.169	-2108.85	189.681	1.603845	1.432752
28416	-1926.78	-2116.451	189.6703	1.736739	1.337115
28422	-1914.273	-2104.249	189.976	1.965867	0.833185
28428	-1918.696	-2108.659	189.9626	2.054689	0.7281369
28434	-1916.563	-2106.482	189.919	2.06621	0.7760075
28440	-1910.202	-2100.075	189.8724	1.986449	0.9292931
28446	-1908.911	-2098.795	189.8844	2.060683	0.8292484
28452	-1917.019	-2106.959	189.9394	1.904108	0.9457632
28458	-1920.008	-2109.869	189.8613	1.982212	0.9457632
28464	-1926.329	-2116.227	189.8984	1.960362	0.9294486
28470	-1907.024	-2097.049	190.0253	1.985975	0.73753
28476	-1900.294	-2090.243	189.9487	1.977663	0.852296
28482	-1905.061	-2095.008	189.9477	2.012064	0.8103431
28488	-1895.971	-2085.988	190.0163	1.90181	0.8621758
28494	-1905.58	-2095.491	189.9112	2.009647	0.8589221
28500	-1893.438	-2083.49	190.0524	2.003953	0.6578493
28506	-1916.244	-2106.15	189.9058	2.064763	0.7960785
28512	-1931.555	-2121.379	189.8241	1.951592	1.01497
28518	-1927.362	-2116.717	189.3547	1.458573	1.775884
28524	-1918.23	-2107.468	189.2378	1.509898	1.82132
28530	-1901.281	-2090.731	189.4505	1.783081	1.471836
28536	-1908.087	-2097.887	189.7995	1.590089	1.351048
28542	-1918.758	-2108.801	190.0433	1.924417	0.7998456
28548	-1923.389	-2113.43	190.0415	1.924417	0.8022417
28554	-1914.145	-2103.004	188.8587	1.456081	2.111785
28560	-1911.087	-2100.963	189.876	1.831263	1.080444
28566	-1908.362	-2098.447	190.0857	1.774982	0.927309
28572	-1899.349	-2089.32	189.9705	1.955632	0.852565
28578	-1901.915	-2091.884	189.9682	1.841443	0.980983
28584	-1909.679	-2099.645	189.9659	1.82288	1.001961
28590	-1908.292	-2098.172	189.8792	1.908843	1.002779
28596	-1905.357	-2095.323	189.9662	1.898554	0.9228865
28602	-1912.79	-2102.778	189.9872	1.956031	0.8315852
28608	-1911.043	-2100.987	189.9441	2.053137	0.758661
28614	-1903.381	-2093.266	189.8848	2.137576	0.7197995
28620	-1905.861	-2095.628	189.7676	2.328091	0.5316177
28626	-1902.251	-2091.891	189.6399	2.456416	0.4747497
28632	-1895.815	-2085.613	189.7976	2.298513	0.5278491
28638	-1899.584	-2089.445	189.8611	2.234209	0.534685
28644	-1898.574	-2088.386	189.8114	2.25294	0.640278
28650	-1906.879	-2096.75	189.8709	2.173902	0.6806401
28656	-1903.784	-2093.641	189.8567	2.209914	0.6351268
28662	-1907.367	-2097.294	189.9273	2.084555	0.7365694
28668	-1910.845	-2100.786	189.9411	2.084555	0.7143932
28674	-1912.9	-2102.775	189.8744	2.116151	0.7684469
28680	-1913.73	-2103.688	189.9575	2.104827	0.6449068
28686	-1904.956	-2094.857	189.9008	2.098966	0.7549653
28692	-1908.882	-2098.947	190.0651	1.808721	0.9129871
28698	-1904.099	-2093.993	189.8939	1.91439	0.9823762
28704	-1912.36	-2102.024	189.6633	1.878684	1.226428
28710	-1910.139	-2099.91	189.7705	1.771517	1.226428
28716	-1912.811	-2102.091	189.2802	1.519793	1.78513
28722	-1906.454	-2095.959	189.5044	1.572355	1.588351
28728	-1925.671	-2114.75	189.0789	1.510915	1.928997
28734	-1928.477	-2118.078	189.6018	1.5058	1.565811
28740	-1921.673	-2111.345	189.6724	1.662296	1.394236
28746	-1926.967	-2116.738	189.7708	1.536024	1.41586
28752	-1925.112	-2114.812	189.6995	1.628425	1.399497
28758	-1917.136	-2106.732	189.5956	1.642605	1.468399
28764	-1919.794	-2109.333	189.5389	1.699237	1.468399
28770	-1909.684	-2099.428	189.7434	1.624344	1.368315
28776	-1901.488	-2091.249	189.7617	1.858201	1.159389
28782	-1905.875	-2095.918	190.0427	1.800004	0.9465642
28788	-1904.164	-2094	189.8362	1.9185	1.035499
28794	-1908.37	-2098.388	190.0171	1.937203	0.8174637
28800	-1932.087	-2121.893	189.8064	1.843446	1.132813
28806	-1918.842	-2108.843	190.0003	1.787753	1.002715
28812	-1919.468	-2109.173	189.7046	1.946768	1.13149
28818	-1901.832	-2091.748	189.9157	1.842399	1.032192
28824	-1908.182	-2097.986	189.8044	2.092263	0.8871984
28830	-1907.357	-2097.004	189.6466	1.781882	1.319964
28836	-1906.004	-2095.499	189.4952	1.62197	1.558752
28842	-1907.006	-2096.837	189.831	1.887827	1.069681
28848	-1909.039	-2099.004	189.9652	1.9403	0.8770813
28854	-1917.886	-2107.857	189.971	1.725768	1.090221
28860	-1917.61	-2107.49	189.8804	1.760294	1.14101
28866	-1923.225	-2113.12	189.8949	1.745743	1.14101
28872	-1922.839	-2112.8	189.961	1.969429	0.8473478
28878	-1918.769	-2108.715	189.9462	1.846665	0.9979423
28884	-1920.188	-2110.084	189.8956	2.199004	0.5401487
28890	-1909.51	-2099.326	189.8153	2.281031	0.5261936
28896	-1913.137	-2103.015	189.8778	2.206956	0.5846264
28902	-1910.843	-2100.685	189.8417	1.932769	1.016196
28908	-1914.119	-2104.155	190.0367	1.951255	0.7720946
28914	-1927.061	-2116.989	189.9272	2.093133	0.7231406
28920	-1912.116	-2101.787	189.6703	1.749565	1.326835
28926	-1910.061	-2099.876	189.8158	1.815785	1.149057
28932	-1933.692	-2123.61	189.9183	2.05133	0.7973672
28938	-1923.754	-2113.661	189.9067	2.066667	0.792237
28944	-1926.811	-2116.877	190.0662	1.812449	0.9075633
28950	-1906.348	-2096.279	189.9317	1.91627	0.9410366
28956	-1907.132	-2097.053	189.9203	1.927595	0.9410366
28962	-1910.554	-2100.376	189.8217	2.015083	0.9528853
28968	-1914.716	-2104.635	189.9188	1.953303	0.9148344
28974	-1918.836	-2108.801	189.9649	1.907237	0.9148344
28980	-1923.239	-2113.247	190.0083	1.998848	0.7439282
28986	-1924.079	-2114.059	189.9796	1.981587	0.8085577
28992	-1906.046	-2095.855	189.8094	2.28055	0.5644377
28998	-1909.344	-2099.171	189.8266	2.266759	0.5479101
29004	-1909.06	-2098.899	189.8394	2.174548	0.7333753
29010	-1906.216	-2096.17	189.9535	2.100639	0.662274
29016	-1915.144	-2105.08	189.9362	2.117983	0.662274
29022	-1919.272	-2109.301	190.0296	2.019084	0.6731862
29028	-1908.255	-2098.31	190.0548	1.880847	0.8410158
29034	-1904.682	-2094.663	189.9808	1.880847	0.9262634
29040	-1912.594	-2102.452	189.8576	2.062098	0.8602691
29046	-1917.57	-2107.596	190.0257	2.00501	0.7058607
29052	-1911.605	-2101.622	190.0162	1.897686	0.8672155
29058	-1913.227	-2103.075	189.8481	1.795291	1.138614
29064	-1915.913	-2105.803	189.8905	1.822856	1.074744
29070	-1916.942	-2106.844	189.902	1.758979	1.12285
29076	-1915.128	-2104.924	189.7962	1.6937	1.269899
29082	-1917.489	-2107.106	189.6169	1.566829	1.509377
29088	-1918.286	-2107.414	189.1281	1.57803	1.849913
29094	-1922.563	-2111.647	189.0832	1.469562	1.953939
29100	-1917.583	-2106.868	189.2848	1.518763	1.78264
29106	-1911.528	-2100.303	188.7748	1.416636	2.192105
29112	-1911.958	-2100.72	188.7621	1.360476	2.236567
29118	-1914.123	-2102.546	188.4229	1.433936	2.405931
29124	-1907.164	-2096.661	189.4969	1.496818	1.648486
29130	-1910.059	-2099.204	189.1457	1.44458	1.928694
29136	-1912.686	-2101.534	188.8474	1.349825	2.188339
29142	-1909.816	-2099.056	189.2407	1.467483	1.848506
29148	-1907.948	-2097.061	189.1129	1.508727	1.907459
29154	-1907.386	-2097.156	189.7702	2.324569	0.4628562
29160	-1907.412	-2097.131	189.7187	2.377939	0.5226718
29166	-1902.709	-2092.431	189.7223	2.375361	0.4974718
29172	-1900.611	-2090.462	189.8509	2.246717	0.4974718
29178	-1908.712	-2098.48	189.7686	2.328913	0.4927996
29184	-1900.707	-2090.427	189.7202	2.363747	0.4217478
29190	-1909.719	-2099.571	189.8513	2.245304	0.5234443
29196	-1919.741	-2109.61	189.8691	2.217864	0.4305203
29202	-1910.977	-2100.972	189.9948	1.796144	0.9998397
29208	-1910.643	-2100.511	189.8683	1.891922	1.030108
29214	-1914.206	-2103.906	189.6993	2.395677	0.4641091
29220	-1913.15	-2102.965	189.8153	2.27964	0.4641091
29226	-1913.75	-2103.633	189.883	2.206045	0.5685525
29232	-1922.894	-2112.863	189.9693	2.09334	0.6442212
29238	-1922.567	-2112.543	189.9754	2.100334	0.6119865
29244	-1939.363	-2129.268	189.9044	1.79602	1.086793
29250	-1938.753	-2128.363	189.6102	1.777088	1.352858
29256	-1918.348	-2108.306	189.958	1.916661	0.9119601
29262	-1925.215	-2115.282	190.0674	1.927619	0.7618824
29268	-1920.371	-2110.359	189.9888	1.900158	0.8959961
29274	-1912.985	-2102.929	189.9443	1.818712	1.027373
29280	-1924.201	-2114.111	189.9097	1.914138	0.9663749
29286	-1928.317	-2117.937	189.6192	1.833047	1.300693
29292	-1913.418	-2103.365	189.9466	1.784143	1.058414
29298	-1929.27	-2119.126	189.8551	1.930339	1.005335
29304	-1921.911	-2111.785	189.8738	1.907389	1.009539
29310	-1911.148	-2101.112	189.9643	1.847326	0.9789028
29316	-1912.894	-2102.809	189.9158	1.920927	0.9529599
29322	-1918.669	-2108.482	189.8124	1.996391	0.9818469
29328	-1922.881	-2112.808	189.9273	2.034633	0.8075321
29334	-1922.54	-2112.556	190.0164	2.024055	0.688575
29340	-1926.268	-2116.282	190.0134	1.956504	0.7969323
29346	-1921.476	-2111.438	189.9617	2.021127	0.779362
29352	-1929.72	-2119.531	189.8106	2.041978	0.9360799
29358	-1921.185	-2111.018	189.8323	1.995082	0.9627096
29364	-1919.885	-2109.801	189.9163	2.159777	0.6111573
29370	-1917.744	-2107.737	189.9923	1.871804	0.9235577
29376	-1925.112	-2115.104	189.9919	1.872222	0.9235577
29382	-1920.555	-2109.815	189.2594	1.471654	1.832751
29388	-1914.75	-2103.883	189.1326	1.598542	1.832751
29394	-1920.556	-2110.48	189.9241	1.998446	0.8569445
29400	-1914.11	-2103.585	189.4753	1.605985	1.58509
29406	-1912.441	-2101.84	189.3989	1.622133	1.628828
29412	-1902.037	-2091.67	189.6324	1.625614	1.453275
29418	-1912.764	-2102.26	189.4957	1.623505	1.557226
29424	-1908.962	-2098.959	189.9965	1.950564	0.8267317
29430	-1913.405	-2103.448	190.0434	1.995482	0.6915823
29436	-1904.27	-2094.162	189.8918	2.19743	0.5674801
29442	-1904.837	-2094.818	189.9801	2.026531	0.7447004
29448	-1904.067	-2094.024	189.9572	1.967767	0.854045
29454	-1895.986	-2085.712	189.7256	1.700619	1.321774
29460	-1906.441	-2096.383	189.9415	1.68003	1.157974
29466	-1905.667	-2095.547	189.8795	1.741998	1.157974
29472	-1912.914	-2102.69	189.7759	1.651346	1.320948
29478	-1918.006	-2107.839	189.8328	1.66991	1.259291
29484	-1919.119	-2108.597	189.4778	1.657277	1.545564
29490	-1908.372	-2098.137	189.764	1.716758	1.277419
29496	-1906.041	-2095.85	189.8083	1.672457	1.277419
29502	-1900.824	-2090.328	189.5043	1.638869	1.539546
29508	-1904.19	-2093.973	189.783	1.667878	1.301863
29514	-1906.047	-2096.077	190.0296	1.650101	1.105874
29520	-1910.101	-2099.624	189.523	1.525086	1.609251
29526	-1906.082	-2095.449	189.3673	1.754752	1.555117
29532	-1909.083	-2098.948	189.8647	1.824232	1.097371
29538	-1910.437	-2100.2	189.7635	1.925411	1.097371
29544	-1908.8	-2098.691	189.8901	1.809722	1.087318
29550	-1923.465	-2113.206	189.7413	1.694304	1.314181
29556	-1925.281	-2114.521	189.2406	1.681595	1.699464
29562	-1918.075	-2107.8	189.7256	1.79587	1.243743
29568	-1906.284	-2095.989	189.7055	1.758664	1.291066
29574	-1914.037	-2103.654	189.6164	1.772833	1.351351
29580	-1928.591	-2118.09	189.4987	1.664685	1.524558
29586	-1932.495	-2121.497	189.002	1.495391	1.99102
29592	-1925.107	-2113.793	188.6868	1.348497	2.292596
29598	-1920.289	-2109.809	189.5197	1.54702	1.595701
29604	-1920.432	-2110.262	189.8308	1.656268	1.272231
29610	-1918.866	-2108.66	189.7939	1.556739	1.381715
29616	-1907.465	-2097.105	189.6401	1.726682	1.369066
29622	-1912.123	-2101.496	189.3733	1.573382	1.682074
29628	-1905.775	-2095.286	189.5115	1.523387	1.618814
29634	-1909.356	-2098.869	189.5122	1.668647	1.511567
29640	-1907.619	-2097.319	189.6997	1.729546	1.319353
29646	-1912.196	-2101.871	189.6748	1.660918	1.393374
29652	-1903.159	-2093.029	189.8703	1.771837	1.13969
29658	-1903.795	-2093.614	189.8188	1.823401	1.13969
29664	-1904.258	-2093.931	189.6732	1.513727	1.506961
29670	-1907.025	-2096.524	189.4986	1.455614	1.676721
29676	-1912.118	-2101.994	189.8753	1.649671	1.240774
29682	-1922.899	-2112.829	189.9303	1.771114	1.085922
29688	-1918.103	-2108.033	189.9303	1.925196	0.9329705
29694	-1924.886	-2114.817	189.9314	1.997067	0.8497481
29700	-1913.717	-2103.643	189.9265	1.786803	1.074804
29706	-1911.206	-2101.184	189.9782	2.010752	0.7706364
29712	-1908.405	-2098.275	189.87	2.118941	0.7706364
29718	-1923.599	-2113.366	189.767	1.975688	1.046977
29724	-1914.492	-2104.327	189.8342	1.654353	1.271051
29730	-1900.384	-2090.258	189.874	1.711786	1.189088
29736	-1905.598	-2095.39	189.792	1.702212	1.266344
29742	-1914.326	-2103.923	189.5969	1.666615	1.449126
29748	-1919.294	-2108.718	189.4237	1.773286	1.499447
29754	-1928.353	-2118.043	189.6903	2.404827	0.5363508
29760	-1916.666	-2106.569	189.9027	1.932663	0.9543815
29766	-1916.054	-2106.03	189.9755	1.886291	0.9261344
29772	-1915.654	-2105.624	189.9695	1.906211	0.9108286
29778	-1909.426	-2099.44	190.0147	1.829111	0.9454501
29784	-1899.622	-2089.519	189.897	1.955312	0.9363829
29790	-1908.829	-2098.79	189.9611	1.822407	1.007218
29796	-1919.888	-2109.81	189.9216	1.808649	1.058836
29802	-1913.391	-2102.965	189.5746	2.495552	0.3917033
29808	-1908.541	-2098.2	189.6596	2.433715	0.4547142
29814	-1908.836	-2098.555	189.7187	2.375144	0.5445767
29820	-1907.403	-2097.237	189.833	1.75033	1.191171
29826	-1903.458	-2093.273	189.8144	1.856114	1.114183
29832	-1923.767	-2113.651	189.8846	2.200765	0.5826144
29838	-1921.475	-2111.346	189.8705	2.214855	0.5826144
29844	-1922.627	-2112.402	189.7751	1.766567	1.226728
29850	-1909.457	-2099.461	190.0048	1.898287	0.8798526
29856	-1913.931	-2103.809	189.8779	1.903965	1.008903
29862	-1920.731	-2110.672	189.9407	1.70793	1.133898
29868	-1933.785	-2123.817	190.0322	1.699129	1.057873
29874	-1913.194	-2103.054	189.8607	2.060066	0.8589962
29880	-1919.758	-2109.739	189.9803	1.882133	0.9254219
29886	-1914.316	-2104.201	189.8852	1.990073	0.9113617
29892	-1923.51	-2113.431	189.9204	2.097943	0.7264048
29898	-1913.613	-2103.592	189.9794	2.080726	0.6497571
29904	-1928.651	-2118.525	189.8736	2.080726	0.8174357
29910	-1926.755	-2116.642	189.8869	2.022553	0.8723721
29916	-1904.598	-2094.495	189.8964	2.036391	0.8445228
29922	-1904.227	-2094.173	189.9463	2.062533	0.7413123
29928	-1903.599	-2093.603	190.0046	1.995637	0.7542237
29934	-1901.431	-2091.402	189.9718	2.028501	0.7542237
29940	-1910.051	-2099.978	189.9268	2.018211	0.8292537
29946	-1913.697	-2103.547	189.8502	2.138335	0.7712526
29952	-1908.675	-2098.62	189.9455	2.116382	0.6459502
29958	-1904.293	-2094.156	189.8625	2.219843	0.5926639
29964	-1909.898	-2099.704	189.8061	2.265867	0.6221108
29970	-1904.119	-2093.837	189.7188	2.378636	0.4903135
29976	-1911.304	-2101.127	189.8226	2.270721	0.5481786
29982	-1909.331	-2099.009	189.6774	2.407333	0.4240212
29988	-1917.162	-2106.959	189.7971	2.300405	0.4926659
29994	-1940.789	-2130.271	189.4824	2.601881	0.4225393
30000	-1923.406	-2113.392	189.9853	2.030733	0.7300876
30006	-1917.416	-2107.351	189.9355	2.080519	0.7300876
30012	-1914.976	-2104.761	189.785	2.312592	0.5050973
30018	-1914.369	-2104.145	189.776	2.318887	0.537784
30024	-1911.016	-2100.971	189.9551	1.90176	0.9315082
30030	-1907.36	-2097.302	189.9423	2.0784	0.7225374
30036	-1906.1	-2096.038	189.9377	2.083052	0.7225374
30042	-1906.833	-2096.74	189.9067	2.114033	0.7225374
30048	-1896.335	-2086.345	190.0095	1.965637	0.7898744
30054	-1906.306	-2096.232	189.9265	2.068403	0.7620871
30060	-1905.553	-2095.493	189.9396	1.98526	0.8541236
30066	-1909.378	-2099.306	189.9287	1.952485	0.9047138
30072	-1905.645	-2095.635	189.9905	1.902782	0.891054
30078	-1904.315	-2094.253	189.938	2.001558	0.8360727
30084	-1901.843	-2091.862	190.0194	2.026774	0.6780925
30090	-1911.351	-2101.216	189.8653	2.114191	0.7839873
30096	-1898.737	-2088.574	189.8378	2.246766	0.5853046
30102	-1896.465	-2086.277	189.8118	2.275742	0.5743173
30108	-1900.012	-2090.111	190.0988	1.928804	0.7111447
30114	-1902.211	-2092.213	190.0015	1.797406	0.9918421
30120	-1916.898	-2106.751	189.8532	2.244062	0.5141475
30126	-1909.989	-2099.967	189.9775	2.075345	0.6649267
30132	-1910.211	-2099.944	189.7329	1.867749	1.176222
30138	-1928.609	-2118.406	189.7969	1.810495	1.170346
30144	-1925.23	-2115.05	189.8197	1.776191	1.180353
30150	-1913.92	-2103.712	189.7914	1.66798	1.294908
30156	-1911.848	-2101.577	189.7285	1.679389	1.33644
30162	-1913.623	-2103.307	189.6836	1.604787	1.430052
30168	-1914.177	-2103.763	189.5859	1.584304	1.519439
30174	-1913.113	-2102.952	189.8399	1.795763	1.145443
30180	-1903.035	-2092.916	189.8805	1.720322	1.176042
30186	-1910.622	-2100.632	190.0103	1.836718	0.9420249
30192	-1916.024	-2105.893	189.8689	1.74212	1.167136
30198	-1907.612	-2097.399	189.7875	1.834165	1.157852
30204	-1907.169	-2096.957	189.7874	1.842387	1.150678
30210	-1901.781	-2091.708	189.9276	1.963046	0.8941105
30216	-1915.215	-2105.174	189.9596	1.966467	0.8526926
30222	-1907.75	-2097.642	189.8924	1.966467	0.9292856
30228	-1906.852	-2096.713	189.8609	2.032528	0.8909702
30234	-1906.429	-2096.377	189.9479	2.087776	0.697168
30240	-1903.394	-2093.429	190.0349	1.975393	0.7390075
30246	-1911.789	-2101.806	190.0171	2.003357	0.7229771
30252	-1910.55	-2100.499	189.9489	2.04748	0.7599311
30258	-1924.921	-2114.952	190.0308	1.950282	0.7817167
30264	-1918.389	-2108.285	189.8962	1.9873	0.9021495
30270	-1927.245	-2117.207	189.9628	2.044165	0.7442243
30276	-1923.51	-2113.353	189.8434	2.02899	0.9144783
30282	-1935.174	-2124.852	189.6779	1.770105	1.304198
30288	-1922.26	-2111.85	189.5901	1.770105	1.374221
30294	-1929.902	-2119.416	189.5139	1.709382	1.479691
30300	-1920.592	-2110.44	189.8484	2.083167	0.8459989
30306	-1917.995	-2107.964	189.9691	1.962425	0.8459989
30312	-1910.128	-2099.988	189.8598	2.154468	0.7328609
30318	-1914.499	-2104.351	189.8526	2.214589	0.6337027
30324	-1919.873	-2109.818	189.9451	2.126779	0.6221623
30330	-1912.795	-2102.742	189.9472	2.121421	0.630423
30336	-1908.354	-2098.33	189.9759	2.089596	0.637805
30342	-1918.398	-2108.301	189.9031	2.175921	0.6027032
30348	-1917.976	-2107.768	189.7926	2.301222	0.5448518
30354	-1917.982	-2107.756	189.7746	2.028765	0.987352
30360	-1914.788	-2104.626	189.8388	2.120008	0.8116749
30366	-1915.691	-2105.582	189.8913	1.989069	0.905638
30372	-1919.691	-2109.534	189.8434	1.732977	1.197177
30378	-1910.586	-2100.362	189.7765	1.814492	1.18456
30384	-1912.881	-2102.632	189.7512	1.732463	1.275044
30390	-1904.06	-2093.784	189.7242	1.784303	1.254475
30396	-1905.966	-2095.791	189.8247	1.779119	1.173471
30402	-1900.22	-2090.128	189.9087	1.71847	1.153018
30408	-1904.378	-2094.294	189.9162	1.86071	1.013755
30414	-1904.518	-2094.444	189.9256	1.851371	1.013755
30420	-1903.28	-2093.243	189.9631	1.926354	0.8954617
30426	-1910.594	-2100.662	190.0679	1.982679	0.6694122
30432	-1907.823	-2097.68	189.8565	2.238988	0.5337892
30438	-1917.595	-2107.262	189.6661	2.429364	0.5337892
30444	-1900.353	-2090.237	189.8836	2.211876	0.5337892
30450	-1911.386	-2101.305	189.9193	2.174016	0.5480838
30456	-1907.926	-2097.791	189.8651	2.232382	0.5080231
30462	-1903.585	-2093.484	189.8991	2.132242	0.7048119
30468	-1913.744	-2103.68	189.936	2.016791	0.8193516
30474	-1912.219	-2102.157	189.9373	2.053881	0.7674166
30480	-1909.342	-2099.125	189.7825	2.289463	0.6220328
30486	-1895.939	-2085.858	189.9192	2.169872	0.5682683
30492	-1902.3	-2092.2	189.8994	2.195678	0.5369586
30498	-1914.782	-2104.713	189.9311	1.951907	0.9027514
30504	-1911.497	-2101.247	189.7498	2.347778	0.5026722
30510	-1918.063	-2108.045	189.9825	1.818078	0.9901438
30516	-1924.529	-2114.485	189.956	1.733557	1.096867
30522	-1915.795	-2105.601	189.8063	2.291372	0.4972448
30528	-1912.516	-2102.301	189.7848	2.31263	0.5095388
30534	-1910.653	-2100.71	190.0572	1.734909	0.9987222
30540	-1908.316	-2097.881	189.5652	1.532385	1.573132
30546	-1910.077	-2099.688	189.6107	1.486867	1.573132
30552	-1900.765	-2090.437	189.6722	1.646997	1.406237
30558	-1910.656	-2100.414	189.7582	1.622534	1.358034
30564	-1916.472	-2105.998	189.5254	1.722383	1.461104
30570	-1906.612	-2096.425	189.8126	1.866808	1.106073
30576	-1919.044	-2108.953	189.9084	1.75802	1.117928
30582	-1913.87	-2103.88	190.0098	1.936733	0.8273902
30588	-1922.616	-2112.606	189.9899	1.842397	0.957523
30594	-1919.898	-2109.887	189.9885	1.858289	0.9422561
30600	-1905.595	-2095.506	189.9107	1.799392	1.077823
30606	-1907.742	-2097.458	189.7163	1.892854	1.168778
30612	-1901.547	-2091.34	189.7929	1.7937	1.188388
30618	-1909.878	-2099.791	189.9126	1.78381	1.090537
30624	-1926.19	-2115.731	189.541	1.705133	1.462363
30630	-1908.478	-2098.576	190.0981	1.893484	0.7668341
30636	-1912.936	-2102.752	189.8159	2.012799	0.9613215
30642	-1910.542	-2100.622	190.0792	1.983595	0.6438987
30648	-1910.551	-2100.516	189.965	2.115891	0.5972443
30654	-1918.746	-2108.592	189.8461	2.251457	0.5069229
30660	-1912.823	-2102.795	189.9723	1.853993	0.9637874
30666	-1915.333	-2105.125	189.7921	2.000034	0.9986393
30672	-1909.486	-2099.397	189.9109	1.948715	0.9284907
30678	-1906.268	-2096.2	189.9319	1.927687	0.9284907
30684	-1900.348	-2090.307	189.9592	1.900386	0.9284907
30690	-1909.402	-2099.467	190.0657	1.793885	0.9284907
30696	-1913.809	-2103.709	189.8995	1.960112	0.9284907
30702	-1916.275	-2106.299	190.0245	2.006152	0.7060511
30708	-1915.332	-2105.267	189.9351	2.013765	0.824421
30714	-1913.537	-2103.495	189.9589	1.960575	0.8606309
30720	-1922.033	-2111.789	189.7555	2.342126	0.4988601
30726	-1914.44	-2104.14	189.6999	2.397246	0.5155097
30732	-1920.371	-2110.089	189.7183	2.378372	0.4780635
30738	-1909.986	-2099.711	189.7253	2.372301	0.4989012
30744	-1912.284	-2101.978	189.6943	2.399948	0.4600425
30750	-1906.71	-2096.335	189.6242	2.473144	0.487101
30756	-1914.415	-2104.074	189.6592	2.425461	0.584848
30762	-1914.666	-2104.624	189.9578	2.093786	0.6674369
30768	-1908.079	-2097.862	189.783	2.297227	0.5991252
30774	-1922.537	-2112.362	189.825	2.251064	0.6111302
30780	-1915.855	-2105.658	189.8031	2.294201	0.5135482
30786	-1907.825	-2097.625	189.8002	2.294201	0.5415643
30792	-1907.9	-2097.734	189.8332	2.201241	0.699421
30798	-1916.533	-2106.464	189.9308	1.999648	0.8473437
30804	-1908.952	-2098.776	189.8235	2.271638	0.5364997
30810	-1916.146	-2105.976	189.83	2.267588	0.5055777
30816	-1920.956	-2110.691	189.7351	2.328808	0.6413246
30822	-1926.345	-2116.238	189.8933	1.973986	0.9201632
30828	-1924.521	-2114.427	189.9051	1.962158	0.9201632
30834	-1909.468	-2099.129	189.6604	2.433755	0.4593347
30840	-1917.012	-2106.882	189.8694	2.214426	0.5877425
30846	-1917.829	-2107.61	189.7801	2.29451	0.6150443
30852	-1936.106	-2125.939	189.8324	1.72531	1.213184
30858	-1935.027	-2125.02	189.9927	1.716407	1.078703
30864	-1914.755	-2104.554	189.7995	2.297808	0.4882441
30870	-1917.86	-2107.6	189.7405	2.351042	0.5574338
30876	-1909.458	-2099.132	189.6742	2.416917	0.5592404
30882	-1908.796	-2098.628	189.8319	2.147184	0.7844947
30888	-1902.535	-2092.374	189.8386	2.167969	0.744698
30894	-1908.972	-2098.856	189.8839	2.077356	0.8084261
30900	-1919.919	-2109.855	189.9358	2.079136	0.7317785
30906	-1926.721	-2116.597	189.8761	2.187069	0.6430684
30912	-1923.575	-2113.409	189.8333	2.258036	0.5581392
30918	-1907.289	-2097.146	189.8574	2.224915	0.592865
30924	-1914.068	-2103.877	189.809	2.273262	0.592865
30930	-1911.265	-2101.187	189.9217	2.061161	0.7792161
30936	-1919.085	-2109.04	189.9546	2.061161	0.7305347
30942	-1922.11	-2111.957	189.8467	1.887616	1.055046
30948	-1913.523	-2103.304	189.7805	1.824153	1.172747
30954	-1901.713	-2091.408	189.6956	1.722776	1.328092
30960	-1903.613	-2093.242	189.629	1.743527	1.36456
30966	-1911.251	-2100.985	189.7339	1.736892	1.28559
30972	-1910.824	-2100.204	189.3803	1.711597	1.577303
30978	-1906.884	-2096.409	189.5247	1.504319	1.623018
30984	-1930.227	-2119.979	189.7522	2.339527	0.4474147
30990	-1914.997	-2104.356	189.3594	1.571239	1.693457
30996	-1917.2	-2106.582	189.3823	1.507087	1.722649
31002	-1921.37	-2110.296	188.9262	1.422886	2.08926
31008	-1912.588	-2101.604	189.0157	1.416944	2.034095
31014	-1925.35	-2115.29	189.94	2.148544	0.5704809
31020	-1929.768	-2119.064	189.296	1.449356	1.822923
31026	-1913.606	-2103.123	189.5173	1.607211	1.553331
31032	-1900.657	-2090.444	189.7872	1.719786	1.255778
31038	-1901.876	-2091.665	189.7894	1.823815	1.165287
31044	-1906.816	-2096.623	189.8072	1.763806	1.201833
31050	-1910.767	-2100.678	189.9107	1.873772	1.006263
31056	-1915.302	-2105.274	189.9716	1.855806	0.9626937
31062	-1915.168	-2105.038	189.8699	1.881127	1.038985
31068	-1924.976	-2114.967	189.9911	2.058611	0.6711914
31074	-1918.128	-2108.111	189.9827	1.795649	1.012369
31080	-1908.818	-2098.852	190.0338	1.772706	0.9841265
31086	-1907.626	-2097.597	189.9711	1.943262	0.8666059
31092	-1915.059	-2104.978	189.9185	2.023931	0.832544
31098	-1913.928	-2103.932	190.0034	1.887317	0.8940565
31104	-1910.227	-2100.207	189.9791	2.014886	0.7633791
31110	-1911.128	-2101.138	190.0107	1.920848	0.8459793
31116	-1903.901	-2093.926	190.0251	1.906422	0.8459793
31122	-1909.374	-2099.013	189.6387	1.688832	1.399818
31128	-1906.358	-2095.95	189.5921	1.574075	1.52246
31134	-1904.102	-2093.533	189.4318	1.538247	1.665387
31140	-1899.582	-2089.504	189.9216	1.968499	0.8947249
31146	-1894.214	-2084.19	189.976	2.004595	0.7824177
31152	-1899.179	-2089.103	189.9245	1.909813	0.9553966
31158	-1904.915	-2094.74	189.8248	1.758636	1.191117
31164	-1906.087	-2096.17	190.0824	1.922088	0.7478518
31170	-1932.404	-2122.155	189.7514	1.521897	1.441662
31176	-1925.672	-2115.072	189.3997	1.51659	1.703653
31182	-1924.552	-2114.481	189.9293	2.050753	0.7831835
31188	-1912.234	-2102.16	189.9262	1.945779	0.9150002
31194	-1923.554	-2113.554	189.9995	1.955843	0.8160844
31200	-1921.716	-2111.679	189.9629	2.10267	0.637531
31206	-1913.949	-2103.912	189.9629	2.10267	0.637531
31212	-1930.048	-2119.869	189.8212	1.765763	1.188061
31218	-1926.345	-2116.28	189.9349	1.92638	0.9266808
31224	-1915.056	-2104.814	189.7584	2.322521	0.5971346
31230	-1919.568	-2109.558	189.99	2.002195	0.7660228
31236	-1916.816	-2106.855	190.0394	1.953436	0.7651653
31242	-1904.565	-2094.367	189.8016	2.294545	0.5281063
31248	-1902.481	-2092.259	189.7777	2.319388	0.4833822
31254	-1924.302	-2113.995	189.6932	2.404148	0.5125665
31260	-1924.581	-2114.116	189.5354	2.552249	0.4325701
31266	-1913.216	-2103.106	189.8898	2.195067	0.5843519
31272	-1903.4	-2093.321	189.9204	2.160117	0.5984433
31278	-1916.39	-2106.314	189.9241	2.160117	0.5863416
31284	-1919.173	-2109.115	189.9417	1.631401	1.199976
31290	-1928.713	-2118.653	189.9401	2.075417	0.7309482
31296	-1909.032	-2099.091	190.0598	2.012054	0.6221706
31302	-1903.049	-2092.975	189.9261	2.145806	0.6221706
31308	-1910.649	-2100.588	189.9389	2.136051	0.6141933
31314	-1914.795	-2104.585	189.7901	2.305026	0.4652001
31320	-1910.679	-2100.468	189.7895	2.305026	0.5404472
31326	-1901.208	-2091.108	189.8993	2.190325	0.566182
31332	-1907.604	-2097.408	189.8031	2.288459	0.5570151
31338	-1907.187	-2097.047	189.8605	2.207989	0.6307263
31344	-1916.023	-2105.908	189.8855	2.207989	0.547142
31350	-1911.158	-2100.964	189.8061	2.290817	0.4818323
31356	-1907.04	-2096.845	189.8044	2.290817	0.4657174
31362	-1919.208	-2109.02	189.8111	2.286499	0.4946196
31368	-1921.246	-2111.147	189.9011	2.19532	0.5254788
31374	-1932.045	-2120.335	188.2908	1.288507	2.57956
31380	-1924.729	-2113.429	188.6995	1.47479	2.203185
31386	-1913.876	-2102.571	188.6951	1.300221	2.318078
31392	-1917.331	-2106.852	189.5212	1.322501	1.754691
31398	-1910.664	-2099.674	189.01	1.364717	2.072368
31404	-1914.512	-2103.335	188.8229	1.370584	2.190796
31410	-1927.767	-2115.584	187.817	1.414378	2.793298
31416	-1933.171	-2122.621	189.4497	1.489182	1.687608
31422	-1919.064	-2108.919	189.8554	1.70298	1.212604
31428	-1919.713	-2109.134	189.4209	1.664728	1.581879
31434	-1927.101	-2115.353	188.252	1.364489	2.556451
31440	-1914.355	-2103.278	188.9236	1.343664	2.142794
31446	-1917.589	-2106.512	188.9238	1.43254	2.084471
31452	-1917.396	-2107.002	189.6063	1.470425	1.58841
31458	-1901.76	-2091.406	189.6459	1.53712	1.509905
31464	-1910.973	-2100.805	189.8322	1.53712	1.367065
31470	-1905.677	-2095.071	189.3938	1.480553	1.733209
31476	-1909.896	-2099.184	189.2883	1.608471	1.717436
31482	-1910.586	-2099.955	189.3687	1.528029	1.717436
31488	-1907.341	-2096.705	189.3642	1.495254	1.743692
31494	-1910.566	-2100.247	189.6812	1.766457	1.304486
31500	-1918.064	-2107.829	189.7651	1.789403	1.215872
31506	-1920.43	-2109.592	189.1621	1.703949	1.739025
31512	-1915.506	-2104.983	189.4766	1.634309	1.563381
31518	-1910.399	-2100.034	189.6348	1.688556	1.403039
31524	-1912.909	-2102.183	189.2744	1.54536	1.771392
31530	-1920.45	-2109.867	189.4166	1.507718	1.697908
31536	-1915.666	-2105.379	189.7127	1.68035	1.348308
31542	-1906.512	-2095.788	189.2761	1.512352	1.793165
31548	-1913.282	-2102.574	189.2914	1.497018	1.793165
31554	-1923.572	-2112.062	188.4899	1.193916	2.514527
31560	-1929.884	-2118.416	188.5324	1.415925	2.348026
31566	-1938.574	-2127.235	188.6603	1.366681	2.297891
31572	-1933.502	-2122.527	189.0254	1.425242	2.02213
31578	-1933.736	-2123.186	189.4504	1.589516	1.615149
31584	-1923.354	-2112.869	189.5149	1.626041	1.541223
31590	-1935.928	-2123.643	187.7145	1.081908	3.055668
31596	-1937.499	-2124.259	186.7605	1.039775	3.641472
31602	-1926.665	-2114.588	187.9231	1.103672	2.91735
31608	-1916.564	-2104.289	187.7245	1.302303	2.91735
31614	-1934.508	-2123.313	188.8045	1.339716	2.222638
31620	-1918.283	-2107.589	189.3059	1.518887	1.767924
31626	-1913.497	-2102.662	189.1653	1.607108	1.804287
31632	-1925.619	-2114.329	188.7103	1.298128	2.309742
31638	-1922.678	-2110.733	188.0543	1.280526	2.73018
31644	-1929.008	-2118.37	189.3619	1.645331	1.638753
31650	-1920.774	-2110.173	189.3991	1.693198	1.577035
31656	-1915.688	-2104.707	189.0192	1.389536	2.049936
31662	-1919.343	-2108.016	188.6723	1.487929	2.212265
31668	-1916.128	-2104.808	188.6797	1.482402	2.211087
31674	-1912.11	-2100.878	188.7673	1.374005	2.224527
31680	-1932.208	-2121.217	189.0093	1.498356	1.984165
31686	-1933.483	-2123.05	189.5674	1.703244	1.443693
31692	-1917.331	-2106.202	188.8718	1.325611	2.188228
31698	-1928.378	-2117.329	188.9505	1.356867	2.116597
31704	-1926.731	-2116.305	189.5734	1.540566	1.561129
31710	-1928.038	-2116.655	188.6164	1.432546	2.283853
31716	-1928.685	-2117.498	188.8131	1.443512	2.149774
31722	-1922.372	-2112.161	189.7888	1.618091	1.337233
31728	-1918.545	-2107.749	189.2044	1.506913	1.846342
31734	-1930.141	-2118.301	188.1595	1.341333	2.628086
31740	-1935.526	-2124.014	188.4888	1.357024	2.41289
31746	-1932.183	-2120.466	188.2832	1.186976	2.647041
31752	-1921.996	-2110.931	188.9344	1.248515	2.197641
31758	-1919.748	-2108.53	188.7817	1.343426	2.234916
31764	-1939.769	-2128.468	188.6992	1.403318	2.249501
31770	-1939.601	-2127.83	188.2296	1.394778	2.551533
31776	-1936.995	-2125.715	188.7198	1.38106	2.250524
31782	-1932.761	-2121.608	188.8463	1.503294	2.088908
31788	-1927.597	-2116.391	188.7939	1.413083	2.18204
31794	-1914.414	-2103.395	188.9815	1.407798	2.062784
31800	-1922.948	-2111.826	188.8785	1.48593	2.079142
31806	-1927.485	-2117.106	189.6207	1.505221	1.552317
31812	-1920.529	-2110.221	189.692	1.474451	1.522302
31818	-1925.874	-2115.716	189.8419	1.645451	1.271991
31824	-1923.234	-2113.205	189.9712	1.825105	0.9944905
31830	-1922.574	-2112.597	190.0233	1.96928	0.7654079
31836	-1920.884	-2110.831	189.9474	1.96992	0.8631868
31842	-1923.846	-2113.624	189.778	1.93093	1.078889
31848	-1915.388	-2105.316	189.9286	1.780365	1.078889
31854	-1915.022	-2104.554	189.532	1.664528	1.499812
31860	-1912.297	-2101.541	189.2439	1.436696	1.867336
31866	-1917.046	-2105.802	188.7567	1.385673	2.223835
31872	-1917.943	-2107.092	189.149	1.311676	2.015513
31878	-1924.009	-2112.966	188.9565	1.504151	2.015513
31884	-1931.153	-2120.021	188.8682	1.4352	2.119246
31890	-1922.761	-2111.672	188.9111	1.413715	2.105155
31896	-1921.337	-2110.113	188.7754	1.370272	2.221722
31902	-1911.575	-2101.002	189.4277	1.466613	1.719167
31908	-1908.122	-2096.977	188.8554	1.314833	2.205831
31914	-1911.553	-2099.69	188.1366	1.244688	2.701666
31920	-1909.535	-2096.749	187.2145	1.282461	3.233725
31926	-1916.333	-2104.861	188.5281	1.296488	2.426308
31932	-1913.966	-2102.198	188.2316	1.291882	2.61411
31938	-1911.574	-2100.022	188.4481	1.308825	2.468817
31944	-1912.47	-2101.548	189.0773	1.309084	2.064671
31950	-1914.949	-2104.431	189.4822	1.532428	1.633401
31956	-1902.359	-2091.985	189.6261	1.662833	1.429626
31962	-1902.806	-2092.54	189.7336	1.658474	1.349094
31968	-1901.298	-2091.285	189.9878	1.763468	1.038742
31974	-1907.646	-2097.254	189.6082	1.609247	1.484077
31980	-1901.635	-2091.4	189.7654	1.688191	1.299616
31986	-1896.554	-2086.444	189.8904	1.683784	1.19911
31992	-1903.753	-2093.469	189.7152	1.809888	1.240678
31998	-1912.129	-2102.004	189.8749	1.802183	1.108227
32004	-1916.013	-2105.988	189.9742	1.936764	0.8706724
32010	-1914.301	-2104.072	189.771	2.272293	0.6834456
32016	-1910.104	-2100.008	189.9038	2.058699	0.8068025
32022	-1905.577	-2095.484	189.9066	1.987081	0.8906379
32028	-1909.783	-2099.71	189.9272	1.978842	0.876408
32034	-1906.906	-2096.766	189.8592	1.784591	1.138221
32040	-1896.334	-2086.191	189.8569	1.78688	1.138221
32046	-1905.375	-2094.934	189.5595	1.526767	1.581433
32052	-1909.115	-2098.319	189.2047	1.727629	1.692256
32058	-1909.88	-2099.514	189.6345	1.742343	1.361138
32064	-1915.295	-2105.189	189.8947	1.795216	1.096482
32070	-1908.749	-2098.403	189.6541	1.730137	1.355256
32076	-1910.821	-2100.749	189.9281	1.698664	1.153361
32082	-1904.603	-2094.381	189.7785	1.826557	1.172413
32088	-1902.534	-2092.604	190.0695	1.913264	0.7794336
32094	-1926.142	-2115.966	189.824	1.886863	1.077097
32100	-1904.413	-2094.348	189.9352	2.079673	0.7318499
32106	-1902.867	-2092.882	190.0143	2.024231	0.692155
32112	-1917.458	-2107.384	189.9259	2.004362	0.847587
32118	-1917.436	-2107.354	189.9185	2.017118	0.841045
32124	-1914.827	-2104.828	190.001	2.006466	0.7434097
32130	-1903.994	-2093.844	189.8497	1.777754	1.152731
32136	-1915.703	-2105.317	189.6141	1.820238	1.315232
32142	-1920.228	-2109.826	189.5982	1.55633	1.531142
32148	-1914.124	-2103.744	189.6199	1.6027	1.480182
32154	-1934.431	-2123.827	189.3959	1.559948	1.675524
32160	-1914.361	-2104.254	189.8932	2.121637	0.7318926
32166	-1909.163	-2098.984	189.8213	2.129452	0.8219618
32172	-1914.45	-2104.315	189.8651	2.116035	0.7816824
32178	-1915.22	-2105.068	189.8485	2.107718	0.8150617
32184	-1913.035	-2102.888	189.8525	2.037399	0.8949614
32190	-1931.436	-2121.196	189.7601	1.724624	1.274151
32196	-1932.133	-2121.97	189.8366	1.739954	1.197045
32202	-1915.071	-2104.972	189.9012	1.911987	0.9773207
32208	-1909.244	-2099.151	189.9072	2.067203	0.7908883
32214	-1904.173	-2094.114	189.9404	2.037927	0.7855636
32220	-1911.697	-2101.702	190.0055	2.005847	0.7374372
32226	-1915.483	-2105.429	189.9463	1.919432	0.9218774
32232	-1917.299	-2107.183	189.8844	2.025485	0.8718822
32238	-1916.302	-2106.288	189.986	1.92905	0.8657843
32244	-1918.816	-2108.657	189.8414	2.07591	0.8631356
32250	-1925.722	-2115.695	189.973	1.955773	0.8493532
32256	-1920.407	-2110.427	190.0196	2.008278	0.7106798
32262	-1910.644	-2100.582	189.938	2.021111	0.8111826
32268	-1914.14	-2104.128	189.9881	1.950379	0.8374989
32274	-1930.22	-2119.909	189.6891	1.754938	1.307369
32280	-1925.764	-2115.443	189.6785	1.754938	1.315969
32286	-1912.035	-2101.686	189.6509	1.807284	1.295872
32292	-1913.478	-2103.051	189.5728	2.501573	0.3997315
32298	-1907.373	-2096.901	189.5283	2.550106	0.408261
32304	-1907.589	-2097.047	189.4581	2.589577	0.3581547
32310	-1902.573	-2091.974	189.4011	2.642225	0.3527888
32316	-1904.962	-2094.587	189.6245	2.462096	0.4293939
32322	-1908.822	-2098.414	189.5918	2.495168	0.430507
32328	-1902.494	-2091.64	189.1455	2.784386	0.2633812
32334	-1898.109	-2087.365	189.2558	2.694223	0.2751546
32340	-1901.001	-2090.239	189.2387	2.694223	0.2651074
32346	-1899.182	-2088.518	189.3363	2.694223	0.3384508
32352	-1906.435	-2095.77	189.3349	2.659423	0.3057386
32358	-1905.411	-2094.846	189.435	2.551858	0.3000188
32364	-1910.459	-2100.151	189.6926	2.405055	0.5032077
32370	-1908.079	-2097.879	189.8	2.249959	0.6707157
32376	-1899.823	-2089.743	189.9199	2.145945	0.6368472
32382	-1908.047	-2097.849	189.802	2.195277	0.7587001
32388	-1906.248	-2096.149	189.901	2.194624	0.5322041
32394	-1914.773	-2104.539	189.766	2.32434	0.5627529
32400	-1917.613	-2107.247	189.6341	2.451863	0.4273574
32406	-1927.187	-2116.834	189.6477	2.431022	0.4089143
32412	-1921.102	-2111.014	189.9115	2.180426	0.5555146
32418	-1925.501	-2115.373	189.8724	2.221436	0.5447473
32424	-1916.811	-2106.601	189.7894	2.307096	0.5245858
32430	-1901.462	-2091.276	189.8136	2.283898	0.4904978
32436	-1901.36	-2091.286	189.9261	2.04101	0.8007505
32442	-1897.08	-2087.009	189.9295	2.072726	0.7512678
32448	-1898.129	-2087.983	189.8548	2.229738	0.5852835
32454	-1903.943	-2093.858	189.915	2.135325	0.6700451
32460	-1913.987	-2103.727	189.7399	2.354096	0.4586818
32466	-1900.82	-2090.613	189.7928	2.300998	0.4577116
32472	-1906.7	-2096.461	189.7612	2.315302	0.4040566
32478	-1905.795	-2095.644	189.8485	2.247596	0.5283772
32484	-1904.862	-2094.614	189.7523	2.33556	0.4332578
32490	-1909.823	-2099.233	189.4097	2.64932	0.3735625
32496	-1906.543	-2096.045	189.5015	2.565463	0.3861393
32502	-1903.86	-2093.394	189.5334	2.513202	0.3568325
32508	-1908.345	-2098.079	189.7344	2.353683	0.434021
32514	-1914.713	-2104.599	189.8856	2.2091	0.5391053
32520	-1911.557	-2101.389	189.8318	2.247756	0.6011763
32526	-1898.599	-2088.528	189.9287	2.113801	0.6849499
32532	-1921.083	-2111.092	190.0089	1.891271	0.8832087
32538	-1926.08	-2116.112	190.0318	1.868403	0.8832087
32544	-1903.138	-2093.092	189.9542	1.881723	0.9538016
32550	-1908.555	-2098.351	189.7958	2.054256	0.9387546
32556	-1907.402	-2097.338	189.9359	1.901178	0.9525433
32562	-1904.5	-2094.376	189.8766	2.117524	0.7632925
32568	-1911.446	-2101.412	189.9667	1.920107	0.8984423
32574	-1921.08	-2110.436	189.3568	2.626566	0.2974792
32580	-1906.19	-2095.491	189.3013	2.653926	0.2783656
32586	-1917.992	-2107.409	189.4175	2.563408	0.2956773
32592	-1917.224	-2106.534	189.3102	2.683195	0.3050069
32598	-1901.731	-2091.028	189.2973	2.637138	0.26597
32604	-1911.839	-2101.111	189.2725	2.710683	0.2972802
32610	-1919.902	-2109.674	189.7718	2.32416	0.5295767
32616	-1908.564	-2098.331	189.7664	2.331168	0.5060474
32622	-1912.266	-2102.134	189.8677	2.18031	0.6744443
32628	-1906.041	-2095.869	189.8283	2.258103	0.5787271
32634	-1908.323	-2098.169	189.8457	2.224462	0.626532
32640	-1910.81	-2100.759	189.9491	2.13693	0.5800059
32646	-1922.624	-2112.488	189.8635	2.228528	0.5546708
32652	-1928.675	-2118.561	189.8862	2.179328	0.6375436
32658	-1918.569	-2108.51	189.9408	2.091884	0.7025296
32664	-1913.26	-2103.093	189.8325	2.2651	0.5016875
32670	-1920.165	-2110.115	189.9492	2.081276	0.7063003
32676	-1920.345	-2110.28	189.935	2.141791	0.6092353
32682	-1913.899	-2103.852	189.9529	2.086755	0.690087
32688	-1918.942	-2108.767	189.8246	2.215042	0.690087
32694	-1913.078	-2103.013	189.9351	2.104613	0.690087
32700	-1916.856	-2106.872	190.0154	2.02482	0.6891513
32706	-1918.512	-2108.45	189.9382	1.9706	0.8732224
32712	-1905.716	-2095.635	189.919	1.9706	0.8953381
32718	-1910.997	-2100.909	189.9121	1.993836	0.8764857
32724	-1910.24	-2100.235	189.9955	1.986326	0.7806659
32730	-1894.523	-2084.561	190.0379	1.880579	0.8617328
32736	-1911.135	-2101.019	189.8849	2.033625	0.8617328
32742	-1909.979	-2099.915	189.9362	2.103391	0.690317
32748	-1909.373	-2099.324	189.9512	2.119766	0.6244581
32754	-1905.683	-2095.539	189.856	2.201764	0.6547523
32760	-1899.117	-2089.041	189.9246	2.14834	0.6195068
32766	-1909.898	-2099.805	189.9069	2.14834	0.6600048
32772	-1910.298	-2100.194	189.8966	2.173826	0.6258058
32778	-1904.209	-2094.072	189.863	2.225818	0.5694297
32784	-1904.579	-2094.505	189.9252	2.16225	0.5747642
32790	-1899.255	-2089.167	189.9117	2.16225	0.6168342
32796	-1904.459	-2094.41	189.951	2.12298	0.6168342
32802	-1923.996	-2113.869	189.8728	2.201121	0.6168342
32808	-1914.838	-2104.636	189.7978	2.237439	0.6979676
32814	-1917.268	-2107.014	189.7455	1.928276	1.111278
32820	-1917.27	-2107.136	189.8658	1.807979	1.111278
32826	-1922.951	-2112.831	189.8803	1.922195	0.9882624
32832	-1909.868	-2099.805	189.937	1.922195	0.9289469
32838	-1909.998	-2099.974	189.9763	1.908567	0.9006397
32844	-1912.23	-2102.192	189.9614	1.814241	1.015017
32850	-1905.748	-2095.584	189.8353	1.940368	1.015017
32856	-1907.178	-2097.146	189.9683	1.848209	0.9738834
32862	-1906.372	-2096.219	189.8463	1.969255	0.9749031
32868	-1906.01	-2095.791	189.7804	1.969896	1.039697
32874	-1912.22	-2102.012	189.792	1.958284	1.039697
32880	-1917.632	-2107.544	189.9119	2.088163	0.7544975
32886	-1908.408	-2098.256	189.8476	2.003578	0.9375929
32892	-1909.744	-2099.52	189.7763	2.014922	0.9995737
32898	-1915.751	-2105.589	189.838	2.156018	0.7633488
32904	-1913.69	-2103.469	189.7793	1.73343	1.251014
32910	-1910.128	-2099.857	189.7283	1.901121	1.150977
32916	-1907.204	-2097.119	189.9149	1.744763	1.123973
32922	-1916.516	-2106.364	189.8474	1.973839	0.9690186
32928	-1920.718	-2110.605	189.8864	1.934885	0.9690186
32934	-1928.8	-2118.728	189.9278	1.928965	0.9315828
32940	-1916.361	-2106.291	189.9301	2.020474	0.822252
32946	-1911.456	-2101.46	190.0047	2.049171	0.6629581
32952	-1902.41	-2092.266	189.8556	2.235732	0.5581741
32958	-1913.501	-2103.367	189.8665	2.222417	0.5691172
32964	-1914.034	-2103.87	189.836	2.226616	0.6441457
32970	-1922.407	-2112.292	189.8852	2.190606	0.6118505
32976	-1906.419	-2096.43	190.0106	1.997641	0.7422616
32982	-1911.453	-2101.47	190.0171	1.926998	0.830388
32988	-1909.467	-2099.352	189.8855	1.837106	1.066115
32994	-1905.075	-2095.035	189.9597	1.877154	0.9527649
33000	-1908.9	-2098.815	189.9152	1.921677	0.9527649
33006	-1908.637	-2098.526	189.8891	2.079227	0.7991235
33012	-1915.605	-2105.597	189.9922	2.016879	0.7409694
33018	-1911.094	-2101.031	189.9367	2.016879	0.8184208
33024	-1913.212	-2103.066	189.8542	1.995081	0.9395859
33030	-1911.648	-2101.551	189.9029	1.946432	0.9395859
33036	-1924.718	-2114.41	189.692	1.935219	1.152914
33042	-1920.21	-2109.58	189.3701	1.58903	1.673213
33048	-1920.518	-2110.137	189.6193	1.595326	1.486197
33054	-1919.575	-2108.656	189.0818	1.455555	1.964273
33060	-1918.454	-2107.293	188.8392	1.294564	2.229339
33066	-1932.346	-2120.895	188.5489	1.265735	2.43255
33072	-1923.111	-2110.209	187.0982	1.090522	3.415115
33078	-1933.827	-2119.943	186.1161	1.061256	3.999858
33084	-1925.377	-2115.351	189.9739	1.825232	0.9916491
33090	-1932.305	-2121.912	189.6066	1.706759	1.41079
33096	-1925.13	-2114.763	189.6333	1.605632	1.467802
33102	-1921.513	-2109.646	188.1329	1.207585	2.726676
33108	-1920.401	-2108.726	188.3246	1.232069	2.593546
33114	-1920.257	-2109.121	188.8639	1.235168	2.251722
33120	-1912.673	-2101.572	188.8986	1.425336	2.105757
33126	-1917.007	-2104.335	187.3281	1.229017	3.19814
33132	-1925.246	-2113.933	188.6866	1.350645	2.291336
33138	-1906.388	-2095.768	189.3805	1.446682	1.766209
33144	-1914.086	-2103.523	189.4366	1.459213	1.718112
33150	-1918.745	-2108.505	189.7599	2.337138	0.4829334
33156	-1913.883	-2103.616	189.7335	2.36352	0.4829334
33162	-1904.245	-2094.147	189.9018	2.140696	0.6849004
33168	-1913.646	-2103.537	189.8914	2.130981	0.7198204
33174	-1905.516	-2095.389	189.8728	2.16315	0.6966886
33180	-1911.33	-2101.178	189.848	2.147243	0.7615915
33186	-1908.257	-2098.235	189.9778	2.081431	0.6515822
33192	-1913.901	-2103.789	189.888	2.087286	0.7897143
33198	-1913.101	-2103.067	189.9663	2.122915	0.5679311
33204	-1913.002	-2102.871	189.8694	2.216069	0.5822556
33210	-1912.193	-2101.996	189.8035	2.28194	0.5822556
33216	-1914.009	-2103.971	189.9622	2.123239	0.5822556
33222	-1920.273	-2110.238	189.9651	2.117209	0.5925862
33228	-1915.02	-2104.895	189.8751	2.135071	0.7392295
33234	-1919.503	-2109.445	189.9418	2.066533	0.7420641
33240	-1915.424	-2105.358	189.9342	1.967836	0.8810792
33246	-1911.552	-2101.34	189.7885	2.186183	0.7905546
33252	-1925.457	-2115.21	189.7534	1.666199	1.327114
33258	-1905.948	-2095.818	189.8696	1.745007	1.164045
33264	-1902.237	-2092.146	189.9088	1.720888	1.150794
33270	-1905.283	-2095.04	189.7564	1.646338	1.340535
33276	-1902.87	-2092.393	189.5235	1.707081	1.474117
33282	-1904.168	-2093.982	189.8147	1.707081	1.243431
33288	-1907.387	-2097.286	189.8995	1.737076	1.144624
33294	-1905.271	-2095.139	189.868	1.754737	1.156912
33300	-1889.127	-2078.953	189.8261	1.777612	1.173574
33306	-1893.255	-2083.243	189.9883	1.797696	1.004771
33312	-1898.003	-2087.835	189.8315	1.842581	1.11099
33318	-1908.296	-2098.287	189.9917	1.90883	0.8828464
33324	-1902.855	-2092.819	189.9644	1.888937	0.9352391
33330	-1913.889	-2103.647	189.7583	1.665178	1.323963
33336	-1906.169	-2096.115	189.9465	1.784207	1.058449
33342	-1908.684	-2098.496	189.8112	1.87477	1.100134
33348	-1908.277	-2097.872	189.5955	1.85569	1.301572
33354	-1910.06	-2099.759	189.699	1.702957	1.341196
33360	-1910.333	-2100.188	189.8548	1.811743	1.11781
33366	-1915.623	-2105.36	189.7367	1.781188	1.246703
33372	-1920.478	-2110.536	190.0576	1.912953	0.7960967
33378	-1915.73	-2105.658	189.9276	2.038445	0.8021509
33384	-1906.163	-2096.156	189.9931	1.851272	0.9448146
33390	-1906.628	-2096.528	189.8998	1.816057	1.072457
33396	-1910.578	-2100.473	189.8943	1.82148	1.072457
33402	-1910.794	-2100.717	189.9228	1.989644	0.8689401
33408	-1904.183	-2094.186	190.0035	2.010332	0.7335243
33414	-1907.915	-2097.904	189.9895	2.047792	0.6943929
33420	-1905.709	-2095.681	189.9716	2.08522	0.6567738
33426	-1910.23	-2100.074	189.8445	1.962149	0.9839634
33432	-1902.108	-2092.098	189.9905	2.015381	0.7458695
33438	-1900.498	-2090.409	189.9116	2.177816	0.5669292
33444	-1899.334	-2089.291	189.9564	2.11856	0.6142761
33450	-1918.189	-2108.115	189.9263	1.883314	0.981029
33456	-1934.403	-2124.311	189.9083	2.050329	0.8118454
33462	-1931.543	-2121.202	189.6588	2.421443	0.412472
33468	-1914.677	-2104.363	189.6862	2.407495	0.4569276
33474	-1915.092	-2104.844	189.752	2.341662	0.4569276
33480	-1924.169	-2114.106	189.9371	2.13039	0.6330513
33486	-1927.053	-2117.037	189.9841	2.038955	0.7187839
33492	-1912.618	-2102.533	189.9151	2.107914	0.7187839
33498	-1929.788	-2119.823	190.0351	1.941932	0.7872829
33504	-1936.527	-2126.413	189.8859	2.194871	0.5975101
33510	-1915.37	-2104.853	189.4836	2.555811	0.3481948
33516	-1915.189	-2104.672	189.4836	2.555811	0.3481948
33522	-1918.236	-2107.916	189.6794	2.388304	0.3875004
33528	-1915.065	-2104.691	189.626	2.453571	0.4109052
33534	-1903.877	-2093.515	189.6386	2.441182	0.4114
33540	-1924.692	-2114.448	189.7566	2.274833	0.7047137
33546	-1913.248	-2103.042	189.7946	2.296635	0.5587618
33552	-1914.316	-2104.107	189.7906	2.307043	0.5015084
33558	-1911.128	-2101.003	189.8742	2.222157	0.5253079
33564	-1916.527	-2106.331	189.8046	2.283723	0.571544
33570	-1914.282	-2104.234	189.9518	2.127822	0.6010392
33576	-1907.663	-2097.68	190.0169	2.042895	0.650418
33582	-1909.814	-2099.831	190.0166	1.9873	0.7488184
33588	-1913.32	-2103.338	190.0174	2.018651	0.6966615
33594	-1913.415	-2103.472	190.0577	1.992361	0.6705149
33600	-1909.537	-2099.511	189.9739	1.952671	0.852038
33606	-1912.466	-2102.384	189.9188	1.952671	0.9155468
33612	-1925.523	-2115.469	189.9458	1.893711	0.9499901
33618	-1916.265	-2106.231	189.9666	1.807616	1.016386
33624	-1918.049	-2107.92	189.8706	1.687349	1.212969
33630	-1906.983	-2096.788	189.8045	1.753454	1.212969
33636	-1910.119	-2099.901	189.7829	1.847212	1.150389
33642	-1918.226	-2107.411	189.1848	1.665707	1.749945
33648	-1923.392	-2112.742	189.3498	1.500636	1.749945
33654	-1917.792	-2107.078	189.2863	1.560246	1.752671
33660	-1924.264	-2113.791	189.5272	2.546841	0.3990529
33666	-1917.837	-2107.368	189.5313	2.546841	0.4076317
33672	-1915.712	-2105.6	189.888	1.821599	1.078309
33678	-1917.954	-2107.5	189.5452	1.489047	1.619254
33684	-1909.148	-2099.185	190.037	1.868037	0.8775472
33690	-1916.643	-2105.549	188.906	1.426039	2.100421
33696	-1922.802	-2111.673	188.8707	1.433847	2.118489
33702	-1910.414	-2100.234	189.8199	1.69995	1.24503
33708	-1919.251	-2108.953	189.7022	1.571666	1.441232
33714	-1927.749	-2116.714	188.9647	1.513145	2.004052
33720	-1919.789	-2108.914	189.1252	1.397962	1.973763
33726	-1920.088	-2108.731	188.6427	1.389695	2.294459
33732	-1906.979	-2096.217	189.2387	1.507385	1.822415
33738	-1911.745	-2100.97	189.2246	1.522834	1.821534
33744	-1917.733	-2107.634	189.9013	1.748249	1.133125
33750	-1901.434	-2090.205	188.7718	1.27865	2.28289
33756	-1900.627	-2089.256	188.6297	1.339335	2.334856
33762	-1907.796	-2097.476	189.6795	1.718201	1.344562
33768	-1908.548	-2098.422	189.874	1.758746	1.148085
33774	-1906.117	-2095.977	189.8603	1.946863	0.9835111
33780	-1899.599	-2089.595	189.9963	1.842239	0.9509674
33786	-1910.73	-2100.717	189.9865	1.919744	0.8761504
33792	-1914.207	-2103.955	189.7481	1.630647	1.359589
33798	-1917.609	-2107.48	189.8706	1.696175	1.205401
33804	-1915.317	-2104.855	189.5382	1.452461	1.650649
33810	-1926.696	-2116.713	190.0172	1.999101	0.7296964
33816	-1916.519	-2106.466	189.9465	1.834578	1.009642
33822	-1914.472	-2103.739	189.2662	1.556592	1.769313
33828	-1913.849	-2103.047	189.1984	1.598151	1.787527
33834	-1916.724	-2106.702	189.9781	1.77598	1.036025
33840	-1901.711	-2091.579	189.8683	1.815985	1.101688
33846	-1903.308	-2093.282	189.9735	1.710776	1.101688
33852	-1905.115	-2095.041	189.9264	1.891206	0.9728108
33858	-1900.589	-2090.636	190.0473	1.891206	0.8373742
33864	-1908.938	-2098.845	189.9067	1.76104	1.116738
33870	-1910.98	-2100.652	189.6715	1.670459	1.388575
33876	-1903.591	-2093.352	189.7611	1.668645	1.318968
33882	-1901.499	-2091.226	189.7266	1.663986	1.350229
33888	-1908.762	-2098.065	189.3035	1.560728	1.740306
33894	-1922.003	-2111.007	189.0041	1.365514	2.075737
33900	-1906.366	-2095.849	189.483	1.580723	1.597889
33906	-1903.095	-2092.774	189.6789	1.667541	1.385012
33912	-1918.901	-2108.2	189.299	1.622079	1.700202
33918	-1917.491	-2107.474	189.9827	1.764388	1.042843
33924	-1930.354	-2119.921	189.5671	1.73235	1.421571
33930	-1921.917	-2111.381	189.4642	1.587285	1.606738
33936	-1917.764	-2107.514	189.7497	1.875093	1.155092
33942	-1906.041	-2095.945	189.9045	1.787352	1.094689
33948	-1906.628	-2096.596	189.9675	1.861128	0.9614025
33954	-1919.37	-2109.032	189.6625	1.668831	1.396844
33960	-1919.593	-2109.406	189.8135	2.008684	0.9680966
33966	-1930.706	-2120.383	189.6773	1.960507	1.143535
33972	-1919.175	-2109.073	189.8985	1.942416	0.9484695
33978	-1919.292	-2109.102	189.8105	2.112661	0.8561313
33984	-1923.533	-2113.424	189.8907	2.130573	0.7216813
33990	-1921.275	-2111.161	189.886	2.135265	0.7216813
33996	-1911.74	-2101.686	189.9464	2.068287	0.732219
34002	-1902.885	-2092.707	189.8225	1.990309	0.977693
34008	-1912.621	-2102.453	189.8312	2.167302	0.7567987
34014	-1925.097	-2115.163	190.0654	1.906056	0.7949238
34020	-1919.075	-2108.932	189.857	2.053373	0.8713231
34026	-1920.517	-2110.406	189.8891	2.138188	0.7116836
34032	-1917.669	-2107.547	189.8772	2.214991	0.5541386
34038	-1902.772	-2092.585	189.8127	2.284289	0.5175282
34044	-1908.357	-2098.128	189.771	2.326606	0.5041347
34050	-1923.697	-2113.448	189.7506	2.33575	0.5788253
34056	-1915.805	-2105.539	189.7334	2.361904	0.5348297
34062	-1914.892	-2104.725	189.8333	2.237383	0.6251351
34068	-1916.295	-2106.274	189.9797	2.008196	0.7722267
34074	-1906.821	-2096.685	189.864	1.989419	0.9351197
34080	-1904.416	-2094.277	189.8614	1.906421	1.02269
34086	-1912	-2101.858	189.8575	1.888807	1.043531
34092	-1900.507	-2090.434	189.9273	1.967546	0.8893358
34098	-1916.417	-2106.263	189.8461	2.017607	0.9240046
34104	-1919.275	-2109.312	190.0371	1.869988	0.8751835
34110	-1919.153	-2108.903	189.7498	1.96496	1.073456
34116	-1919.327	-2109.269	189.942	1.831405	1.017244
34122	-1914.529	-2104.192	189.663	1.857571	1.244493
34128	-1913.467	-2103.222	189.7545	1.751518	1.256555
34134	-1906.936	-2096.611	189.6742	1.805634	1.278169
34140	-1911.457	-2101.122	189.6644	2.072098	1.05298
34146	-1918.322	-2108.096	189.7744	1.797287	1.201214
34152	-1905.23	-2095.043	189.8129	1.628047	1.309903
34158	-1903.338	-2093.31	189.9724	1.889109	0.9264737
34164	-1905.551	-2095.373	189.8218	2.01422	0.9536636
34170	-1921.742	-2111.699	189.9574	2.080996	0.6923383
34176	-1918.58	-2108.382	189.8019	2.190255	0.7660306
34182	-1916.831	-2106.59	189.7591	1.798341	1.213338
34188	-1920.125	-2109.956	189.8301	1.762522	1.183152
34194	-1927.198	-2116.983	189.7846	1.793981	1.195296
34200	-1925.055	-2114.797	189.7419	1.748868	1.269166
34206	-1924.591	-2114.437	189.8461	1.791326	1.143898
34212	-1908.163	-2097.96	189.7963	1.641894	1.312115
34218	-1915.491	-2105.34	189.8489	1.824811	1.111304
34224	-1909.136	-2098.949	189.8126	1.861138	1.111304
34230	-1898.168	-2088.041	189.8734	1.832671	1.081551
34236	-1901.378	-2091.102	189.7239	1.794914	1.245956
34242	-1897.397	-2087.294	189.8965	1.82148	1.07046
34248	-1912.766	-2102.634	189.868	1.76078	1.151555
34254	-1911.211	-2101.042	189.8309	1.797902	1.151555
34260	-1907.022	-2096.931	189.9084	1.686313	1.181333
34266	-1904.781	-2094.64	189.8591	1.73566	1.181333
34272	-1911.864	-2101.725	189.8618	1.99655	0.929875
34278	-1899.712	-2089.696	189.9839	1.855374	0.9501781
34284	-1898.232	-2088.247	190.0152	1.824093	0.9501781
34290	-1915.701	-2105.25	189.549	1.63344	1.510332
34296	-1906.613	-2096.22	189.6066	1.575852	1.510332
34302	-1912.074	-2101.745	189.6717	1.735458	1.337033
34308	-1921.939	-2111.27	189.3314	1.599148	1.693512
34314	-1913.748	-2103.432	189.6845	1.638876	1.403023
34320	-1906.695	-2096.647	189.9518	1.930765	0.9032094
34326	-1907.219	-2097.135	189.9165	1.800157	1.071691
34332	-1907.208	-2096.63	189.4219	1.427365	1.750807
34338	-1906.121	-2094.85	188.7288	1.33358	2.275242
34344	-1907.742	-2096.593	188.8514	1.455887	2.116693
34350	-1899.136	-2089.081	189.9449	1.552312	1.263863
34356	-1906.388	-2096.245	189.8574	1.622357	1.278302
34362	-1904.067	-2093.936	189.8691	1.707751	1.196777
34368	-1909.042	-2098.678	189.6357	1.794034	1.318945
34374	-1906.768	-2096.776	190.0083	1.721089	1.059687
34380	-1909.189	-2099.158	189.9693	1.737079	1.08128
34386	-1908.885	-2098.722	189.8362	1.859572	1.091054
34392	-1907.199	-2096.969	189.7698	1.859572	1.151029
34398	-1899.14	-2088.962	189.822	1.759126	1.193144
34404	-1907.921	-2097.805	189.8847	1.606031	1.269196
34410	-1906.375	-2095.689	189.3142	1.51619	1.764014
34416	-1908.101	-2097.782	189.6814	1.686068	1.368527
34422	-1923.34	-2113.018	189.6775	1.66055	1.391628
34428	-1930.106	-2119.886	189.78	1.588398	1.367782
34434	-1926.732	-2116.668	189.9359	1.684497	1.158943
34440	-1920.11	-2109.946	189.8354	1.784975	1.158943
34446	-1926.753	-2116.392	189.6394	1.902892	1.226205
34452	-1907.786	-2097.683	189.8975	2.075301	0.7930759
34458	-1907.559	-2097.507	189.9477	2.091861	0.6902309
34464	-1912.578	-2102.576	189.9985	1.984056	0.7796495
34470	-1911.369	-2101.336	189.9677	1.939283	0.8752769
34476	-1913.751	-2103.613	189.8611	2.091577	0.8194987
34482	-1914.083	-2104.039	189.956	1.985873	0.8332934
34488	-1925.975	-2115.838	189.8633	2.115203	0.785264
34494	-1913.53	-2103.255	189.7253	1.797355	1.242693
34500	-1913.274	-2103.006	189.7326	2.356801	0.4384851
34506	-1919.65	-2109.475	189.8252	2.264138	0.4384851
34512	-1926.507	-2116.245	189.7381	1.573256	1.412373
34518	-1921.804	-2111.49	189.6858	1.72963	1.330434
34524	-1922.193	-2111.907	189.7146	1.803059	1.246851
34530	-1920.229	-2110.17	189.9412	2.11965	0.6481479
34536	-1919.775	-2109.842	190.0668	1.930735	0.7582402
34542	-1918.071	-2107.849	189.7777	1.800726	1.195471
34548	-1914.993	-2104.758	189.7645	1.770482	1.232377
34554	-1912.334	-2102.063	189.7295	1.771655	1.260648
34560	-1905.841	-2095.64	189.7995	1.811957	1.166783
34566	-1899.555	-2089.429	189.8741	1.748202	1.157314
34572	-1917.248	-2106.797	189.5486	1.539266	1.580248
34578	-1929.077	-2118.398	189.3204	1.444872	1.809199
34584	-1917.487	-2106.393	188.9055	1.33454	2.160559
34590	-1915.605	-2105.449	189.8448	2.248296	0.5493858
34596	-1916.831	-2106.667	189.8353	2.221934	0.6559842
34602	-1914.858	-2103.741	188.883	1.58478	2.010788
34608	-1918.287	-2107.76	189.4734	1.469008	1.685125
34614	-1908.887	-2098.32	189.433	1.611936	1.61151
34620	-1911.06	-2100.245	189.1847	1.390396	1.938886
34626	-1919.102	-2106.906	187.8039	1.283214	2.880874
34632	-1908.575	-2097.216	188.6408	1.353332	2.318883
34638	-1906.892	-2095.934	189.0419	1.449329	1.995104
34644	-1910.543	-2099.605	189.0619	1.429342	1.995104
34650	-1921.105	-2109.929	188.8233	1.633383	2.018123
34656	-1911.521	-2101.011	189.4894	1.657882	1.536491
34662	-1915.024	-2104.233	189.2095	1.664183	1.733678
34668	-1919.128	-2108.538	189.4096	1.460094	1.73647
34674	-1910.822	-2100.714	189.8921	1.816213	1.079478
34680	-1904.904	-2094.556	189.6516	1.624377	1.439589
34686	-1912.636	-2102.461	189.8245	1.822143	1.135696
34692	-1915.236	-2104.938	189.7021	1.768268	1.28593
34698	-1922.934	-2112.225	189.2911	1.788384	1.586367
34704	-1916.841	-2106.509	189.6676	1.765301	1.316413
34710	-1928.085	-2117.922	189.8364	1.746242	1.191812
34716	-1941.954	-2131.687	189.7325	1.623429	1.377604
34722	-1909.916	-2099.593	189.6762	1.787129	1.291675
34728	-1920.849	-2110.78	189.9304	1.729249	1.124049
34734	-1923.205	-2113.027	189.821	1.743676	1.207198
34740	-1922.256	-2112.18	189.9237	1.711651	1.145757
34746	-1917.076	-2106.884	189.8073	1.840775	1.134379
34752	-1930.704	-2119.968	189.2633	1.688086	1.678704
34758	-1925.937	-2115.4	189.4636	1.625835	1.579078
34764	-1925.697	-2115.569	189.8725	1.692824	1.206652
34770	-1919.912	-2109.798	189.8869	1.601754	1.270963
34776	-1919.878	-2109.157	189.2789	1.618748	1.716804
34782	-1915.399	-2104.543	189.1445	1.567814	1.845681
34788	-1922.717	-2111.862	189.1452	1.597371	1.824872
34794	-1920.08	-2109.271	189.1908	1.551723	1.824872
34800	-1908.718	-2098.287	189.5688	1.66521	1.471518
34806	-1910.74	-2099.978	189.2384	1.649659	1.723527
34812	-1919.165	-2108.568	189.4028	1.530482	1.691568
34818	-1910.83	-2099.715	188.8857	1.387959	2.138618
34824	-1916.095	-2104.623	188.5279	1.279906	2.436852
34830	-1914.429	-2103.434	189.0051	1.491581	1.99148
34836	-1899.311	-2088.719	189.4083	1.634063	1.613341
34842	-1910.298	-2100.149	189.8509	1.715209	1.205974
34848	-1903.81	-2093.512	189.7014	1.668364	1.366688
34854	-1909.223	-2099.217	189.9931	1.797431	1.000289
34860	-1907.873	-2097.828	189.9547	1.872069	0.9633227
34866	-1907.613	-2097.434	189.8211	1.926401	1.042446
34872	-1910.272	-2100.133	189.8606	2.025412	0.8993936
34878	-1901.721	-2091.735	190.0142	2.002749	0.7285794
34884	-1899.359	-2089.265	189.9067	2.052267	0.81147
34890	-1905.256	-2095.075	189.8185	1.953936	1.018209
34896	-1905.765	-2095.625	189.8598	1.791329	1.131641
34902	-1910.398	-2100.203	189.805	1.846125	1.131641
34908	-1915.504	-2105.205	189.701	1.757099	1.295995
34914	-1916.926	-2106.807	189.881	2.216315	0.5136997
34920	-1913.815	-2103.68	189.8653	1.788273	1.129477
34926	-1917.382	-2107.326	189.9442	1.893799	0.9515965
34932	-1917.013	-2106.965	189.9516	1.914396	0.921517
34938	-1910.061	-2100.038	189.9765	1.975422	0.8205705
34944	-1914.386	-2104.294	189.9077	2.063399	0.7953259
34950	-1918.358	-2108.377	190.0197	2.025245	0.6803949
34956	-1929.213	-2119.308	190.0954	1.838235	0.8434875
34962	-1921.47	-2111.064	189.5937	1.695381	1.429556
34968	-1925.042	-2114.723	189.6813	1.659137	1.389742
34974	-1906.81	-2096.677	189.8667	2.184364	0.6685688
34980	-1908.74	-2098.608	189.8672	2.149329	0.7292286
34986	-1901.053	-2090.94	189.8868	2.19913	0.5805138
34992	-1892.773	-2082.549	189.7761	2.309863	0.5805138
34998	-1899.897	-2089.682	189.7851	2.309863	0.5371381
35004	-1915.292	-2105.075	189.7837	2.234994	0.7258417
35010	-1913.253	-2103.1	189.847	1.964243	0.9793326
35016	-1903.519	-2093.461	189.9419	1.945086	0.8982654
35022	-1915.97	-2105.896	189.9261	1.982011	0.8739564
35028	-1915.891	-2105.98	190.089	1.804654	0.89065
35034	-1917.227	-2107.255	190.0281	1.937125	0.8031712
35040	-1923.472	-2113.513	190.0411	1.8989	0.8356185
35046	-1919.092	-2108.989	189.8969	1.875866	1.017813
35052	-1917.332	-2107.272	189.9399	1.844362	1.006474
35058	-1912.656	-2102.6	189.9443	1.890153	0.9552557
35064	-1907.419	-2097.292	189.8729	2.135577	0.7418426
35070	-1917.21	-2106.988	189.7786	1.603876	1.356693
35076	-1919.784	-2109.467	189.6828	1.699689	1.356693
35082	-1911.642	-2101.577	189.9352	1.953141	0.8967132
35088	-1915.126	-2105.034	189.9074	2.1016	0.7411155
35094	-1926.796	-2116.729	189.9329	2.055308	0.7717396
35100	-1912.371	-2102.281	189.9099	2.062434	0.793731
35106	-1908.265	-2098.182	189.9173	2.062434	0.783629
35112	-1913.188	-2103.151	189.9625	2.069784	0.7032188
35118	-1912.651	-2102.473	189.8225	2.14122	0.8051598
35124	-1903.616	-2093.578	189.962	2.024765	0.7737354
35130	-1908.863	-2098.825	189.962	2.024765	0.7737354
35136	-1909.002	-2098.95	189.948	2.123288	0.6237822
35142	-1919.534	-2109.155	189.6212	2.458162	0.4103612
35148	-1928.649	-2118.271	189.6221	2.457206	0.4103612
35154	-1923.843	-2113.771	189.9282	2.096361	0.7161809
35160	-1920.363	-2110.169	189.8055	2.25869	0.6407459
35166	-1915.514	-2105.321	189.8078	2.289376	0.5157752
35172	-1912.236	-2102.039	189.8035	2.293629	0.5157752
35178	-1923.761	-2113.493	189.7322	2.350744	0.4192041
35184	-1913.914	-2103.726	189.8114	2.286103	0.4911413
35190	-1906.957	-2096.733	189.7758	2.320024	0.4705109
35196	-1911.617	-2101.399	189.7829	2.307472	0.4422867
35202	-1914.631	-2104.273	189.6424	2.444919	0.4317171
35208	-1920.469	-2110.138	189.6682	2.426542	0.4629312
35214	-1920.042	-2110.017	189.9743	1.853964	0.9617876
35220	-1909.719	-2099.622	189.9032	2.194117	0.5127627
35226	-1903.098	-2092.713	189.6157	2.460614	0.4036701
35232	-1899.587	-2089.497	189.9096	1.863623	1.017446
35238	-1901.994	-2091.931	189.9369	2.014712	0.8209557
35244	-1914.008	-2103.894	189.8854	2.106081	0.7670494
35250	-1904.711	-2094.603	189.8922	2.041382	0.8435682
35256	-1904.715	-2094.648	189.9326	2.050208	0.7792856
35262	-1923.039	-2112.119	189.0799	1.528376	1.916507
35268	-1922.835	-2112.075	189.2395	1.492243	1.832316
35274	-1914.756	-2104.533	189.7772	2.282651	0.650324
35280	-1917.334	-2107.224	189.8902	1.881587	1.018792
35286	-1915.805	-2105.636	189.8306	1.829288	1.123822
35292	-1907.571	-2097.503	189.9322	1.727663	1.123822
35298	-1922.466	-2112.271	189.8058	1.603366	1.335409
35304	-1918.639	-2108.513	189.8739	1.873474	1.042541
35310	-1926.5	-2116.508	190.0084	1.781769	1.000608
35316	-1924.583	-2114.401	189.8183	1.962915	1.009487
35322	-1908.931	-2098.773	189.8422	2.088341	0.8472804
35328	-1897.263	-2087.202	189.9391	1.9563	0.8886543
35334	-1905.375	-2095.388	190.0131	2.028825	0.685917
35340	-1908.995	-2098.95	189.9549	2.122064	0.6087489
35346	-1906.037	-2095.837	189.8006	2.195798	0.7599645
35352	-1908.736	-2098.66	189.9241	2.032649	0.8142823
35358	-1908.245	-2098.019	189.7731	1.761011	1.233087
35364	-1911.479	-2101.315	189.8352	1.764326	1.177167
35370	-1904.534	-2094.347	189.8134	1.786184	1.177167
35376	-1907.019	-2096.985	189.9666	1.784324	1.039159
35382	-1902.119	-2092.115	189.9965	1.956935	0.8185546
35388	-1903.982	-2093.95	189.9683	1.914721	0.9027231
35394	-1908.691	-2098.623	189.9318	2.136062	0.6321001
35400	-1913.337	-2103.187	189.8497	2.243697	0.5476192
35406	-1909.467	-2099.312	189.8446	1.878993	1.065131
35412	-1919.102	-2108.681	189.5795	1.860408	1.310755
35418	-1919.926	-2109.663	189.7375	1.848076	1.189307
35424	-1919.511	-2109.334	189.8231	1.845371	1.116024
35430	-1902.118	-2091.766	189.6477	1.804652	1.300617
35436	-1904.987	-2094.856	189.8689	1.968117	0.9526009
35442	-1904.064	-2094.056	189.9923	1.97128	0.8053707
35448	-1914.106	-2104.02	189.9144	1.868493	1.007873
35454	-1919.524	-2109.484	189.96	1.844165	0.9865219
35460	-1923.579	-2113.498	189.9189	1.866161	1.005693
35466	-1925.878	-2115.813	189.9355	1.957077	0.8919282
35472	-1919.307	-2109.141	189.8337	2.219102	0.6649688
35478	-1919.095	-2108.981	189.8861	2.087585	0.7919232
35484	-1920.102	-2109.938	189.8361	2.059077	0.8889565
35490	-1924.243	-2114.071	189.8276	2.019183	0.9422221
35496	-1921.264	-2110.955	189.6907	1.876766	1.20483
35502	-1915.681	-2105.355	189.6738	1.879043	1.217241
35508	-1921.162	-2110.986	189.8241	1.690206	1.24971
35514	-1907.449	-2097.223	189.774	2.163097	0.8391577
35520	-1900.802	-2090.678	189.8759	2.190201	0.6361986
35526	-1909.998	-2099.885	189.8867	2.190201	0.6089629
35532	-1912.43	-2102.261	189.8318	2.204562	0.6959775
35538	-1912.022	-2101.953	189.9313	2.059691	0.7678232
35544	-1910.167	-2100.057	189.8899	2.101082	0.7678232
35550	-1915.966	-2105.848	189.8823	2.108653	0.7678232
35556	-1915.424	-2105.369	189.9454	2.081034	0.7131674
35562	-1911.514	-2101.451	189.9367	2.129724	0.635639
35568	-1913.149	-2103.034	189.8849	2.16338	0.6740493
35574	-1923.003	-2112.819	189.8162	2.258163	0.6158675
35580	-1917.138	-2106.986	189.8481	2.221738	0.6273009
35586	-1900.555	-2090.326	189.7713	2.322696	0.4585717
35592	-1911.325	-2101.114	189.7887	2.308516	0.4849785
35598	-1923.115	-2112.859	189.7435	2.346896	0.4421895
35604	-1913.239	-2102.915	189.6762	2.409168	0.4256167
35610	-1916.71	-2106.432	189.7215	2.363073	0.4234681
35616	-1908.749	-2098.363	189.6147	2.460021	0.4004693
35622	-1912.739	-2102.291	189.5513	2.517552	0.3894132
35628	-1901.735	-2091.15	189.4145	2.576748	0.3033976
35634	-1906.214	-2095.707	189.493	2.556124	0.3600423
35640	-1903.869	-2093.367	189.4979	2.574923	0.3966851
35646	-1912.398	-2101.884	189.4862	2.563563	0.360772
35652	-1916.919	-2106.401	189.482	2.563563	0.3554736
35658	-1915.462	-2104.926	189.4647	2.568957	0.3417852
35664	-1911.677	-2100.983	189.3061	2.689567	0.3067952
35670	-1902.415	-2091.718	189.3032	2.63873	0.2702893
35676	-1900.067	-2089.502	189.4352	2.577974	0.3216134
35682	-1921.681	-2111.505	189.8246	2.24114	0.6371293
35688	-1913.517	-2103.466	189.949	2.081638	0.7059872
35694	-1920.815	-2110.621	189.8059	2.275991	0.5939808
35700	-1906.32	-2096.171	189.8513	2.230618	0.5939808
35706	-1912.509	-2102.275	189.7657	2.330734	0.475498
35712	-1917.666	-2107.507	189.8409	2.255839	0.4793814
35718	-1913.295	-2102.93	189.6354	2.45416	0.4390755
35724	-1905.786	-2095.261	189.4746	2.534333	0.3178844
35730	-1911.428	-2101.016	189.5877	2.481548	0.3900636
35736	-1918.774	-2108.228	189.454	2.551595	0.3149709
35742	-1916.84	-2106.164	189.3234	2.63575	0.2808743
35748	-1913.607	-2103.011	189.4032	2.578636	0.2963533
35754	-1922.574	-2112.068	189.494	2.508639	0.312487
35760	-1921.113	-2110.9	189.787	2.300358	0.4317556
35766	-1916.583	-2106.203	189.6206	2.45647	0.4053661
35772	-1914.789	-2104.416	189.6267	2.469544	0.4744394
35778	-1918.941	-2108.727	189.7868	2.309456	0.4744394
35784	-1917.787	-2107.592	189.8047	2.287	0.4474049
35790	-1921.018	-2110.823	189.805	2.290567	0.5329417
35796	-1909.657	-2099.629	189.9714	2.108674	0.5997438
35802	-1908.919	-2098.868	189.9491	1.955106	0.8785158
35808	-1919.919	-2109.778	189.859	2.215251	0.6161451
35814	-1927.543	-2117.537	189.9936	2.024967	0.7260498
35820	-1916.609	-2106.299	189.6895	2.407126	0.5230635
35826	-1922.915	-2112.798	189.8823	2.185504	0.632337
35832	-1923.371	-2113.215	189.8438	2.230513	0.6159057
35838	-1917.684	-2107.626	189.9425	2.064226	0.7445748
35844	-1918.872	-2108.861	189.9899	2.074369	0.6405711
35850	-1915.526	-2105.297	189.7709	1.837061	1.169813
35856	-1923.526	-2113.398	189.8723	1.73571	1.169813
35862	-1910.876	-2100.678	189.8023	1.699701	1.259948
35868	-1916.659	-2106.329	189.6694	1.64717	1.408276
35874	-1913.418	-2103.164	189.7466	2.349038	0.4691064
35880	-1909.075	-2098.832	189.7575	2.334653	0.449473
35886	-1911.097	-2100.917	189.8198	2.272361	0.449473
35892	-1908.385	-2098.155	189.7693	2.328169	0.5079626
35898	-1903.069	-2092.992	189.9233	2.144499	0.6322397
35904	-1908.535	-2098.27	189.7346	2.362553	0.484099
35910	-1904.613	-2094.362	189.7481	2.349371	0.4905454
35916	-1913.052	-2102.941	189.8898	2.161426	0.6681455
35922	-1925.442	-2115.2	189.7578	2.339634	0.4902112
35928	-1921.472	-2111.405	189.933	2.163366	0.5254344
35934	-1914.935	-2104.903	189.9672	1.936258	0.879384
35940	-1916.769	-2106.752	189.9828	1.912397	0.8888738
35946	-1916.465	-2106.399	189.9343	1.960948	0.8888738
35952	-1916.982	-2106.936	189.9539	1.969069	0.8563504
35958	-1925.748	-2115.634	189.8859	1.961215	0.9419657
35964	-1908.472	-2098.474	190.0023	1.992443	0.7623885
35970	-1917.533	-2107.466	189.9329	2.030336	0.8058214
35976	-1927.31	-2117.221	189.9116	2.094086	0.7461422
35982	-1921.543	-2111.317	189.774	2.308145	0.5932897
35988	-1925.977	-2115.844	189.8667	2.229804	0.5240228
35994	-1915.787	-2105.65	189.863	2.229804	0.5508695
36000	-1912.201	-2102.019	189.8178	2.273419	0.4456501
36006	-1915.141	-2104.845	189.7043	2.384751	0.4374019
36012	-1909.436	-2099.026	189.5905	2.492162	0.4183479
36018	-1919.109	-2109.099	189.9895	2.056559	0.6782872
36024	-1914.271	-2104.219	189.9475	2.139418	0.5768516
36030	-1923.694	-2113.313	189.6184	2.447495	0.3843547
36036	-1928.617	-2118.292	189.6753	2.398808	0.3991797
36042	-1917.157	-2106.9	189.7437	1.90534	1.133572
36048	-1928.515	-2118.221	189.7065	1.942483	1.133572
36054	-1915.939	-2105.913	189.9737	1.943906	0.8627787
36060	-1928.438	-2118.326	189.8874	1.962148	0.9392927
36066	-1932.169	-2121.81	189.641	2.064441	1.082167
36072	-1929.016	-2118.913	189.8966	1.858637	1.034914
36078	-1914.402	-2104.257	189.855	2.076814	0.8456266
36084	-1911.002	-2100.922	189.9197	2.033513	0.8188796
36090	-1924.815	-2114.555	189.7401	2.068477	0.9820495
36096	-1909.452	-2099.318	189.8665	2.136805	0.7497074
36102	-1921.849	-2111.82	189.9715	1.942571	0.8670183
36108	-1920.588	-2110.377	189.7893	1.948866	1.051345
36114	-1930.442	-2120.13	189.6884	1.929069	1.161561
36120	-1925.954	-2115.76	189.806	2.154933	0.808885
36126	-1941.741	-2131.63	189.8888	2.072083	0.808885
36132	-1920.406	-2110.29	189.8843	2.211091	0.5344912
36138	-1929.311	-2119.29	189.9786	2.044568	0.7185499
36144	-1927.641	-2117.442	189.8013	1.725286	1.239452
36150	-1920.374	-2110.345	189.971	1.802774	1.01689
36156	-1916.548	-2106.276	189.728	1.546675	1.440557
36162	-1912.81	-2102.731	189.9209	2.07293	0.763724
36168	-1912.419	-2102.236	189.8177	2.275247	0.5501717
36174	-1911.85	-2101.812	189.962	1.936197	0.8855043
36180	-1896.865	-2086.673	189.808	2.287869	0.5303356
36186	-1895.09	-2084.908	189.8181	2.27252	0.5617144
36192	-1899.865	-2089.748	189.8831	2.196532	0.6011067
36198	-1901.299	-2091.177	189.8776	2.155427	0.7018985
36204	-1899.795	-2089.658	189.8622	2.23491	0.5161267
36210	-1901.453	-2091.441	189.9879	2.074724	0.6441833
36216	-1904.853	-2094.782	189.9291	2.012694	0.8333525
36222	-1906.075	-2095.948	189.8734	2.11142	0.776441
36228	-1909.568	-2099.618	190.0505	1.955362	0.7458934
36234	-1922.823	-2112.76	189.9364	1.937368	0.9130121
36240	-1916.046	-2106.09	190.044	2.007234	0.6682193
36246	-1916.866	-2106.835	189.9686	2.007234	0.7888803
36252	-1918.846	-2108.744	189.8981	2.143875	0.6858749
36258	-1919.65	-2109.547	189.8968	1.948122	0.9442327
36264	-1915.181	-2105.13	189.9493	1.913433	0.9251152
36270	-1924.384	-2114.411	190.0277	1.835007	0.9251152
36276	-1926.656	-2116.574	189.9184	1.768691	1.099121
36282	-1925.649	-2115.538	189.8887	1.697464	1.188802
36288	-1929.135	-2119.136	190.0007	1.820484	0.9690795
36294	-1921.266	-2111.26	189.9935	1.809337	0.9878582
36300	-1910.58	-2100.523	189.9426	2.016233	0.8116461
36306	-1917.274	-2107.257	189.9827	1.977137	0.8103486
36312	-1920.361	-2110.219	189.8575	1.965195	0.9675383
36318	-1922.877	-2112.777	189.9003	1.727766	1.152234
36324	-1912.628	-2102.422	189.7938	1.621481	1.33058
36330	-1923.091	-2113.004	189.9135	1.542057	1.298007
36336	-1912.103	-2101.974	189.8711	1.696501	1.204712
36342	-1917.087	-2106.955	189.8676	1.735935	1.173707
36348	-1909.712	-2099.693	189.9815	1.700122	1.10408
36354	-1917.622	-2107.603	189.981	1.762437	1.046321
36360	-1916.416	-2106.292	189.8761	1.776696	1.13022
36366	-1919.945	-2109.863	189.9181	1.856587	1.015974
36372	-1913.672	-2103.118	189.4456	1.737745	1.509696
36378	-1923.459	-2113.072	189.6127	1.765159	1.360331
36384	-1915.984	-2105.91	189.9262	1.834249	1.029886
36390	-1912.092	-2101.652	189.5603	1.587554	1.536118
36396	-1908.718	-2098.377	189.6592	1.67526	1.394413
36402	-1915.988	-2105.67	189.6821	1.64825	1.397611
36408	-1920.751	-2110.211	189.4596	1.595181	1.60435
36414	-1920.554	-2109.667	189.1123	1.459038	1.941414
36420	-1913.469	-2102.755	189.2865	1.637658	1.698044
36426	-1917.587	-2107.265	189.6771	1.590782	1.445762
36432	-1914.816	-2104.266	189.4497	1.737339	1.506875
36438	-1915.719	-2105.672	189.9533	1.723381	1.108592
36444	-1917.236	-2107.161	189.9243	1.904936	0.9607218
36450	-1925.319	-2115.241	189.9223	1.883843	0.9844805
36456	-1928.537	-2118.525	189.9882	1.817962	0.9844805
36462	-1924.206	-2114.24	190.0342	1.811466	0.9434669
36468	-1928.45	-2118.389	189.939	1.989161	0.8501322
36474	-1913.869	-2103.503	189.6336	2.452364	0.4273533
36480	-1907.18	-2096.682	189.5018	1.635177	1.544125
36486	-1919.905	-2109.455	189.5498	1.563597	1.561504
36492	-1913.444	-2103.183	189.7394	1.874783	1.164437
36498	-1912.128	-2102.133	190.005	1.942573	0.826065
36504	-1916.285	-2106	189.7158	2.375917	0.4477226
36510	-1913.668	-2103.444	189.7755	2.318191	0.545726
36516	-1909.758	-2099.596	189.8385	2.194558	0.7017887
36522	-1906.778	-2096.66	189.882	2.194558	0.6097197
36528	-1908.185	-2098.103	189.9182	2.176896	0.5365521
36534	-1900.617	-2090.505	189.888	2.161232	0.6721177
36540	-1924.314	-2114.333	190.0197	1.94347	0.8059504
36546	-1914.238	-2104.021	189.7834	1.868153	1.13133
36552	-1920.704	-2110.619	189.9151	2.026934	0.8330366
36558	-1910.929	-2100.777	189.8475	1.858249	1.081864
36564	-1908.446	-2098.354	189.9077	1.948355	0.9323397
36570	-1924.738	-2114.782	190.0443	1.837038	0.9046224
36576	-1919.384	-2109.02	189.6355	1.580193	1.4854
36582	-1931.166	-2120.609	189.4429	1.579408	1.62788
36588	-1924.485	-2113.59	189.1053	1.632333	1.828242
36594	-1912.676	-2101.891	189.2151	1.522545	1.828242
36600	-1900.783	-2090.464	189.6803	1.575176	1.455259
36606	-1908.494	-2097.652	189.1576	1.56253	1.840292
36612	-1919.784	-2109.491	189.7066	1.936183	1.139156
36618	-1919.887	-2109.749	189.8619	1.957326	0.9711463
36624	-1912.514	-2102.521	190.0068	1.951965	0.8116609
36630	-1909.285	-2099.27	189.9848	1.841117	0.9641924
36636	-1917.376	-2107.109	189.7332	1.841117	1.199001
36642	-1902.923	-2092.804	189.8806	1.7477	1.152022
36648	-1912.372	-2102.165	189.7928	1.676723	1.286682
36654	-1901.299	-2090.613	189.314	1.687173	1.643094
36660	-1899.172	-2088.418	189.2457	1.48609	1.832267
36666	-1903.684	-2093.17	189.4855	1.550448	1.618006
36672	-1917.302	-2107.248	189.9456	2.14095	0.5781883
36678	-1909.063	-2098.999	189.9367	2.125686	0.6447564
36684	-1900.119	-2090.1	189.981	1.846449	0.9626597
36690	-1902.409	-2092.346	189.9373	1.965448	0.8802093
36696	-1918.54	-2108.498	189.9585	2.029242	0.7723607
36702	-1924.56	-2114.441	189.881	1.951975	0.9568349
36708	-1928.758	-2118.569	189.8117	1.998744	0.9801608
36714	-1918.333	-2108.193	189.8599	1.827073	1.099194
36720	-1934.561	-2124.386	189.8249	1.848053	1.111975
36726	-1929.215	-2119.052	189.8375	1.765418	1.174269
36732	-1930.571	-2120.195	189.624	1.883606	1.255261
36738	-1925.002	-2114.872	189.8694	1.85484	1.064586
36744	-1918.117	-2107.892	189.7749	1.591935	1.36899
36750	-1912.289	-2101.731	189.4415	1.486044	1.695669
36756	-1926.128	-2115.883	189.7551	1.533212	1.430099
36762	-1917.089	-2106.632	189.5432	1.737517	1.435982
36768	-1904.36	-2094.194	189.8346	1.774807	1.168583
36774	-1904.314	-2094.13	189.816	1.677052	1.267326
36780	-1910.577	-2099.777	189.1996	1.566862	1.808381
36786	-1912.062	-2101.33	189.2681	1.498316	1.808381
36792	-1909.019	-2098.465	189.446	1.575957	1.62816
36798	-1912.849	-2102.332	189.4826	1.577386	1.600547
36804	-1924.333	-2113.944	189.6112	1.782627	1.347662
36810	-1912.442	-2100.409	187.9666	1.334843	2.750566
36816	-1897.909	-2086.48	188.5712	1.440545	2.307632
36822	-1903.92	-2092.844	188.9237	1.361364	2.131208
36828	-1916.424	-2104.606	188.1823	1.255275	2.667095
36834	-1926.182	-2114.575	188.3934	1.358607	2.471887
36840	-1931.061	-2120.182	189.1211	1.432203	1.953581
36846	-1921.8	-2110.707	188.9067	1.446219	2.086719
36852	-1919.209	-2108.129	188.9202	1.432742	2.086719
36858	-1922.607	-2111.239	188.6322	1.421216	2.28096
36864	-1914.697	-2104.237	189.5408	1.597746	1.542962
36870	-1924.382	-2113.546	189.164	1.473675	1.896549
36876	-1938.437	-2127.443	189.0052	1.632515	1.896549
36882	-1917.335	-2106.44	189.105	1.5134	1.909638
36888	-1914.293	-2103.644	189.3511	1.519862	1.735599
36894	-1912.859	-2102.237	189.3772	1.493697	1.735599
36900	-1926.945	-2116.151	189.2058	1.468849	1.871444
36906	-1931.154	-2120.261	189.1065	1.568071	1.871444
36912	-1936.573	-2124.928	188.3552	1.375954	2.484919
36918	-1936.848	-2124.21	187.3622	1.263784	3.157268
36924	-1922.071	-2110.182	188.1108	1.229975	2.726516
36930	-1924.573	-2113.282	188.7086	1.299122	2.31018
36936	-1910.889	-2100.138	189.2491	1.615697	1.739877
36942	-1906.343	-2095.863	189.5208	1.599744	1.556288
36948	-1910.005	-2099.64	189.6343	1.614493	1.460345
36954	-1914.687	-2103.547	188.8609	1.590585	2.021603
36960	-1914.565	-2103.195	188.6299	1.427034	2.278751
36966	-1914.196	-2103.155	188.9587	1.525158	2.000047
36972	-1915.419	-2105.266	189.8475	1.800667	1.134366
36978	-1904.863	-2094.703	189.8398	1.871832	1.076371
36984	-1936.07	-2125.753	189.6832	1.743695	1.321232
36990	-1911.184	-2101.108	189.9241	1.773177	1.089737
36996	-1911.021	-2100.908	189.8878	1.875789	1.026852
37002	-1915.462	-2105.414	189.9515	1.904596	0.9322804
37008	-1912.189	-2102.132	189.9437	2.008591	0.8200548
37014	-1917.781	-2107.778	189.9974	2.035883	0.7014163
37020	-1932.575	-2122.404	189.8294	1.421229	1.458917
37026	-1932.003	-2121.548	189.5454	1.705292	1.458917
37032	-1925.252	-2115.254	190.0013	2.060368	0.646389
37038	-1927.064	-2116.859	189.7946	2.300969	0.5326166
37044	-1911.935	-2101.792	189.857	2.189466	0.677473
37050	-1914.454	-2104.294	189.8394	2.257808	0.4852291
37056	-1910.828	-2100.729	189.9003	2.183337	0.5885178
37062	-1912.471	-2102.424	189.9532	2.129194	0.5925905
37068	-1909.588	-2099.49	189.9027	2.168235	0.6246803
37074	-1914.658	-2104.464	189.8061	2.264839	0.6246803
37080	-1902.982	-2092.896	189.914	2.098661	0.7353626
37086	-1907.364	-2097.266	189.9028	1.8813	1.006687
37092	-1897.369	-2087.265	189.8964	2.01972	0.8645511
37098	-1908.666	-2098.61	189.9437	2.017797	0.8081374
37104	-1920.034	-2109.989	189.9542	1.869539	0.9664265
37110	-1915.592	-2105.463	189.8704	1.93299	0.9872726
37116	-1906.233	-2096.29	190.057	1.871126	0.8501088
37122	-1922.416	-2111.764	189.3474	1.521532	1.737024
37128	-1915.292	-2105.207	189.9147	1.851826	1.023947
37134	-1916.769	-2106.67	189.9012	1.997012	0.8854369
37140	-1912.815	-2102.661	189.846	1.849422	1.091375
37146	-1910.005	-2099.938	189.9331	1.867128	0.9905271
37152	-1912.808	-2102.662	189.8542	1.791765	1.136298
37158	-1904.16	-2093.968	189.808	1.913942	1.066674
37164	-1899.985	-2089.853	189.8675	1.808393	1.109283
37170	-1917.898	-2107.901	190.003	1.792584	0.9952156
37176	-1925.127	-2114.762	189.6348	1.748056	1.356399
37182	-1923.389	-2113.031	189.6421	1.82279	1.290442
37188	-1921.524	-2111.332	189.8079	1.82279	1.149846
37194	-1922.714	-2112.106	189.3918	1.627422	1.630079
37200	-1926.172	-2115.821	189.649	1.695768	1.38638
37206	-1910.651	-2100.346	189.6952	1.637264	1.395917
37212	-1918.423	-2108.185	189.7612	1.57131	1.395917
37218	-1914.891	-2104.579	189.6887	1.617532	1.416301
37224	-1920.922	-2110.558	189.636	1.551901	1.506271
37230	-1926.677	-2115.374	188.6971	1.448498	2.221766
37236	-1909.667	-2099.014	189.3468	1.643179	1.651158
37242	-1917.835	-2107.614	189.7789	1.671911	1.301871
37248	-1915.03	-2104.709	189.6788	1.762494	1.309612
37254	-1912.812	-2102.504	189.6916	1.666039	1.376287
37260	-1920.349	-2109.361	189.0121	1.511542	1.973453
37266	-1911.182	-2100.373	189.1905	1.549199	1.826855
37272	-1919.638	-2108.698	189.0604	1.627989	1.862005
37278	-1909.645	-2098.931	189.286	1.642545	1.694912
37284	-1901.795	-2091.321	189.5259	1.597149	1.5544
37290	-1919.534	-2109.089	189.555	1.551509	1.566593
37296	-1916.544	-2106.409	189.8653	1.641711	1.255789
37302	-1920.904	-2110.679	189.7754	1.64638	1.325315
37308	-1929.266	-2119.023	189.7566	1.530597	1.430945
37314	-1926.401	-2115.33	188.9283	1.266677	2.189842
37320	-1920.373	-2109.317	188.9438	1.428709	2.073847
37326	-1906.007	-2095.053	189.0454	1.327066	2.073847
37332	-1911.838	-2100.927	189.0887	1.488672	1.937375
37338	-1904.72	-2094.24	189.5191	1.740506	1.452112
37344	-1907.567	-2097.289	189.7224	1.699937	1.324908
37350	-1906.849	-2096.641	189.7918	1.696905	1.270905
37356	-1910.14	-2099.271	189.1305	1.496187	1.90402
37362	-1916.99	-2106.431	189.441	1.608759	1.60802
37368	-1912.909	-2102.672	189.7628	1.594816	1.376313
37374	-1913.702	-2103.48	189.7778	1.955942	1.055574
37380	-1905.881	-2095.851	189.9697	1.949371	0.8610853
37386	-1906.946	-2096.944	189.9974	1.86472	0.9257136
37392	-1909.415	-2099.154	189.739	1.844106	1.191412
37398	-1919.493	-2109.563	190.0701	1.708566	1.012038
37404	-1916.477	-2106.013	189.5362	1.782552	1.406585
37410	-1917.531	-2107.417	189.8866	1.743891	1.150027
37416	-1927.049	-2117.009	189.9606	1.797539	1.032116
37422	-1923.531	-2113.399	189.8676	1.834716	1.085042
37428	-1926.414	-2116.492	190.0779	1.789551	0.9199667
37434	-1913.472	-2103.424	189.9524	1.605444	1.213013
37440	-1899.389	-2089.058	189.6692	1.739086	1.336172
37446	-1902.786	-2092.532	189.7458	1.770499	1.248035
37452	-1910.557	-2100.464	189.9075	1.838046	1.044308
37458	-1910.217	-2099.917	189.7005	1.899267	1.176962
37464	-1910.171	-2099.941	189.7695	1.792776	1.209215
37470	-1912.743	-2102.562	189.8191	1.759743	1.195045
37476	-1906.153	-2096.107	189.9535	1.96387	0.8630586
37482	-1909.789	-2099.722	189.9328	1.984598	0.8630586
37488	-1916.433	-2106.264	189.8317	1.932349	1.026439
37494	-1906.593	-2096.431	189.8374	1.926555	1.026439
37500	-1914.682	-2104.655	189.9729	1.90882	0.904175
37506	-1916.284	-2106.208	189.9242	1.873745	0.9928006
37512	-1913.178	-2103.224	190.0455	1.867769	0.8679082
37518	-1923.571	-2113.531	189.9605	1.942372	0.8800531
37524	-1923.536	-2112.017	188.4818	1.446129	2.360992
37530	-1909.099	-2099.024	189.9254	2.122385	0.6748988
37536	-1911.358	-2101.197	189.8389	2.219088	0.6543296
37542	-1928.018	-2117.724	189.7069	2.359034	0.636644
37548	-1922.304	-2112.006	189.7012	2.395714	0.4815536
37554	-1916.893	-2106.502	189.6093	2.459879	0.3900814
37560	-1911.824	-2101.348	189.5242	2.530882	0.3679471
37566	-1916.177	-2105.761	189.5839	2.46352	0.3578554
37572	-1915.399	-2105.048	189.649	2.015702	1.119486
37578	-1911.523	-2101.443	189.9202	2.035228	0.8159658
37584	-1909.8	-2099.655	189.8546	2.157067	0.7368985
37590	-1907.854	-2097.309	189.4554	2.576304	0.3397011
37596	-1906.823	-2096.61	189.7878	2.309832	0.496196
37602	-1902.165	-2091.87	189.705	2.392389	0.4885642
37608	-1907.299	-2096.957	189.6585	2.410907	0.3903758
37614	-1908.504	-2098.11	189.6053	2.469123	0.3999218
37620	-1899.383	-2088.879	189.4964	2.507474	0.3135745
37626	-1897.313	-2087.144	189.8308	2.260751	0.4468449
37632	-1912.77	-2102.45	189.6802	2.411164	0.4459364
37638	-1906.955	-2096.648	189.6926	2.398589	0.445483
37644	-1913.403	-2103.419	190.0157	1.73464	1.039674
37650	-1908.398	-2098.245	189.8476	1.619576	1.288608
37656	-1917.897	-2107.742	189.8448	1.810219	1.128172
37662	-1905.361	-2095.301	189.9396	1.972784	0.8689346
37668	-1913.346	-2103.187	189.841	1.859398	1.08681
37674	-1911.483	-2101.356	189.8735	2.219537	0.5496435
37680	-1915.642	-2105.508	189.8658	2.165979	0.7040928
37686	-1910.889	-2100.8	189.9111	2.120604	0.7040928
37692	-1912.504	-2101.76	189.2558	1.508977	1.809523
37698	-1922.274	-2112.046	189.7724	1.610794	1.35608
37704	-1913.036	-2102.942	189.906	2.157184	0.6429127
37710	-1923.067	-2112.707	189.6402	1.628857	1.444904
37716	-1919.594	-2109.243	189.6486	1.620434	1.444904
37722	-1905.372	-2095.358	189.9861	2.029043	0.7315065
37728	-1907.499	-2097.393	189.8938	2.136537	0.7065409
37734	-1909.208	-2098.911	189.7028	1.747125	1.302594
37740	-1911.328	-2101.249	189.9215	1.742268	1.120323
37746	-1909.855	-2099.657	189.8025	1.872029	1.110588
37752	-1911.186	-2101.105	189.9196	1.679067	1.177914
37758	-1911.152	-2100.703	189.5504	1.667815	1.483446
37764	-1903.546	-2093.578	190.0324	1.868338	0.8825046
37770	-1916.213	-2106.224	190.0108	2.018642	0.7080951
37776	-1903.173	-2093.14	189.9671	1.988649	0.815637
37782	-1920.68	-2110.604	189.9236	1.904258	0.9622223
37788	-1924.914	-2114.868	189.9533	1.809216	1.027904
37794	-1912.258	-2101.936	189.6776	1.857691	1.232125
37800	-1904.545	-2094.378	189.8335	1.804142	1.143697
37806	-1900.909	-2090.854	189.9449	1.775421	1.068262
37812	-1902.627	-2092.453	189.8253	1.800149	1.15446
37818	-1912.405	-2102.443	190.0384	1.751183	1.001177
37824	-1909.133	-2099.063	189.9299	1.857248	1.003593
37830	-1915.493	-2105.406	189.9121	1.985189	0.8864957
37836	-1900.661	-2090.606	189.9454	2.104136	0.6715963
37842	-1911.794	-2101.68	189.8864	2.127588	0.7332802
37848	-1917.158	-2107.059	189.9011	2.111833	0.7349492
37854	-1907.966	-2097.888	189.9221	2.061644	0.7780642
37860	-1910.607	-2100.642	190.0342	1.949928	0.7774318
37866	-1901.075	-2091.117	190.0423	1.9323	0.7905867
37872	-1908.614	-2098.513	189.8996	2.053853	0.8186202
37878	-1906.862	-2096.825	189.9629	2.033705	0.7596735
37884	-1906.423	-2096.487	190.0643	1.987639	0.6668426
37890	-1904.192	-2094.069	189.877	2.163829	0.6879362
37896	-1905.834	-2095.671	189.8371	2.223462	0.6487242
37902	-1897.736	-2087.673	189.9369	2.123728	0.6487242
37908	-1905.361	-2095.376	190.0156	1.998849	0.7326337
37914	-1906.52	-2096.336	189.8156	2.125684	0.8339794
37920	-1909.716	-2099.451	189.7358	1.995997	1.057379
37926	-1918.299	-2108.165	189.8653	1.901143	1.02401
37932	-1920.491	-2110.467	189.9762	1.790332	1.02401
37938	-1929.056	-2118.479	189.4227	1.691374	1.561053
37944	-1919.685	-2109.398	189.7126	1.741569	1.299136
37950	-1925.136	-2114.933	189.7974	2.114445	0.8696088
37956	-1929.713	-2119.637	189.9239	1.97204	0.8880517
37962	-1921.089	-2110.763	189.6741	1.773871	1.304203
37968	-1910.735	-2100.469	189.7341	1.658706	1.348501
37974	-1912.374	-2102.08	189.706	1.68682	1.348501
37980	-1905.445	-2094.749	189.304	1.607359	1.707144
37986	-1912.637	-2101.819	189.1818	1.552819	1.830339
37992	-1913.321	-2102.639	189.3178	1.41683	1.830339
37998	-1907.58	-2096.876	189.2963	1.647005	1.684469
38004	-1906.646	-2096.099	189.453	1.490338	1.684469
38010	-1911.406	-2100.277	188.8716	1.461646	2.099656
38016	-1913.432	-2102.272	188.8394	1.493879	2.099656
38022	-1932.198	-2121.887	189.6893	1.842457	1.235084
38028	-1927.593	-2117.404	189.8109	1.583472	1.347226
38034	-1935.165	-2124.412	189.247	1.354234	1.921271
38040	-1924.971	-2114.805	189.8339	1.829525	1.120626
38046	-1910.996	-2100.868	189.8721	1.791293	1.120626
38052	-1903.603	-2093.435	189.8316	1.974195	0.9848334
38058	-1895.023	-2084.974	189.9508	1.891383	0.9471583
38064	-1908.044	-2097.844	189.7996	1.63465	1.315322
38070	-1910.356	-2099.932	189.576	1.572068	1.535922
38076	-1910.71	-2100.333	189.6225	1.533475	1.530034
38082	-1913.48	-2103.15	189.6707	1.485291	1.530034
38088	-1920.246	-2109.763	189.5174	1.638572	1.530034
38094	-1920.451	-2110.039	189.5884	1.71567	1.417988
38100	-1929.024	-2118.597	189.5735	1.618538	1.503174
38106	-1919.562	-2109.468	189.9067	1.732756	1.142091
38112	-1909.779	-2099.583	189.8041	1.873189	1.108024
38118	-1918.98	-2108.858	189.8775	1.941028	0.9718746
38124	-1925.478	-2115.388	189.9098	1.959062	0.918451
38130	-1922.222	-2112.17	189.9478	2.039547	0.7728809
38136	-1933.785	-2123.675	189.8902	2.117508	0.742964
38142	-1931.241	-2121.225	189.984	1.910514	0.8897402
38148	-1925.266	-2115.228	189.9619	1.765752	1.061341
38154	-1929.582	-2119.538	189.9558	2.080413	0.6963663
38160	-1930.102	-2119.922	189.8204	2.150877	0.7951539
38166	-1932.87	-2122.686	189.8165	1.907884	1.064403
38172	-1928.182	-2118	189.8176	2.20756	0.7151802
38178	-1918.758	-2108.634	189.8756	2.145571	0.7218196
38184	-1928.462	-2118.28	189.818	2.190873	0.7412864
38190	-1912.778	-2102.707	189.9294	2.079482	0.7412864
38196	-1910.612	-2100.576	189.9634	2.078344	0.6863304
38202	-1915.95	-2105.834	189.8839	2.193503	0.6075066
38208	-1907.392	-2097.338	189.9458	2.138214	0.5872512
38214	-1911.487	-2101.342	189.855	2.141757	0.759346
38220	-1907.983	-2097.917	189.9338	2.018322	0.8202417
38226	-1918.003	-2107.851	189.8487	2.201444	0.6702934
38232	-1919.799	-2109.689	189.8902	2.172053	0.6451596
38238	-1929.187	-2119.089	189.9026	2.179807	0.5922534
38244	-1939.067	-2128.851	189.7834	2.30635	0.565375
38250	-1908.12	-2098.064	189.9447	2.028034	0.7932206
38256	-1918.807	-2108.715	189.9078	2.133711	0.686707
38262	-1914.778	-2104.787	190.0094	2.059948	0.6284225
38268	-1906.735	-2096.697	189.9617	2.11047	0.6214443
38274	-1919.4	-2109.323	189.9234	2.0513	0.7905118
38280	-1901.804	-2091.693	189.8888	1.974566	0.9244589
38286	-1911.223	-2101.191	189.9678	1.923945	0.8927967
38292	-1905.287	-2095.311	190.0237	1.733215	1.033325
38298	-1913.41	-2103.323	189.9131	1.843803	1.033325
38304	-1902.343	-2092.261	189.9179	1.935241	0.9354679
38310	-1906.96	-2096.816	189.8559	2.044088	0.8834775
38316	-1910.837	-2100.639	189.8016	2.16787	0.7974966
38322	-1904.151	-2093.981	189.8303	2.139245	0.7974966
38328	-1927.724	-2117.548	189.8232	1.990578	0.9767003
38334	-1914.773	-2104.629	189.8558	1.957968	0.9767003
38340	-1910.35	-2100.251	189.9005	1.913281	0.9767003
38346	-1918.944	-2108.763	189.8189	1.933061	1.038068
38352	-1923.523	-2113.175	189.6516	1.756709	1.336135
38358	-1920.252	-2109.985	189.7328	1.748505	1.27703
38364	-1917.813	-2107.225	189.4113	1.584677	1.646831
38370	-1917.094	-2106.479	189.3849	1.639415	1.626417
38376	-1917.322	-2106.995	189.6726	1.666475	1.390792
38382	-1920.217	-2109.8	189.5833	1.672094	1.455299
38388	-1914.805	-2103.977	189.172	1.586419	1.813953
38394	-1921.183	-2110.152	188.969	1.350722	2.10852
38400	-1917.241	-2106.644	189.4031	1.624861	1.623773
38406	-1925.208	-2114.753	189.5452	1.647725	1.502511
38412	-1922.939	-2112.7	189.7615	1.580672	1.388339
38418	-1921.577	-2111.42	189.8429	1.691923	1.232522
38424	-1920.501	-2110.409	189.9081	1.677572	1.189159
38430	-1912.033	-2101.744	189.7113	1.841812	1.217082
38436	-1905.542	-2095.37	189.8282	1.687612	1.248427
38442	-1915.637	-2105.185	189.5479	1.715781	1.448956
38448	-1914.175	-2103.639	189.4639	1.744948	1.490569
38454	-1917.349	-2106.916	189.5667	1.642142	1.490569
38460	-1910.744	-2100.347	189.6023	1.785257	1.352648
38466	-1912.193	-2101.881	189.6879	1.699363	1.3529
38472	-1906.009	-2095.836	189.8269	1.812714	1.141925
38478	-1907.103	-2096.892	189.7897	1.872561	1.12164
38484	-1914.634	-2104.531	189.8971	1.872561	1.020908
38490	-1908	-2097.711	189.7111	1.772267	1.275337
38496	-1901.166	-2090.898	189.731	1.75599	1.272282
38502	-1925.144	-2114.846	189.7018	1.93425	1.145148
38508	-1919.665	-2109.648	189.9829	1.93425	0.8634068
38514	-1927.953	-2117.684	189.731	1.944779	1.109391
38520	-1924.207	-2114.165	189.9575	1.945929	0.8794805
38526	-1918.638	-2108.537	189.8993	1.896889	0.9945988
38532	-1908.558	-2098.318	189.7599	1.913961	1.111153
38538	-1911.408	-2101.218	189.8103	1.94633	1.033627
38544	-1923.037	-2112.887	189.8495	1.940436	1.000813
38550	-1920.143	-2109.934	189.7914	1.968631	1.030321
38556	-1924.355	-2114.071	189.7158	1.945232	1.122736
38562	-1915.297	-2105.184	189.8867	2.043382	0.8477622
38568	-1922.744	-2112.621	189.8771	2.162936	0.6893363
38574	-1902.737	-2092.603	189.8661	2.188121	0.6621959
38580	-1901.575	-2091.392	189.8175	2.23136	0.6728914
38586	-1907.022	-2096.839	189.8175	2.23136	0.6728914
38592	-1910.251	-2100.073	189.8225	2.202676	0.715305
38598	-1910.008	-2099.899	189.8911	2.143272	0.6995326
38604	-1912.727	-2102.628	189.9016	2.181835	0.5890996
38610	-1911.592	-2101.523	189.9306	2.107862	0.6923193
38616	-1909.986	-2099.824	189.838	2.240597	0.6038798
38622	-1911.164	-2100.787	189.6232	1.649991	1.441729
38628	-1919.982	-2109.873	189.8907	1.632744	1.242061
38634	-1919.248	-2109.044	189.7953	1.651096	1.305442
38640	-1936.798	-2126.675	189.8774	2.220172	0.5044613
38646	-1926.866	-2116.645	189.7787	2.31867	0.5110653
38652	-1929.886	-2119.591	189.705	1.849546	1.215811
38658	-1930.115	-2120.055	189.94	1.923642	0.924078
38664	-1917.923	-2107.846	189.9233	2.159262	0.5918302
38670	-1906.163	-2096.02	189.8565	2.239965	0.476538
38676	-1909.117	-2098.772	189.6549	2.431573	0.4289031
38682	-1914.25	-2104.008	189.7583	2.32715	0.4258141
38688	-1906.014	-2095.938	189.9236	2.173055	0.5228368
38694	-1902.965	-2092.734	189.7693	2.325636	0.4639127
38700	-1909.324	-2099.101	189.7767	2.319665	0.5260669
38706	-1909.633	-2099.412	189.7793	2.31196	0.4454825
38712	-1913.263	-2103.049	189.7855	2.31196	0.4902882
38718	-1921.462	-2111.541	190.0784	1.951277	0.7076391
38724	-1915.329	-2105.285	189.9564	2.045176	0.7522424
38730	-1911.561	-2101.433	189.8719	2.162046	0.7003408
38736	-1911.793	-2101.566	189.7722	2.302516	0.6147484
38742	-1909.428	-2099.193	189.7646	2.331933	0.5238286
38748	-1908.523	-2098.277	189.7541	2.342678	0.5206023
38754	-1906.969	-2096.854	189.8852	2.105671	0.7678779
38760	-1911.811	-2101.791	189.9799	2.019973	0.7548337
38766	-1919.636	-2109.534	189.8985	2.115221	0.733703
38772	-1913.743	-2103.732	189.9888	1.905663	0.8897492
38778	-1915.349	-2105.41	190.0615	1.957053	0.7260391
38784	-1920.494	-2109.975	189.4808	1.675035	1.53019
38790	-1918.197	-2107.883	189.686	1.835208	1.243916
38796	-1926.653	-2116.477	189.8242	1.701076	1.240506
38802	-1922.005	-2111.578	189.5722	1.782339	1.378714
38808	-1916.062	-2105.823	189.7606	1.905965	1.117816
38814	-1916.522	-2106.24	189.7174	1.834067	1.218448
38820	-1934.112	-2123.835	189.723	1.894722	1.161263
38826	-1922.324	-2112.042	189.7175	1.917237	1.146269
38832	-1925.459	-2115.409	189.9502	2.028092	0.7855708
38838	-1926.087	-2116.032	189.945	2.028092	0.7926657
38844	-1914.597	-2104.426	189.8296	2.191431	0.7220015
38850	-1907.756	-2097.694	189.9385	2.050407	0.7707812
38856	-1904.996	-2094.913	189.9174	2.15333	0.6250457
38862	-1914.005	-2103.73	189.7246	2.368485	0.5491292
38868	-1903.657	-2093.489	189.832	2.248234	0.5990398
38874	-1918.122	-2108.001	189.8791	2.170008	0.6723525
38880	-1920.401	-2109.83	189.4291	1.652271	1.585006
38886	-1918.138	-2107.917	189.7798	1.575687	1.377957
38892	-1913.085	-2102.966	189.8806	2.181533	0.6453602
38898	-1908.163	-2098.052	189.889	2.156575	0.6791352
38904	-1925.271	-2115.129	189.8578	2.2322	0.5645281
38910	-1926.153	-2116.032	189.8791	2.144445	0.7178568
38916	-1924.467	-2114.537	190.0705	1.94819	0.7258088
38922	-1931.801	-2121.65	189.8486	1.936928	1.005202
38928	-1920.709	-2110.599	189.8904	1.811548	1.085413
38934	-1916.852	-2106.406	189.5538	1.839272	1.348267
38940	-1926.725	-2116.457	189.7326	1.777248	1.253359
38946	-1918.478	-2107.753	189.2754	1.582599	1.744646
38952	-1913.051	-2102.843	189.7917	1.765402	1.213696
38958	-1918.163	-2107.848	189.685	1.907321	1.183434
38964	-1913.499	-2102.819	189.32	1.552711	1.73438
38970	-1920.675	-2110.385	189.7105	1.900716	1.167036
38976	-1921.194	-2111.106	189.9124	1.97209	0.9010667
38982	-1906.177	-2096.057	189.8793	1.813415	1.093925
38988	-1915.299	-2104.951	189.6517	1.753519	1.338566
38994	-1910.342	-2099.643	189.3003	1.448769	1.820394
39000	-1906.27	-2095.74	189.4702	1.669473	1.542161
39006	-1904.827	-2094.642	189.8147	1.886957	1.08562
39012	-1914.494	-2104.241	189.7473	1.762382	1.253522
39018	-1912.715	-2102.655	189.9398	2.019938	0.8104884
39024	-1914.341	-2104.197	189.8559	1.98986	0.9433755
39030	-1921.074	-2111.055	189.9804	1.956489	0.8394018
39036	-1937.791	-2127.656	189.8644	2.008	0.9145039
39042	-1923.651	-2113.509	189.8585	1.859204	1.070665
39048	-1936.141	-2125.662	189.521	1.74642	1.446116
39054	-1937.17	-2126.911	189.7405	1.801405	1.226535
39060	-1929.264	-2118.604	189.3394	1.464129	1.782666
39066	-1917.891	-2106.898	189.0075	1.47048	2.003978
39072	-1914.919	-2104.049	189.1295	1.433593	1.946986
39078	-1917.629	-2106.579	188.9494	1.521653	2.008592
39084	-1907.53	-2096.62	189.0896	1.381386	2.008592
39090	-1925.657	-2114.804	189.1465	1.426675	1.940171
39096	-1929.151	-2118.471	189.3199	1.674574	1.647888
39102	-1933.037	-2122.313	189.2756	1.423356	1.854805
39108	-1918.998	-2108.27	189.2716	1.391139	1.879564
39114	-1917.47	-2105.244	187.7737	1.283883	2.898737
39120	-1919.447	-2107.419	187.9723	1.250077	2.798787
39126	-1915.878	-2104.385	188.5067	1.161634	2.524202
39132	-1920.221	-2108.47	188.2488	1.331305	2.57904
39138	-1920.385	-2109.368	188.9823	1.354295	2.097466
39144	-1915.369	-2105.032	189.6621	1.447107	1.564614
39150	-1921.742	-2109.897	188.1547	1.363238	2.617571
39156	-1922.339	-2110.966	188.6272	1.362671	2.321555
39162	-1919.757	-2108.999	189.2414	1.418415	1.881525
39168	-1919.327	-2108.531	189.2041	1.455725	1.881525
39174	-1928.001	-2117.286	189.2852	1.373084	1.882601
39180	-1927.704	-2116.93	189.2254	1.433591	1.882084
39186	-1927.12	-2116.51	189.3896	1.447249	1.759504
39192	-1923.16	-2112.782	189.6217	1.531988	1.531767
39198	-1916.663	-2106.27	189.6073	1.546414	1.531767
39204	-1917.185	-2106.65	189.465	1.679735	1.538374
39210	-1906.584	-2096.203	189.6185	1.533281	1.53317
39216	-1915.469	-2104.948	189.4787	1.555968	1.618922
39222	-1919.349	-2108.566	189.2172	1.447562	1.878182
39228	-1912.698	-2102.208	189.5092	1.603457	1.562039
39234	-1906.999	-2096.965	189.9665	1.84687	0.9771214
39240	-1918.261	-2108.203	189.9428	1.895146	0.9516713
39246	-1926.066	-2115.748	189.6826	1.744653	1.320946
39252	-1917.149	-2106.801	189.6518	1.809616	1.293304
39258	-1914.947	-2104.643	189.6958	1.765583	1.293304
39264	-1924.696	-2114.623	189.9268	1.717695	1.137572
39270	-1916.827	-2106.698	189.8702	1.776665	1.135478
39276	-1921.965	-2111.758	189.7923	1.804454	1.179563
39282	-1918.4	-2108.06	189.6604	1.47947	1.541993
39288	-1911.878	-2101.786	189.9081	1.590219	1.262932
39294	-1917.771	-2107.679	189.9081	1.622261	1.236246
39300	-1906.128	-2096.131	190.0023	1.685879	1.098052
39306	-1914.125	-2104.013	189.8882	1.599451	1.27179
39312	-1907.658	-2096.937	189.279	1.584146	1.741067
39318	-1911.698	-2101.451	189.7526	1.68485	1.312727
39324	-1916.052	-2105.927	189.8746	2.167332	0.6858808
39330	-1910.736	-2100.702	189.9662	2.051605	0.7273029
39336	-1906.522	-2096.349	189.8271	2.225618	0.6651822
39342	-1909.506	-2099.357	189.8513	2.210561	0.6459191
39348	-1905.453	-2095.119	189.6663	2.431371	0.5015092
39354	-1894.088	-2083.936	189.8473	2.233207	0.5982814
39360	-1915.814	-2105.761	189.947	2.11709	0.6409048
39366	-1923.199	-2113.074	189.8751	2.174401	0.671559
39372	-1926.003	-2115.976	189.9732	1.98196	0.8163433
39378	-1914.885	-2104.862	189.9771	2.042248	0.7246988
39384	-1916.964	-2106.948	189.9836	2.073273	0.6567049
39390	-1923.56	-2113.504	189.9434	2.087493	0.7056353
39396	-1919.81	-2109.838	190.0283	1.99677	0.7153834
39402	-1910.946	-2100.855	189.909	1.765866	1.110281
39408	-1905.98	-2095.832	189.8526	1.822789	1.109801
39414	-1922.824	-2112.743	189.9186	1.878185	0.9940132
39420	-1922.22	-2112.06	189.8402	1.77325	1.16501
39426	-1930.759	-2120.206	189.4465	1.837521	1.433427
39432	-1924.579	-2114.221	189.6422	1.64175	1.433427
39438	-1917.668	-2107.531	189.8635	1.803614	1.117312
39444	-1928.737	-2118.77	190.0328	1.782848	0.9747851
39450	-1913.675	-2103.515	189.8405	1.98828	0.9612393
39456	-1919.311	-2109.264	189.9528	2.09405	0.676732
39462	-1911.019	-2100.975	189.9567	1.899576	0.9320702
39468	-1911.239	-2101.195	189.9556	1.925135	0.9052857
39474	-1909.289	-2099.232	189.9432	1.937544	0.9052857
39480	-1914.665	-2104.588	189.9232	1.928449	0.9371115
39486	-1912.144	-2102.066	189.9217	1.895912	0.9727488
39492	-1915	-2104.974	189.9748	1.830544	0.9853802
39498	-1911.113	-2100.945	189.8323	1.82888	1.122663
39504	-1917.599	-2107.47	189.8708	2.220765	0.5572373
39510	-1923.266	-2113.142	189.8768	2.220765	0.4959247
39516	-1920.076	-2109.994	189.9183	2.151275	0.6280467
39522	-1915.537	-2105.502	189.9657	2.038448	0.7484636
39528	-1909.591	-2099.578	189.9876	1.874839	0.9253747
39534	-1923.921	-2113.569	189.6481	1.637439	1.432234
39540	-1913.929	-2103.74	189.8107	1.723288	1.233243
39546	-1911.235	-2101.015	189.7794	1.653098	1.316714
39552	-1913.721	-2103.628	189.907	1.864374	1.019207
39558	-1906.428	-2096.346	189.9181	1.94458	0.9251231
39564	-1910.394	-2100.294	189.9003	1.973548	0.9128977
39570	-1919.205	-2108.97	189.765	1.973548	1.050957
39576	-1919.177	-2108.73	189.5527	1.746832	1.421506
39582	-1924.939	-2114.49	189.5508	1.778066	1.398755
39588	-1920.016	-2109.705	189.6894	1.906593	1.180238
39594	-1916.742	-2106.465	189.7228	1.873255	1.180238
39600	-1920.168	-2109.908	189.7408	1.855261	1.180238
39606	-1918.716	-2108.719	190.0025	2.025178	0.7110589
39612	-1915.707	-2105.605	189.8987	2.013104	0.869727
39618	-1916.045	-2106.076	190.0312	1.880591	0.869727
39624	-1913.079	-2102.938	189.8586	2.162373	0.7222122
39630	-1911.221	-2101.105	189.8841	2.08498	0.7980435
39636	-1915.247	-2105.201	189.9533	2.099723	0.6645592
39642	-1909.372	-2099.192	189.8202	2.258518	0.6037051
39648	-1915.366	-2105.273	189.9069	2.186846	0.5455358
39654	-1917.495	-2107.446	189.9516	2.083215	0.6987865
39660	-1914.071	-2103.819	189.7484	2.048958	0.9933911
39666	-1919.806	-2109.656	189.8501	2.163375	0.7341414
39672	-1912.252	-2102.132	189.8808	2.142074	0.7190329
39678	-1905.79	-2095.655	189.8651	2.202991	0.6316571
39684	-1896.731	-2086.631	189.9002	2.193252	0.5474033
39690	-1905.213	-2094.996	189.7823	2.315228	0.5072958
39696	-1904.148	-2093.832	189.6842	2.413286	0.5072958
39702	-1905.259	-2095.065	189.8059	2.266052	0.6219177
39708	-1902.481	-2092.274	189.7922	2.288556	0.5975596
39714	-1893.212	-2083.023	189.8112	2.261929	0.6190494
39720	-1931.777	-2121.749	189.9716	2.067709	0.6908331
39726	-1927.137	-2117.057	189.9201	2.104653	0.7159505
39732	-1917.906	-2107.757	189.8517	1.989101	0.9485806
39738	-1920.295	-2110.099	189.8048	2.036006	0.9485806
39744	-1910.184	-2100.103	189.9189	1.997392	0.8643146
39750	-1917.603	-2107.522	189.9191	2.020461	0.8360917
39756	-1908.682	-2098.712	190.0304	1.933218	0.8053051
39762	-1909.358	-2099.291	189.9338	2.078734	0.735627
39768	-1913.591	-2103.48	189.8892	2.119512	0.7414869
39774	-1909.29	-2099.259	189.9696	1.989874	0.8107609
39780	-1909.826	-2099.767	189.9413	2.033558	0.7902496
39786	-1915.597	-2105.502	189.9044	2.12687	0.7048943
39792	-1918.765	-2108.634	189.8693	2.152806	0.7203597
39798	-1913.899	-2103.712	189.8124	2.285117	0.4912009
39804	-1916.685	-2106.561	189.8764	2.189305	0.6373166
39810	-1909.003	-2098.988	189.9852	2.071648	0.6567191
39816	-1909.338	-2099.208	189.8698	2.187036	0.6567191
39822	-1911.384	-2101.173	189.7884	2.11953	0.8742616
39828	-1909.606	-2099.445	189.8395	1.876303	1.072507
39834	-1905.446	-2095.446	189.9992	1.811062	0.980292
39840	-1909.028	-2098.791	189.7627	1.652446	1.330658
39846	-1906.172	-2095.837	189.6656	1.71448	1.358589
39852	-1918.452	-2108.287	189.8349	1.797346	1.148469
39858	-1905.888	-2095.617	189.7288	1.769912	1.262669
39864	-1908.783	-2098.467	189.6841	1.73721	1.325692
39870	-1909.654	-2099.218	189.5645	1.562164	1.551789
39876	-1906.322	-2096.028	189.7051	1.665912	1.365746
39882	-1904.23	-2093.973	189.7427	1.720413	1.291922
39888	-1908.96	-2098.847	189.8869	1.760133	1.135369
39894	-1909.681	-2099.649	189.967	1.810917	1.012738
39900	-1912.945	-2102.641	189.6957	1.660203	1.37761
39906	-1918.598	-2108.362	189.7646	1.777673	1.226245
39912	-1914.534	-2104.393	189.8587	1.83165	1.096082
39918	-1921.173	-2111.018	189.8457	1.766392	1.16626
39924	-1925.529	-2115.305	189.7769	1.8144	1.184369
39930	-1905.247	-2094.999	189.7522	1.657552	1.334994
39936	-1899.71	-2088.927	189.2173	1.67659	1.719483
39942	-1898.305	-2088.198	189.8935	1.896513	1.000772
39948	-1896.294	-2086.244	189.9507	1.779946	1.058511
39954	-1888.771	-2078.701	189.9301	1.815509	1.044261
39960	-1895.092	-2085.058	189.9663	1.87234	0.950899
39966	-1895.96	-2085.971	190.0112	1.904654	0.8649267
39972	-1916.71	-2106.803	190.0931	1.953959	0.6763629
39978	-1908.099	-2098.089	189.9898	2.074918	0.6395347
39984	-1931.477	-2121.236	189.7591	2.236044	0.761747
39990	-1907.604	-2097.464	189.86	2.236044	0.5284501
39996	-1915.962	-2105.784	189.8222	2.227905	0.6704421
40002	-1916.29	-2106.072	189.7815	2.298175	0.6009511
40008	-1917.787	-2107.796	190.0093	2.036255	0.6792585
40014	-1901.211	-2091.123	189.9115	2.156402	0.6319846
40020	-1924.156	-2114.027	189.8711	2.168217	0.6907319
40026	-1913.673	-2103.582	189.9085	2.153208	0.6463727
40032	-1909.711	-2099.576	189.8646	2.187368	0.6668007
40038	-1913.034	-2102.98	189.9453	2.063666	0.7410437
40044	-1914.393	-2104.046	189.6527	2.433316	0.4276805
40050	-1909.806	-2099.763	189.9571	2.136522	0.5462943
40056	-1910.753	-2100.642	189.889	2.128793	0.7271798
40062	-1911.162	-2100.98	189.8177	2.187045	0.7474588
40068	-1909.763	-2099.733	189.9706	2.076091	0.6770844
40074	-1909.211	-2098.925	189.7148	1.564233	1.437215
40080	-1918.681	-2108.218	189.5373	1.609594	1.5368
40086	-1913.507	-2102.98	189.4725	1.4745	1.681826
40092	-1907.43	-2097.211	189.7807	1.626836	1.336726
40098	-1914.726	-2104.377	189.6517	1.730924	1.356549
40104	-1922.187	-2112.157	189.9699	1.889777	0.9284446
40110	-1919.818	-2109.889	190.0702	1.936837	0.7440724
40116	-1915.067	-2104.958	189.8907	2.031622	0.8572156
40122	-1929.074	-2118.947	189.8733	1.965265	0.9510074
40128	-1927.072	-2116.973	189.901	1.935295	0.953329
40134	-1920.556	-2110.44	189.8839	1.73616	1.159257
40140	-1907.666	-2097.345	189.6795	1.853646	1.233885
40146	-1906.995	-2096.81	189.8147	1.928501	1.046519
40152	-1911.848	-2101.676	189.8281	1.877191	1.082243
40158	-1923.325	-2113.104	189.7793	1.862085	1.140339
40164	-1919.024	-2108.882	189.8578	1.968616	0.9636691
40170	-1926.075	-2116.032	189.9569	1.816623	1.017075
40176	-1917.208	-2107.175	189.9665	1.93896	0.8770957
40182	-1924.468	-2114.39	189.922	1.705239	1.152956
40188	-1918.771	-2108.679	189.9082	1.667723	1.197609
40194	-1917.178	-2106.987	189.8089	1.806796	1.163106
40200	-1913.19	-2103.149	189.9589	1.957796	0.8638477
40206	-1929.521	-2119.454	189.933	1.983725	0.8638477
40212	-1903.502	-2093.321	189.8189	1.893333	1.075779
40218	-1911.577	-2101.477	189.9	2.078539	0.7852303
40224	-1912.177	-2102.194	190.0161	2.041182	0.6557053
40230	-1915.803	-2105.85	190.0469	1.959451	0.7450485
40236	-1908.676	-2098.492	189.8166	2.279234	0.5309866
40242	-1904.999	-2094.716	189.7165	2.376527	0.5496478
40248	-1905.64	-2095.458	189.8181	2.278835	0.5195324
40254	-1908.969	-2098.901	189.9323	2.164548	0.5195324
40260	-1914.001	-2103.646	189.6456	2.409459	0.3678886
40266	-1909.873	-2099.283	189.4101	2.615932	0.3338431
40272	-1920.967	-2110.881	189.9137	2.006588	0.8595529
40278	-1921.041	-2110.963	189.9221	2.043978	0.8021065
40284	-1911.439	-2101.062	189.6236	2.450561	0.3993398
40290	-1910.157	-2099.791	189.6344	2.423505	0.3719504
40296	-1906.075	-2095.563	189.488	2.535875	0.3317245
40302	-1909.721	-2099.136	189.4148	2.620368	0.3434034
40308	-1912.282	-2101.742	189.4597	2.594305	0.3664044
40314	-1907.697	-2097.514	189.8164	2.279172	0.5325824
40320	-1904.378	-2094.158	189.7807	2.250257	0.7053814
40326	-1905.579	-2095.38	189.8011	2.293948	0.5365731
40332	-1912.917	-2102.786	189.869	2.210884	0.6003388
40338	-1910.537	-2100.332	189.7943	2.261961	0.6580231
40344	-1912.691	-2102.546	189.8555	1.982591	0.9514648
40350	-1923.836	-2113.451	189.6151	2.480978	0.4726383
40356	-1917.695	-2107.449	189.7546	2.339077	0.4567936
40362	-1908.575	-2098.333	189.7586	2.339077	0.5014522
40368	-1918.461	-2108.179	189.718	2.339077	0.6562189
40374	-1925.838	-2115.62	189.782	2.290465	0.6206174
40380	-1924.756	-2114.646	189.8908	2.154639	0.6793924
40386	-1917.379	-2107.202	189.8233	2.160401	0.7781256
40392	-1922.731	-2112.153	189.4224	1.570016	1.64939
40398	-1921.681	-2111.029	189.3476	1.598095	1.682785
40404	-1918.199	-2108.086	189.8871	2.061057	0.8252728
40410	-1915.638	-2105.558	189.9194	2.073339	0.7653057
40416	-1907.836	-2097.765	189.9288	2.117609	0.6775276
40422	-1899.424	-2089.231	189.8068	2.256467	0.6428831
40428	-1898.268	-2088.184	189.9155	2.147727	0.6428831
40434	-1909.078	-2098.97	189.8915	2.205347	0.4803005
40440	-1903.194	-2092.942	189.7477	2.349183	0.4803005
40446	-1908.18	-2097.854	189.6734	2.422441	0.5308676
40452	-1906.429	-2096.375	189.9457	2.072942	0.7259208
40458	-1905.342	-2095.26	189.9174	2.115591	0.7019618
40464	-1909.925	-2099.814	189.8899	2.167466	0.6556915
40470	-1911.446	-2101.381	189.9354	2.079348	0.7320407
40476	-1912.132	-2102.017	189.885	2.081549	0.801493
40482	-1902.37	-2092.265	189.895	2.071516	0.801493
40488	-1919.859	-2109.733	189.8732	1.963477	0.9529425
40494	-1912.142	-2101.96	189.8183	1.846294	1.1196
40500	-1908.535	-2098.168	189.633	1.77015	1.340261
40506	-1907.772	-2097.291	189.5185	1.50093	1.629969
40512	-1916.66	-2105.999	189.3395	1.557019	1.717618
40518	-1905.159	-2094.859	189.6992	1.796865	1.264859
40524	-1916.307	-2106.182	189.8746	1.883658	1.032047
40530	-1914.533	-2104.241	189.7077	1.784698	1.267849
40536	-1923.333	-2113.084	189.7512	1.770381	1.243635
40542	-1927.159	-2116.603	189.4447	1.541594	1.653805
40548	-1927.168	-2116.751	189.583	1.40326	1.653805
40554	-1919.233	-2108.969	189.7366	1.665091	1.341437
40560	-1924.305	-2114.063	189.7581	1.80974	1.204512
40566	-1920.186	-2109.925	189.7395	1.828325	1.204512
40572	-1924.171	-2114.065	189.8938	1.756783	1.132198
40578	-1927.395	-2117.33	189.935	1.756783	1.09474
40584	-1920.91	-2110.855	189.9451	1.992053	0.8390533
40590	-1923.84	-2113.673	189.8329	2.027194	0.9279465
40596	-1926.271	-2116.195	189.9245	2.065266	0.7695208
40602	-1923.611	-2113.484	189.8723	2.05766	0.8478973
40608	-1909.227	-2099.207	189.9807	1.884546	0.9223526
40614	-1914.728	-2104.726	189.9978	1.918949	0.8637941
40620	-1917.718	-2107.636	189.9186	1.671379	1.185439
40626	-1931.442	-2121.362	189.92	1.855067	1.015639
40632	-1932.255	-2122.193	189.9382	2.143892	0.5934833
40638	-1931.069	-2120.977	189.9075	2.169315	0.6089575
40644	-1928.406	-2118.341	189.9351	2.136377	0.6232871
40650	-1920.228	-2110.201	189.9727	2.098811	0.6232871
40656	-1927.806	-2117.797	189.9911	2.063785	0.6608369
40662	-1918.317	-2108.309	189.9926	1.965301	0.8128754
40668	-1914.818	-2104.811	189.9926	1.965301	0.8128754
40674	-1921.393	-2111.392	190	1.927326	0.8511559
40680	-1914.2	-2104.095	189.8947	2.007031	0.8814515
40686	-1910.995	-2101.022	190.0271	2.006449	0.701024
40692	-1912.112	-2101.843	189.731	2.357172	0.4341917
40698	-1913.565	-2103.354	189.7889	2.304804	0.4572202
40704	-1912.76	-2102.398	189.6375	2.430617	0.3881426
40710	-1906.947	-2096.712	189.7656	2.331588	0.4855281
40716	-1912.843	-2102.641	189.7973	2.294488	0.5560581
40722	-1912.999	-2102.846	189.8475	2.244266	0.5560581
40728	-1914.912	-2104.719	189.8071	2.290472	0.5034493
40734	-1914.539	-2104.349	189.81	2.278468	0.4353246
40740	-1919.801	-2109.231	189.4305	1.631822	1.598871
40746	-1910.729	-2100.216	189.4868	1.761741	1.46054
40752	-1917.471	-2107.303	189.8319	1.671558	1.258736
40758	-1918.938	-2108.562	189.6237	1.738884	1.372372
40764	-1915.865	-2105.296	189.4311	1.655515	1.581176
40770	-1923.929	-2113.724	189.7946	1.843587	1.143248
40776	-1906.716	-2096.36	189.6444	1.825386	1.286406
40782	-1905.281	-2095.182	189.9006	1.84727	1.042009
40788	-1904.963	-2094.865	189.9028	1.837991	1.048845
40794	-1921.714	-2111.639	189.9249	2.165321	0.5632173
40800	-1917.091	-2106.893	189.8023	2.291168	0.547146
40806	-1916.33	-2106.188	189.8576	2.23581	0.547146
40812	-1909.102	-2098.992	189.8905	2.191808	0.592656
40818	-1922.678	-2112.503	189.8253	2.25705	0.592656
40824	-1906.699	-2096.587	189.8884	2.160942	0.6718408
40830	-1913.361	-2103.058	189.6977	2.382875	0.4133475
40836	-1909.948	-2099.778	189.8301	2.266839	0.4813765
40842	-1903.591	-2093.393	189.8014	2.296006	0.5104398
40848	-1911.662	-2101.38	189.7181	2.366671	0.4240216
40854	-1901.472	-2091.176	189.704	2.382122	0.4278333
40860	-1897.372	-2086.897	189.5253	2.49585	0.3290226
40866	-1899.849	-2089.503	189.6538	2.381947	0.3441095
40872	-1906.783	-2096.566	189.7832	2.314441	0.5044306
40878	-1923.249	-2113.104	189.8547	2.199124	0.6629756
40884	-1907.66	-2097.578	189.9172	2.143655	0.648073
40890	-1912.927	-2102.84	189.9134	2.173308	0.5775145
40896	-1909.438	-2099.311	189.8731	2.213632	0.5775145
40902	-1909.087	-2098.868	189.7803	2.305295	0.4262773
40908	-1909.089	-2098.831	189.7417	2.354216	0.4715002
40914	-1907.096	-2096.834	189.7377	2.354216	0.4486121
40920	-1916.646	-2106.077	189.4312	2.614765	0.3560423
40926	-1913.806	-2103.117	189.3111	2.684904	0.307104
40932	-1910.937	-2100.489	189.552	2.506221	0.3724464
40938	-1919.706	-2109.299	189.5933	2.464969	0.3724464
40944	-1917.795	-2107.639	189.8441	1.906947	1.038957
40950	-1926.354	-2116.202	189.8483	1.970669	0.9714175
40956	-1925.017	-2114.862	189.8444	1.97453	0.9714175
40962	-1921.205	-2111.097	189.8926	1.941734	0.9554201
40968	-1925.839	-2115.613	189.7733	2.061014	0.9554382
40974	-1914.85	-2104.654	189.8045	2.05802	0.9253465
40980	-1914.746	-2104.643	189.8977	2.198181	0.5304349
40986	-1916.102	-2105.863	189.7606	2.335264	0.5304349
40992	-1915.481	-2105.158	189.6768	1.742809	1.327075
40998	-1916.06	-2106.033	189.9732	1.934971	0.8739169
41004	-1905.414	-2095.39	189.9766	1.963277	0.8356791
41010	-1908.168	-2098.064	189.8957	1.919663	0.9751475
41016	-1908.342	-2098.207	189.8651	1.950215	0.9751475
41022	-1914.936	-2104.835	189.8999	1.867943	1.022702
41028	-1922.554	-2112.248	189.6931	1.736676	1.318941
41034	-1919.407	-2109.224	189.8174	1.65955	1.280553
41040	-1925.217	-2114.901	189.6842	1.727452	1.333428
41046	-1920.354	-2110.123	189.769	1.834469	1.173807
41052	-1919.526	-2109.416	189.8908	1.775738	1.117847
41058	-1913.413	-2102.925	189.5119	1.712601	1.478704
41064	-1908.204	-2097.898	189.6939	1.594258	1.430197
41070	-1911.639	-2101.748	190.1086	1.750097	0.9294784
41076	-1907.551	-2096.578	189.0277	1.607617	1.898177
41082	-1906.02	-2095.86	189.8397	2.104154	0.8307125
41088	-1919.002	-2108.914	189.9116	2.005615	0.8632294
41094	-1924.193	-2114.154	189.9611	1.969983	0.8465234
41100	-1915.955	-2104.607	188.6518	1.382764	2.29304
41106	-1914.83	-2102.588	187.7589	1.324089	2.883352
41112	-1920.105	-2110.125	190.0207	1.889475	0.8715902
41118	-1924.227	-2114.076	189.849	1.729561	1.195278
41124	-1909.493	-2099.478	189.985	1.708196	1.093466
41130	-1918.315	-2108.258	189.9431	1.83775	1.009919
41136	-1918.041	-2107.766	189.7243	1.786301	1.252803
41142	-1929.434	-2119.345	189.9103	2.021329	0.8458549
41148	-1923.426	-2113.351	189.9249	2.123946	0.6729065
41154	-1912.814	-2102.553	189.7393	1.922702	1.121903
41160	-1924.281	-2114.052	189.7709	1.692358	1.291784
41166	-1908.966	-2098.796	189.8294	1.633853	1.291784
41172	-1905.293	-2095.094	189.8013	1.79709	1.178206
41178	-1911.031	-2100.865	189.8349	1.87401	1.07895
41184	-1909.379	-2099.172	189.7936	1.79595	1.185858
41190	-1910.404	-2100.217	189.8127	1.739594	1.217714
41196	-1904.488	-2094.323	189.8357	1.707827	1.225179
41202	-1919.054	-2108.682	189.6284	1.703571	1.396303
41208	-1909.199	-2099.119	189.9198	1.727889	1.134729
41214	-1906.697	-2096.563	189.8659	1.665657	1.23529
41220	-1900.792	-2090.582	189.7894	1.742074	1.23529
41226	-1904.233	-2094.019	189.7859	1.745835	1.235109
41232	-1904.275	-2093.936	189.6614	1.876419	1.229963
41238	-1895.066	-2084.85	189.7833	1.670309	1.299636
41244	-1902.311	-2092.197	189.8861	1.827459	1.074548
41250	-1904.178	-2094.04	189.8616	2.041438	0.8799113
41256	-1908.997	-2098.927	189.9301	1.996002	0.8526002
41262	-1910.723	-2100.533	189.8103	1.996002	0.9843533
41268	-1913.294	-2103.121	189.8269	1.976718	0.9870938
41274	-1921.603	-2111.476	189.8731	2.020452	0.8907915
41280	-1920.536	-2110.469	189.9324	2.097548	0.7072001
41286	-1922.763	-2112.424	189.6611	2.427152	0.5717334
41292	-1914.585	-2104.421	189.8361	2.261517	0.4962423
41298	-1920.612	-2110.341	189.7285	2.369107	0.4962423
41304	-1917.414	-2107.369	189.9541	2.064536	0.7259063
41310	-1925.421	-2115.157	189.7358	1.886107	1.157653
41316	-1930.51	-2119.825	189.3146	1.687078	1.642756
41322	-1927.521	-2117.251	189.7297	2.367508	0.5149536
41328	-1924.106	-2113.746	189.6399	2.449739	0.56606
41334	-1913.883	-2103.829	189.946	1.865434	0.9791002
41340	-1910.209	-2099.922	189.7127	1.900659	1.165158
41346	-1916.303	-2105.848	189.5452	1.824778	1.366517
41352	-1905.908	-2095.666	189.7586	1.731667	1.269626
41358	-1910.746	-2100.5	189.7546	1.790593	1.223795
41364	-1925.377	-2114.648	189.271	1.710793	1.657007
41370	-1918.187	-2108.066	189.8789	2.015713	0.8895939
41376	-1914.11	-2104.024	189.9141	1.970856	0.9005213
41382	-1911.657	-2101.314	189.6562	1.680471	1.39268
41388	-1909.707	-2099.222	189.5153	1.600005	1.560108
41394	-1912.835	-2102.356	189.5203	1.628211	1.535623
41400	-1928.691	-2118.461	189.7703	2.304536	0.6145473
41406	-1933.779	-2123.571	189.7915	2.229395	0.722291
41412	-1928.59	-2118.454	189.8648	2.04594	0.870885
41418	-1924.408	-2114.408	190	2.011308	0.7374126
41424	-1907.774	-2097.61	189.8367	2.18235	0.7252757
41430	-1913.189	-2103.133	189.9447	2.123589	0.6310864
41436	-1909.665	-2099.64	189.9746	2.04853	0.7185442
41442	-1911.972	-2101.983	190.0104	2.04853	0.652393
41448	-1907.508	-2097.357	189.8491	2.155627	0.747533
41454	-1911.381	-2101.239	189.858	2.22568	0.5883234
41460	-1917.405	-2107.349	189.9436	2.148935	0.5520059
41466	-1916.843	-2106.807	189.964	2.111925	0.6116319
41472	-1904.887	-2094.793	189.906	2.072156	0.7857502
41478	-1917.184	-2107.09	189.906	2.072156	0.7857502
41484	-1917.332	-2107.328	189.9967	2.029334	0.7137341
41490	-1923.632	-2113.495	189.8631	2.210138	0.6187429
41496	-1911.031	-2100.995	189.964	1.982246	0.8277485
41502	-1905.127	-2095.1	189.9735	1.972783	0.8277485
41508	-1906.816	-2096.786	189.9708	1.925819	0.8873369
41514	-1912.442	-2102.418	189.976	1.920601	0.8873369
41520	-1936.527	-2126.271	189.7437	2.344212	0.4335063
41526	-1933.038	-2122.28	189.2416	2.692745	0.2659127
41532	-1921.945	-2111.933	189.9874	2.025273	0.7353041
41538	-1921.394	-2111.299	189.9049	2.107923	0.7350801
41544	-1910.39	-2100.367	189.9766	1.972544	0.8241276
41550	-1911.304	-2101.141	189.8367	2.060654	0.8864765
41556	-1904.42	-2094.37	189.9502	1.922341	0.914337
41562	-1905.105	-2095.059	189.9539	1.918631	0.914337
41568	-1901.336	-2091.327	189.9914	1.872341	0.9239891
41574	-1907.881	-2097.781	189.9005	1.817332	1.070528
41580	-1919.251	-2109.187	189.9359	1.781932	1.070528
41586	-1926.353	-2116.032	189.6793	1.773579	1.300251
41592	-1914.96	-2104.799	189.8392	1.653358	1.267742
41598	-1922.393	-2111.415	189.0218	1.391541	2.046877
41604	-1921.678	-2111.405	189.7273	2.369268	0.4771066
41610	-1919.086	-2108.917	189.8306	2.264433	0.5371658
41616	-1908.849	-2098.585	189.7357	2.34943	0.4250909
41622	-1913.867	-2103.781	189.914	2.103953	0.7269682
41628	-1919.164	-2109.12	189.9559	2.071844	0.7108887
41634	-1914.596	-2104.404	189.8074	2.241487	0.6727227
41640	-1908.433	-2098.368	189.9356	2.151798	0.5750521
41646	-1908.321	-2098.239	189.918	2.126153	0.6818403
41652	-1927.586	-2117.56	189.9738	1.92126	0.8891117
41658	-1919.724	-2109.477	189.7533	1.79004	1.225298
41664	-1920.138	-2110.107	189.9692	1.964262	0.8436603
41670	-1918.052	-2108.07	190.0182	2.049219	0.6332837
41676	-1916.244	-2106.157	189.9135	1.885362	0.9919214
41682	-1915.539	-2105.492	189.9537	1.901622	0.9331405
41688	-1912.537	-2102.551	190.0132	1.84453	0.930575
41694	-1925.427	-2115.444	190.0169	1.962573	0.7840046
41700	-1922.161	-2112.131	189.9698	2.050404	0.7234306
41706	-1916.315	-2106.234	189.9193	2.166248	0.5820039
41712	-1908.331	-2098.281	189.9502	1.761029	1.076788
41718	-1912.171	-2101.957	189.7857	1.86312	1.133761
41724	-1906.766	-2096.67	189.9035	1.952901	0.9319226
41730	-1914.026	-2103.862	189.8362	1.951114	1.003415
41736	-1914.289	-2104.168	189.8793	1.917125	0.9943178
41742	-1924.767	-2114.663	189.8966	1.983938	0.9054853
41748	-1911.768	-2101.693	189.9251	2.021772	0.8269912
41754	-1919.497	-2109.404	189.9073	2.11073	0.7269446
41760	-1911.654	-2101.533	189.879	2.131852	0.7381626
41766	-1925.299	-2115.284	189.9853	1.967143	0.8198927
41772	-1908.183	-2098.046	189.8632	2.089266	0.8198927
41778	-1904.761	-2094.658	189.8966	2.117969	0.7323025
41784	-1916.704	-2106.507	189.8029	2.139388	0.8327085
41790	-1905.346	-2095.233	189.8878	2.01551	0.8796365
41796	-1902.174	-2092.047	189.8727	2.16341	0.6964137
41802	-1903.095	-2093.017	189.9221	2.166187	0.5716132
41808	-1905.483	-2095.286	189.8035	2.115033	0.8616995
41814	-1907.449	-2097.418	189.9693	1.976853	0.8278862
41820	-1906.686	-2096.771	190.0846	1.865723	0.8225609
41826	-1906.322	-2096.131	189.8089	1.857359	1.118092
41832	-1917.383	-2107.2	189.8168	1.719486	1.231306
41838	-1914.397	-2104.139	189.7417	1.777831	1.245338
41844	-1915.356	-2105.197	189.841	1.801105	1.13972
41850	-1918.202	-2107.602	189.4007	1.745369	1.537389
41856	-1919.778	-2109.157	189.3787	1.632247	1.63606
41862	-1919.647	-2108.919	189.2716	1.51031	1.797662
41868	-1920.924	-2110.469	189.5447	1.63201	1.514585
41874	-1912.033	-2101.465	189.4324	1.683593	1.559627
41880	-1916.794	-2105.892	189.098	1.537492	1.898033
41886	-1926.693	-2115.88	189.1869	1.490631	1.869434
41892	-1924.433	-2114.065	189.6322	1.712759	1.386181
41898	-1923.659	-2113.389	189.7299	1.640688	1.366081
41904	-1922.59	-2112.243	189.6537	1.699606	1.379667
41910	-1915.546	-2105.22	189.6736	1.670703	1.386732
41916	-1917.043	-2106.383	189.3405	1.75318	1.57599
41922	-1904.948	-2094.441	189.4925	1.698033	1.504272
41928	-1915.86	-2105.687	189.8271	1.801974	1.151298
41934	-1911.325	-2101.395	190.0698	1.776467	0.9428377
41940	-1906.113	-2096.076	189.9622	2.014628	0.7875281
41946	-1920.427	-2110.457	190.0301	1.929089	0.8111079
41952	-1909.453	-2099.449	189.9965	2.013037	0.7401701
41958	-1905.901	-2095.862	189.9618	1.837184	0.9917431
41964	-1907.22	-2097.052	189.8319	1.712207	1.224664
41970	-1923.94	-2113.893	189.9534	1.900338	0.9347959
41976	-1919.513	-2109.413	189.8999	1.901583	0.9892593
41982	-1923.421	-2113.18	189.7586	1.762628	1.243892
41988	-1909.219	-2098.936	189.7171	1.762775	1.278153
41994	-1913.438	-2103.222	189.7834	1.892905	1.108982
42000	-1910.801	-2100.557	189.756	1.947131	1.084316
42006	-1904.174	-2094.097	189.9236	1.931851	0.9330315
42012	-1903.291	-2093.113	189.822	2.037538	0.9286116
42018	-1902.96	-2092.825	189.865	1.911804	1.013867
42024	-1900.522	-2090.418	189.8953	1.946772	0.9472447
42030	-1901.03	-2090.902	189.8726	2.029723	0.8807224
42036	-1910.003	-2099.808	189.8047	2.054764	0.9286896
42042	-1912.226	-2102.099	189.8731	2.020156	0.8911788
42048	-1916.039	-2105.997	189.9583	1.934927	0.8911788
42054	-1902.083	-2091.962	189.879	1.816842	1.09102
42060	-1928.267	-2118.126	189.8588	2.040294	0.8844156
42066	-1924.916	-2114.885	189.9685	1.998485	0.8008277
42072	-1923.491	-2113.354	189.8629	2.234583	0.5094464
42078	-1914.358	-2104.255	189.8967	2.199647	0.5256965
42084	-1918.706	-2108.616	189.9096	2.0372	0.8269993
42090	-1912.477	-2102.314	189.8369	1.8774	1.073856
42096	-1907.465	-2097.288	189.8227	1.807181	1.150604
42102	-1910.287	-2100.013	189.7254	1.693115	1.327964
42108	-1922.33	-2112.129	189.7984	1.705893	1.257989
42114	-1920.566	-2110.198	189.6324	1.711623	1.386944
42120	-1916.032	-2105.734	189.7023	1.718237	1.326301
42126	-1907.772	-2097.53	189.7584	1.744907	1.258801
42132	-1914.683	-2104.534	189.8516	1.779154	1.149819
42138	-1926.344	-2116.142	189.7989	1.79011	1.186342
42144	-1919.547	-2109.331	189.7844	1.804544	1.186342
42150	-1944.239	-2134.332	190.0923	1.839686	0.8454835
42156	-1945.708	-2135.578	189.8698	1.932539	0.9884104
42162	-1921.782	-2111.485	189.7026	1.732513	1.314626
42168	-1922.845	-2112.544	189.6997	1.745806	1.306207
42174	-1920.148	-2109.966	189.8182	1.934907	1.03698
42180	-1927.557	-2117.445	189.8883	1.692467	1.193388
42186	-1937.782	-2127.728	189.9458	1.767671	1.074681
42192	-1914.497	-2103.696	189.1987	2.720743	0.2576834
42198	-1923.802	-2113	189.1987	2.720743	0.2576834
42204	-1932.956	-2122.81	189.8536	1.810752	1.11981
42210	-1915.579	-2105.22	189.641	1.763875	1.338896
42216	-1912.47	-2102.4	189.9305	1.791591	1.066577
42222	-1906.009	-2095.907	189.8982	1.728739	1.153188
42228	-1906.617	-2096.341	189.7237	1.814753	1.229464
42234	-1907.374	-2097.252	189.878	1.765931	1.138103
42240	-1908.557	-2098.47	189.9128	1.791319	1.083353
42246	-1917.576	-2107.542	189.9657	2.060706	0.7132032
42252	-1901.356	-2091.307	189.9518	2.054593	0.7450039
42258	-1905.028	-2095.016	189.9881	2.018262	0.7450039
42264	-1908.259	-2098.108	189.8485	2.218671	0.6336741
42270	-1912.736	-2102.615	189.8787	2.19161	0.6261246
42276	-1899.527	-2089.395	189.8675	2.128694	0.7602697
42282	-1902.219	-2092.138	189.9193	2.173271	0.5522257
42288	-1904.16	-2094.105	189.9451	1.966089	0.8704501
42294	-1916.029	-2105.992	189.9621	2.087681	0.6709354
42300	-1912.776	-2102.857	190.081	1.928957	0.7395771
42306	-1898.127	-2088.055	189.9283	2.058639	0.7735877
42312	-1916.372	-2106.376	190.0039	1.983022	0.7735877
42318	-1910.281	-2100.207	189.9259	1.813736	1.049906
42324	-1914.512	-2104.071	189.5594	1.671478	1.473888
42330	-1916.809	-2106.392	189.583	1.647931	1.473888
42336	-1924.762	-2114.29	189.5279	1.923464	1.301481
42342	-1916.409	-2106.243	189.8334	1.937533	1.019707
42348	-1916.082	-2105.992	189.9099	1.913335	0.9670066
42354	-1903.4	-2093.41	190.0101	1.760637	1.019845
42360	-1909.672	-2099.619	189.9464	1.718797	1.119005
42366	-1912.593	-2102.299	189.706	1.65209	1.375863
42372	-1911.75	-2101.674	189.9243	1.96438	0.8963259
42378	-1912.504	-2102.495	189.9918	2.023108	0.7318991
42384	-1921.941	-2111.593	189.6515	1.815543	1.288675
42390	-1924.014	-2114.011	189.9974	1.845346	0.9465819
42396	-1914.876	-2104.823	189.9478	2.053012	0.7533823
42402	-1920.998	-2110.011	189.0128	2.838596	0.2259509
42408	-1915.033	-2104.046	189.0128	2.838596	0.2259509
42414	-1930.073	-2120.011	189.9377	2.080615	0.7263804
42420	-1925.33	-2114.111	188.7811	2.954491	0.1856416
42426	-1930.159	-2118.975	188.8169	2.917655	0.1853341
42432	-1924.835	-2113.76	188.9256	2.896772	0.2145065
42438	-1909.782	-2098.774	188.9911	2.85333	0.2230735
42444	-1916.917	-2105.973	189.0558	2.81981	0.2363222
42450	-1930.349	-2120.024	189.6749	1.99453	1.115183
42456	-1934.865	-2124.839	189.9743	1.799647	1.016732
42462	-1933.836	-2123.181	189.3453	2.674429	0.3276671
42468	-1926.299	-2116.003	189.7043	2.368415	0.3964325
42474	-1902.513	-2092.498	189.9854	1.918478	0.8789624
42480	-1913.784	-2103.503	189.7185	2.357584	0.611229
42486	-1905.22	-2095.137	189.9169	2.149944	0.6345181
42492	-1910.164	-2099.945	189.7818	1.745954	1.238427
42498	-1908.353	-2098.228	189.8746	1.694702	1.203234
42504	-1907.999	-2097.617	189.6181	1.754999	1.364104
42510	-1919.653	-2109.598	189.9457	1.706748	1.130536
42516	-1922.454	-2112.257	189.8034	1.70703	1.252953
42522	-1914.458	-2104.297	189.8392	1.841543	1.10487
42528	-1923.72	-2113.68	189.9601	1.960913	0.8588004
42534	-1919.795	-2109.759	189.9634	1.955113	0.8617396
42540	-1934.876	-2124.788	189.9125	2.085579	0.7575231
42546	-1932.396	-2122.271	189.8758	2.123235	0.7561069
42552	-1931.551	-2119.879	188.3279	1.347834	2.519579
42558	-1921.632	-2110.688	189.0555	1.422864	2.00372
42564	-1909.67	-2098.844	189.1739	1.585902	1.81299
42570	-1920.716	-2110.118	189.4021	1.594724	1.646219
42576	-1911.811	-2101.205	189.3944	1.426465	1.770625
42582	-1916.03	-2105.104	189.0739	1.422967	1.991348
42588	-1920.58	-2109.865	189.2856	1.584957	1.735864
42594	-1907.649	-2097.609	189.9598	2.082276	0.6856749
42600	-1906.588	-2096.413	189.8247	2.270772	0.4681202
42606	-1897.681	-2087.506	189.8247	2.270772	0.4681202
42612	-1903.426	-2093.044	189.6182	2.461502	0.4112663
42618	-1905.588	-2095.229	189.6416	2.436759	0.4081875
42624	-1913.461	-2103.109	189.6481	2.436759	0.4242288
42630	-1937.081	-2126.479	189.398	1.724258	1.554965
42636	-1926.706	-2116.347	189.641	1.71219	1.379784
42642	-1914.033	-2103.262	189.229	1.531327	1.812581
42648	-1914.246	-2103.569	189.3229	1.437456	1.812581
42654	-1914.169	-2103.207	189.0375	1.415602	2.020546
42660	-1911.155	-2100.628	189.4735	2.596492	0.3915444
42666	-1917.418	-2106.964	189.5463	2.499927	0.3563292
42672	-1924.337	-2112.571	188.2331	1.344248	2.580733
42678	-1925.624	-2114.308	188.6847	1.315497	2.315022
42684	-1905.633	-2095.224	189.5905	2.463452	0.3664346
42690	-1910.42	-2099.888	189.4685	2.578774	0.3576723
42696	-1909.855	-2099.361	189.5061	2.537826	0.3535649
42702	-1914.766	-2104.315	189.5486	2.537826	0.4287072
42708	-1907.763	-2097.334	189.5709	2.4988	0.3909295
42714	-1911.63	-2100.91	189.2808	2.697918	0.2940835
42720	-1918.48	-2107.483	189.0032	2.889119	0.2440769
42726	-1909.147	-2098.235	189.0877	2.820878	0.2520814
42732	-1916.125	-2105.278	189.1523	2.730799	0.2397248
42738	-1922.242	-2111.846	189.6041	2.487558	0.4472556
42744	-1915.883	-2105.24	189.3569	2.612919	0.2879044
42750	-1923.736	-2113.224	189.4885	2.532816	0.3292107
42756	-1902.589	-2092.161	189.5725	2.483269	0.368899
42762	-1899.034	-2088.611	189.5767	2.486701	0.3802534
42768	-1911.486	-2100.976	189.4902	2.53001	0.3281728
42774	-1921.199	-2110.833	189.6337	2.451135	0.4242019
42780	-1908.848	-2098.614	189.7661	2.326241	0.4503934
42786	-1905.491	-2095.171	189.68	2.41044	0.4424794
42792	-1916.141	-2105.864	189.7229	1.89588	1.160403
42798	-1898.49	-2088.374	189.8842	1.908228	0.998311
42804	-1912.776	-2102.599	189.8231	1.969397	0.998311
42810	-1908.365	-2097.829	189.4646	1.752975	1.483953
42816	-1908.291	-2097.994	189.7033	1.690869	1.347405
42822	-1905.832	-2095.6	189.7685	1.65768	1.321824
42828	-1916.996	-2106.741	189.7443	1.706922	1.301555
42834	-1899.87	-2089.702	189.832	1.672006	1.25821
42840	-1904.349	-2093.986	189.6366	1.541806	1.513332
42846	-1901.865	-2091.492	189.6275	1.603752	1.473602
42852	-1909.047	-2098.674	189.627	1.620267	1.461458
42858	-1917.995	-2107.633	189.6383	1.557002	1.500715
42864	-1922.448	-2111.96	189.5126	1.630819	1.539372
42870	-1918.949	-2108.926	189.9776	1.702394	1.105556
42876	-1917.128	-2106.829	189.701	1.691092	1.349022
42882	-1909.876	-2099.547	189.6711	1.615256	1.431629
42888	-1913.928	-2103.714	189.7856	1.829911	1.163261
42894	-1911.906	-2101.827	189.9209	2.128972	0.6707933
42900	-1919.1	-2108.985	189.8843	1.834232	1.06992
42906	-1905.352	-2095.246	189.8934	1.853826	1.042639
42912	-1904.53	-2094.491	189.9615	2.089233	0.6690756
42918	-1904.051	-2093.978	189.9263	2.071868	0.7572857
42924	-1909.281	-2098.892	189.611	1.57358	1.50873
42930	-1910.378	-2099.579	189.2013	1.442186	1.892649
42936	-1900.696	-2089.955	189.2595	1.497019	1.815259
42942	-1906.442	-2095.816	189.3746	1.472811	1.752093
42948	-1913.499	-2103.201	189.7021	1.536324	1.468206
42954	-1912.296	-2101.876	189.58	1.748747	1.398846
42960	-1921.228	-2111.095	189.8666	1.914006	1.010166
42966	-1922.832	-2112.694	189.8618	1.998389	0.9279075
42972	-1912.484	-2102.141	189.6565	1.646219	1.418978
42978	-1927.918	-2117.317	189.3983	1.631102	1.622759
42984	-1916.328	-2105.919	189.5909	1.76373	1.378639
42990	-1918.374	-2107.883	189.5091	1.689889	1.497913
42996	-1922.111	-2111.394	189.2833	1.844298	1.551029
43002	-1913.576	-2103.215	189.6383	1.791387	1.318991
43008	-1915.158	-2104.984	189.8261	1.705059	1.235558
43014	-1913.54	-2103.267	189.7269	1.623684	1.381819
43020	-1909.362	-2098.651	189.2896	1.520771	1.777932
43026	-1921.49	-2110.448	188.9587	1.387266	2.091308
43032	-1921.07	-2110.434	189.3641	1.432659	1.787373
43038	-1922.297	-2111.437	189.1399	1.432659	1.94064
43044	-1928.214	-2116.911	188.6965	1.390551	2.25939
43050	-1924.442	-2114.254	189.8113	1.730096	1.227004
43056	-1919.27	-2108.996	189.7257	1.815693	1.227004
43062	-1925.952	-2114.597	188.6451	1.47161	2.240368
43068	-1925.818	-2114.961	189.1437	1.515267	1.882118
43074	-1913.961	-2103.943	189.9814	1.991544	0.7929369
43080	-1914.082	-2103.979	189.8969	2.101155	0.7575048
43086	-1904.158	-2094.1	189.9419	2.101155	0.683918
43092	-1904.83	-2094.771	189.9411	2.119453	0.6488506
43098	-1904.331	-2094.229	189.8982	2.129939	0.7103392
43104	-1907.961	-2097.861	189.8997	2.070428	0.7967069
43110	-1905.023	-2095.01	189.9877	2.065428	0.6643872
43116	-1907.842	-2097.761	189.9189	2.12591	0.6805623
43122	-1898.289	-2088.203	189.9137	2.131102	0.6805623
43128	-1908.559	-2098.413	189.8538	2.163092	0.7286238
43134	-1907.1	-2096.953	189.8538	2.163092	0.7286238
43140	-1902.897	-2092.806	189.909	2.017901	0.8517117
43146	-1904.997	-2094.886	189.8894	2.102367	0.7666955
43152	-1903.352	-2093.236	189.8836	2.108079	0.7666955
43158	-1904.575	-2094.446	189.8711	2.120628	0.7666955
43164	-1899.922	-2089.771	189.8492	2.108152	0.8135116
43170	-1907.196	-2097.095	189.8986	1.904773	0.9873532
43176	-1904.273	-2094.054	189.7812	1.810255	1.184179
43182	-1914.199	-2103.992	189.7931	1.927795	1.067723
43188	-1922.037	-2111.841	189.8034	2.115503	0.8612268
43194	-1915.31	-2105.161	189.8505	2.144901	0.7613878
43200	-1921.604	-2111.458	189.8545	2.191783	0.677881
43206	-1909.611	-2099.405	189.7936	2.188433	0.7804115
43212	-1905.744	-2095.482	189.7382	2.337731	0.611533
43218	-1909.436	-2099.221	189.785	2.301877	0.5769355
43224	-1914.18	-2103.906	189.7258	2.263024	0.7708396
43230	-1906.055	-2095.99	189.9353	2.041209	0.7880755
43236	-1912.004	-2101.928	189.9244	2.031699	0.8151653
43242	-1919.791	-2109.746	189.9547	2.093028	0.674949
43248	-1920.296	-2110.062	189.7657	2.321143	0.5769795
43254	-1914.086	-2104.03	189.9435	2.096375	0.6897496
43260	-1922.803	-2112.688	189.8855	2.190204	0.6122037
43266	-1914.251	-2104	189.7493	2.347565	0.4809783
43272	-1920.446	-2110.03	189.5846	2.498797	0.4203685
43278	-1922.806	-2112.502	189.6966	2.378095	0.4004732
43284	-1915.468	-2105.188	189.7193	2.378095	0.4900715
43290	-1917.069	-2106.869	189.8002	2.297456	0.5003341
43296	-1910.05	-2099.81	189.76	2.335513	0.5336125
43302	-1914.006	-2103.744	189.7376	2.357382	0.5374563
43308	-1916.481	-2106.354	189.8733	2.211705	0.5838656
43314	-1910.405	-2100.211	189.8056	1.744735	1.219366
43320	-1913.807	-2103.749	189.9425	2.090451	0.702031
43326	-1908.687	-2098.563	189.8751	2.171357	0.6775035
43332	-1909.878	-2099.702	189.8235	2.255959	0.6014227
43338	-1912.607	-2102.379	189.7724	2.325191	0.5057834
43344	-1901.074	-2091.054	189.9797	2.032641	0.735843
43350	-1896.888	-2086.809	189.9203	2.142556	0.6436792
43356	-1903.024	-2092.915	189.8908	2.163757	0.661533
43362	-1906.085	-2096.067	189.9821	2.072557	0.6612248
43368	-1912.037	-2101.961	189.9236	2.136033	0.6508552
43374	-1906.333	-2096.246	189.9129	2.103422	0.7296767
43380	-1908.128	-2098.032	189.9034	2.041333	0.8296892
43386	-1915.904	-2105.79	189.8857	2.024663	0.8713782
43392	-1910.873	-2100.756	189.8823	2.070381	0.8195761
43398	-1916.783	-2106.626	189.8429	2.163964	0.7442946
43404	-1912.333	-2102.197	189.8633	2.219703	0.5904663
43410	-1908.648	-2098.575	189.9265	2.12924	0.6590616
43416	-1910.303	-2100.214	189.9107	2.139949	0.6692961
43422	-1905.755	-2095.54	189.7849	2.109576	0.8896982
43428	-1916.463	-2106.356	189.8928	2.178568	0.6235133
43434	-1907.073	-2096.896	189.8229	2.255905	0.6033201
43440	-1908.082	-2097.92	189.8385	2.109286	0.8257645
43446	-1914.693	-2104.57	189.8768	2.112227	0.7705648
43452	-1907.052	-2097.016	189.9642	1.871222	0.9543319
43458	-1910.904	-2100.881	189.9776	1.889974	0.9197823
43464	-1913.708	-2103.724	190.0153	1.905377	0.8591653
43470	-1906.905	-2096.863	189.9579	1.962097	0.8599873
43476	-1911.027	-2100.961	189.9335	2.009757	0.8315162
43482	-1909.833	-2099.774	189.9404	2.057879	0.7571911
43488	-1909.144	-2098.858	189.7135	1.783279	1.264257
43494	-1905.256	-2094.953	189.6971	1.692949	1.350691
43500	-1912.932	-2102.904	189.9724	1.788859	1.029098
43506	-1915.661	-2105.366	189.7051	1.932749	1.143483
43512	-1910.912	-2100.982	190.07	1.777894	0.9410345
43518	-1906.465	-2096.436	189.9716	1.8763	0.9410345
43524	-1908.875	-2098.939	190.0635	1.887674	0.821485
43530	-1910.87	-2100.912	190.0418	1.884327	0.8525434
43536	-1906.815	-2096.855	190.0396	1.966201	0.7458533
43542	-1913.72	-2103.631	189.9116	2.030715	0.8327231
43548	-1914.18	-2104.029	189.8483	2.247639	0.4714126
43554	-1908.917	-2098.783	189.866	2.231612	0.5049648
43560	-1912.541	-2102.438	189.8974	2.172073	0.6281412
43566	-1910.931	-2100.787	189.8557	2.234909	0.561644
43572	-1915.588	-2105.539	189.9513	2.141318	0.5518908
43578	-1909.643	-2099.561	189.9179	2.083983	0.7518508
43584	-1903.922	-2093.817	189.8952	2.144413	0.6902129
43590	-1903.6	-2093.368	189.7683	2.326274	0.5404238
43596	-1917.748	-2107.789	190.0412	2.046614	0.5735751
43602	-1914.025	-2104.05	190.0251	1.898492	0.8555963
43608	-1908.498	-2098.433	189.9351	2.021872	0.8140424
43614	-1900.726	-2090.73	190.0043	1.971176	0.7894393
43620	-1901.012	-2090.992	189.9807	1.994798	0.7894393
43626	-1907.597	-2097.489	189.8924	2.114901	0.7436632
43632	-1910.784	-2100.876	190.0921	1.96831	0.6490931
43638	-1908.107	-2098.06	189.9535	2.033436	0.7735105
43644	-1911.79	-2101.785	189.9952	1.881685	0.909512
43650	-1902.497	-2092.389	189.891	1.984703	0.9108335
43656	-1911.397	-2101.294	189.8968	1.94777	0.9446492
43662	-1916.973	-2106.896	189.9227	1.886898	0.9810206
43668	-1906.681	-2096.574	189.893	1.870928	1.026559
43674	-1914.82	-2104.809	189.9886	1.792157	1.009996
43680	-1912.639	-2102.412	189.7733	1.971687	1.044814
43686	-1912.397	-2102.294	189.897	2.117865	0.73186
43692	-1922.787	-2112.719	189.9324	2.118354	0.6691178
43698	-1922.667	-2112.626	189.9594	2.033584	0.7648421
43704	-1913.739	-2103.723	189.9838	2.069611	0.6637275
43710	-1916.493	-2106.448	189.9542	2.088668	0.6841959
43716	-1910.122	-2099.984	189.8622	2.100811	0.8061288
43722	-1917.461	-2107.355	189.8945	2.086896	0.7813463
43728	-1913.586	-2103.468	189.8828	1.998649	0.9044585
43734	-1919.463	-2109.396	189.9322	1.919339	0.9372197
43740	-1906.537	-2096.32	189.7827	1.838905	1.157852
43746	-1920.484	-2110.387	189.903	1.838905	1.047792
43752	-1915.911	-2105.673	189.7624	1.809941	1.200636
43758	-1924.188	-2113.926	189.7381	1.809941	1.221391
43764	-1914.714	-2104.064	189.3503	1.722813	1.59103
43770	-1917.101	-2106.118	189.0168	1.55465	1.94133
43776	-1922.687	-2111.987	189.2997	1.556008	1.746313
43782	-1913.186	-2101.825	188.6398	1.495127	2.228645
43788	-1916.303	-2105.315	189.0126	1.274052	2.130174
43794	-1905.198	-2094.248	189.0503	1.383702	2.033216
43800	-1929.456	-2119.125	189.6682	1.651573	1.405833
43806	-1929.201	-2118.832	189.6311	1.688692	1.405833
43812	-1907.469	-2097.386	189.9175	1.650722	1.204193
43818	-1915.137	-2105.069	189.9323	1.906384	0.9508846
43824	-1911.766	-2101.698	189.9323	1.906384	0.9508846
43830	-1916.181	-2106.059	189.8778	1.865365	1.046528
43836	-1900.332	-2090.241	189.9087	1.941337	0.9387419
43842	-1910.023	-2099.984	189.9613	2.035903	0.7587678
43848	-1911.32	-2101.024	189.7044	1.939266	1.138389
43854	-1909.658	-2099.619	189.9615	2.076228	0.6935942
43860	-1900.768	-2090.744	189.976	2.009268	0.7758606
43866	-1907.737	-2097.637	189.8995	1.938629	0.9514501
43872	-1904.664	-2094.434	189.7702	2.071701	0.9474475
43878	-1908.067	-2098.042	189.9753	1.868559	0.9453445
43884	-1908.046	-2097.867	189.8213	1.894591	1.072435
43890	-1905.422	-2095.303	189.8814	1.834464	1.072435
43896	-1917.425	-2107.06	189.6346	1.728727	1.371747
43902	-1919.622	-2109.354	189.7325	1.609125	1.388832
43908	-1917.54	-2107.209	189.6694	1.806787	1.28119
43914	-1917.661	-2106.914	189.2528	1.450015	1.852186
43920	-1911.21	-2100.521	189.3116	1.556625	1.737482
43926	-1924.733	-2113.862	189.1288	1.427593	1.9515
43932	-1921.409	-2111.159	189.7498	1.703292	1.300053
43938	-1906.636	-2096.612	189.9767	1.616652	1.182555
43944	-1916.922	-2106.624	189.7027	1.659241	1.372858
43950	-1921.015	-2110.608	189.5926	1.764845	1.376399
43956	-1915.372	-2105.168	189.7964	1.72588	1.243023
43962	-1920.475	-2109.652	189.1769	1.708486	1.725416
43968	-1903.888	-2093.706	189.8182	1.801634	1.159451
43974	-1906.719	-2096.687	189.9683	1.750119	1.070021
43980	-1913.675	-2103.402	189.727	1.991375	1.070021
43986	-1910.556	-2100.407	189.8509	1.936328	1.003564
43992	-1915.88	-2105.841	189.9615	2.100945	0.6446316
43998	-1908.297	-2098.124	189.8265	2.260203	0.5774506
44004	-1908.32	-2098.064	189.7442	2.351816	0.5286822
44010	-1916.796	-2106.683	189.8867	2.202656	0.5670207
44016	-1932.05	-2121.84	189.7897	2.085898	0.9109582
44022	-1913.805	-2103.714	189.9095	2.035391	0.8293962
44028	-1906.14	-2096.046	189.9056	1.967213	0.9140229
44034	-1906.45	-2096.421	189.9718	1.82128	0.9977386
44040	-1917.087	-2107.017	189.9302	1.916148	0.9427091
44046	-1912.973	-2102.877	189.9039	1.836213	1.049507
44052	-1909.073	-2098.736	189.6631	1.80579	1.287186
44058	-1910.658	-2100.365	189.7073	1.779244	1.272665
44064	-1912.16	-2102.052	189.8924	2.047564	0.8356699
44070	-1920.924	-2110.409	189.4852	1.58715	1.591609
44076	-1915.161	-2104.619	189.4584	1.602707	1.599751
44082	-1930.67	-2120.381	189.7107	1.951123	1.122043
44088	-1927.15	-2116.679	189.5292	1.788397	1.40751
44094	-1917.478	-2107.211	189.7323	1.845226	1.196243
44100	-1927.958	-2117.428	189.4702	1.675038	1.538046
44106	-1923.428	-2113.096	189.6682	1.660916	1.398525
44112	-1923.979	-2113.265	189.2853	1.440609	1.836308
44118	-1918.459	-2107.255	188.7958	1.408973	2.183482
44124	-1921.324	-2110.498	189.1744	1.529883	1.851137
44130	-1918.906	-2108.783	189.8768	1.981164	0.9303185
44136	-1912.623	-2102.634	190.0112	1.941155	0.819955
44142	-1914.17	-2104.093	189.923	2.104719	0.7109558
44148	-1904.091	-2093.941	189.8499	2.177851	0.7109558
44154	-1911.336	-2101.102	189.766	2.058172	0.9660504
44160	-1915.838	-2105.585	189.7468	1.66573	1.332756
44166	-1927.277	-2117.124	189.8478	1.854258	1.085301
44172	-1932.735	-2122.697	189.9613	1.960748	0.8574852
44178	-1919.992	-2109.934	189.9422	2.144279	0.5783421
44184	-1915.02	-2104.837	189.8174	2.278976	0.5257762
44190	-1910.122	-2099.885	189.7624	2.334654	0.5166927
44196	-1906.968	-2096.768	189.7998	2.297388	0.5143873
44202	-1903.956	-2093.456	189.5006	2.586801	0.4318983
44208	-1902.372	-2092.151	189.7792	2.309638	0.5691916
44214	-1915.061	-2104.887	189.8263	2.20852	0.6987822
44220	-1906.109	-2096.039	189.9298	2.083286	0.7347434
44226	-1906.36	-2096.298	189.938	2.007631	0.8284973
44232	-1912.67	-2102.511	189.8411	1.991552	0.9572077
44238	-1906.504	-2096.364	189.86	1.772031	1.148715
44244	-1918.149	-2107.954	189.8055	1.875299	1.104882
44250	-1915.31	-2105.397	190.0871	1.796746	0.9017658
44256	-1911.693	-2101.623	189.9298	1.712049	1.14001
44262	-1901.133	-2090.998	189.8649	1.697494	1.209143
44268	-1903.711	-2093.452	189.741	1.82084	1.20966
44274	-1901.474	-2091.412	189.9378	1.880965	0.9716026
44280	-1905.767	-2095.735	189.9684	1.711593	1.105612
44286	-1913.581	-2103.447	189.8668	1.773282	1.141527
44292	-1914.148	-2103.857	189.709	1.931092	1.141527
44298	-1915.608	-2105.359	189.7513	1.774891	1.239749
44304	-1914.879	-2104.687	189.8083	1.705118	1.250435
44310	-1909.365	-2097.981	188.616	1.414295	2.295799
44316	-1916.81	-2105.695	188.8844	1.475701	2.082019
44322	-1915.842	-2105.684	189.8416	1.799344	1.140789
44328	-1927.716	-2117.379	189.6638	1.80986	1.283228
44334	-1914.788	-2103.745	188.9566	1.550182	1.984731
44340	-1918.327	-2108.21	189.8835	2.034464	0.8624231
44346	-1914.213	-2104.05	189.837	1.976155	0.9774087
44352	-1912.634	-2102.525	189.8908	1.706809	1.178881
44358	-1915.12	-2104.876	189.7568	1.840811	1.178881
44364	-1934.476	-2123.479	189.0023	1.849563	1.748989
44370	-1931.677	-2121.266	189.5891	1.888731	1.279808
44376	-1916.178	-2105.801	189.6233	1.587237	1.489265
44382	-1921.442	-2111.155	189.7131	1.780839	1.266561
44388	-1920.484	-2110.108	189.624	1.717354	1.388973
44394	-1920.115	-2109.971	189.8562	1.633759	1.269837
44400	-1923.747	-2113.352	189.6054	1.614775	1.481973
44406	-1918.209	-2107.972	189.7633	1.902835	1.118133
44412	-1924.592	-2114.531	189.9382	1.904229	0.9468908
44418	-1928.496	-2118.535	190.0389	1.876278	0.865687
44424	-1900.807	-2090.783	189.9762	1.801126	1.013394
44430	-1900.652	-2090.582	189.9296	1.914213	0.9454668
44436	-1897.65	-2087.588	189.9385	1.784184	1.065974
44442	-1901.441	-2091.433	189.992	1.79553	1.003242
44448	-1909.719	-2099.712	189.9933	1.755129	1.04156
44454	-1903.636	-2093.459	189.8222	1.871261	1.093195
44460	-1912.132	-2102.003	189.8709	1.689804	1.210616
44466	-1920.839	-2110.394	189.5556	1.52853	1.583015
44472	-1915.528	-2105.005	189.4772	1.526996	1.640918
44478	-1912.656	-2102.154	189.4986	1.505654	1.640918
44484	-1909.825	-2099.673	189.848	1.696228	1.22461
44490	-1909.135	-2098.95	189.8151	1.995926	0.9795682
44496	-1919.728	-2109.422	189.6946	1.698968	1.347883
44502	-1911.153	-2100.939	189.786	1.746164	1.234774
44508	-1916.056	-2105.895	189.8385	1.843828	1.103434
44514	-1910.401	-2100.141	189.7398	1.746409	1.272959
44520	-1918.482	-2108.4	189.9183	1.667373	1.189194
44526	-1920.549	-2110.238	189.6888	1.581169	1.444167
44532	-1920.687	-2110.528	189.8412	1.736022	1.196462
44538	-1916.584	-2106.33	189.7466	1.722971	1.286588
44544	-1923.998	-2113.368	189.3701	1.52243	1.720406
44550	-1931.712	-2121.634	189.9217	1.794905	1.071693
44556	-1921.332	-2111.271	189.9392	1.881208	0.9698677
44562	-1921.88	-2111.818	189.9383	1.84913	1.00336
44568	-1914.235	-2104.137	189.9017	1.76762	1.115245
44574	-1912.769	-2102.529	189.7601	1.656742	1.329285
44580	-1923.391	-2112.852	189.4609	1.733592	1.501285
44586	-1916.921	-2106.737	189.8157	1.940512	1.033967
44592	-1911.078	-2100.952	189.8746	1.602251	1.280673
44598	-1904.825	-2094.609	189.7843	1.589336	1.36366
44604	-1914.692	-2104.702	190.01	2.033407	0.6832262
44610	-1903.643	-2093.531	189.8877	2.177203	0.6389567
44616	-1914.334	-2104.147	189.8133	2.23259	0.6785144
44622	-1910.637	-2100.641	190.0043	2.036031	0.6888314
44628	-1902.501	-2092.293	189.7913	2.185749	0.7872539
44634	-1909.845	-2099.756	189.9103	2.104792	0.7314894
44640	-1910.64	-2100.434	189.7939	2.235449	0.7081342
44646	-1915.816	-2105.695	189.879	2.195302	0.615866
44652	-1917.823	-2107.702	189.8788	2.098234	0.7873619
44658	-1918.355	-2108.174	189.8188	1.942898	1.028725
44664	-1910.246	-2100.194	189.9479	1.971508	0.8606863
44670	-1908.378	-2098.283	189.9052	2.107765	0.7348589
44676	-1906.553	-2096.502	189.9491	2.061814	0.7380434
44682	-1901.403	-2091.344	189.9406	2.061814	0.7510614
44688	-1911.047	-2100.784	189.7371	1.869167	1.171303
44694	-1906.369	-2096.248	189.8789	2.058436	0.8388855
44700	-1911.74	-2101.572	189.8317	1.901799	1.055769
44706	-1916.763	-2106.64	189.8773	1.823896	1.086108
44712	-1917.375	-2107.206	189.8309	1.651024	1.276489
44718	-1918.605	-2108.455	189.8507	1.631237	1.276489
44724	-1914.329	-2103.852	189.5236	1.770312	1.42582
44730	-1913.906	-2103.452	189.5461	1.747823	1.42582
44736	-1914.982	-2104.75	189.7674	1.678461	1.305938
44742	-1923.353	-2112.717	189.364	1.694877	1.601368
44748	-1916.986	-2106.523	189.537	1.557798	1.575166
44754	-1923.718	-2113.361	189.6425	1.534322	1.514567
44760	-1909.261	-2098.908	189.6474	1.663779	1.412489
44766	-1917.186	-2107.076	189.8902	1.689095	1.194724
44772	-1912.637	-2102.072	189.4354	1.483607	1.701683
44778	-1919.178	-2108.802	189.6235	1.520082	1.539225
44784	-1920.142	-2110.161	190.019	1.896701	0.86507
44790	-1912.004	-2102.066	190.062	1.934538	0.7596789
44796	-1902.611	-2092.624	190.0132	1.974762	0.7721329
44802	-1905.243	-2095.197	189.9537	1.898187	0.936812
44808	-1910.967	-2100.941	189.9738	1.878059	0.936812
44814	-1922.548	-2112.6	190.052	1.918821	0.7957043
44820	-1929.178	-2119.182	190.004	1.855782	0.9282577
44826	-1917.507	-2107.413	189.906	1.907708	0.9767813
44832	-1926.808	-2116.764	189.9556	1.845703	0.9893891
44838	-1925.209	-2115.156	189.9475	1.759409	1.080734
44844	-1928.86	-2118.64	189.7799	1.972023	1.038167
44850	-1909.814	-2099.824	190.0101	1.988021	0.7574582
44856	-1910.592	-2100.686	190.0936	1.792448	0.8992458
44862	-1912.682	-2102.662	189.9793	1.817722	0.9937817
44868	-1917.446	-2107.305	189.8598	1.842514	1.085082
44874	-1913.369	-2103.307	189.9376	1.779867	1.070896
44880	-1919.95	-2109.965	190.0154	1.806867	0.9679816
44886	-1905.135	-2095.028	189.8928	1.781519	1.110743
44892	-1911.161	-2100.835	189.6735	1.822735	1.264719
44898	-1918.335	-2108.213	189.8789	2.00234	0.9046863
44904	-1915.949	-2105.922	189.9735	2.055395	0.709052
44910	-1919.112	-2109.016	189.9043	2.1224	0.7126293
44916	-1917.411	-2107.41	189.9996	2.059974	0.6510035
44922	-1924.34	-2114.207	189.8677	2.089817	0.8132549
44928	-1913.434	-2103.527	190.0929	1.926498	0.7247318
44934	-1911.584	-2101.407	189.8229	1.721952	1.224049
44940	-1905.59	-2095.383	189.7932	1.701918	1.265592
44946	-1908.034	-2097.944	189.9097	1.839968	1.040372
44952	-1916.872	-2106.646	189.7738	1.852216	1.15397
44958	-1911.71	-2101.618	189.9073	1.87553	1.007946
44964	-1906.745	-2096.599	189.8532	1.709688	1.208706
44970	-1908.385	-2098.331	189.9464	1.793005	1.050158
44976	-1914.209	-2104.025	189.8155	1.785401	1.176004
44982	-1903.95	-2093.938	189.9883	1.926334	0.8663873
44988	-1908.93	-2098.907	189.9767	1.997749	0.7908405
44994	-1903.124	-2093.054	189.9304	2.044	0.7908405
45000	-1901.089	-2091.075	189.9855	2.004372	0.7693799
45006	-1907.186	-2097.102	189.9161	2.133514	0.6712726
45012	-1907.734	-2097.758	190.0247	1.899189	0.8553251
45018	-1898.981	-2088.932	189.9514	1.935971	0.8978065
45024	-1898.416	-2088.324	189.9075	1.915196	0.9675504
45030	-1909.259	-2099.229	189.9695	1.70747	1.108344
45036	-1905.261	-2094.92	189.6597	1.679151	1.390975
45042	-1904.164	-2093.928	189.7642	2.333259	0.5084917
45048	-1915.225	-2105.108	189.8828	2.210179	0.5499002
45054	-1916.876	-2106.767	189.8912	2.201212	0.5528672
45060	-1917.9	-2107.817	189.9167	2.172226	0.5690886
45066	-1917.764	-2107.56	189.7953	2.290359	0.5813605
45072	-1923.407	-2113.089	189.6815	1.738264	1.326976
45078	-1932.786	-2122.401	189.6145	1.805189	1.326976
45084	-1906.49	-2095.895	189.4045	1.457921	1.741562
45090	-1910.768	-2100.365	189.5974	1.746239	1.38721
45096	-1913.933	-2103.711	189.778	1.824974	1.174234
45102	-1921.147	-2111.143	189.9954	1.905836	0.8819423
45108	-1916.348	-2106.18	189.8327	2.037994	0.9164299
45114	-1925.986	-2115.729	189.7433	2.300543	0.6824765
45120	-1910.637	-2100.625	189.9881	1.893124	0.9047325
45126	-1909.594	-2099.561	189.9671	2.069034	0.6964192
45132	-1915.255	-2105.154	189.8993	2.115511	0.7320129
45138	-1912.203	-2102.056	189.8528	2.212553	0.638013
45144	-1905.374	-2095.122	189.7485	2.345584	0.4591378
45150	-1904.7	-2094.439	189.7384	2.340569	0.4095993
45156	-1900.677	-2090.43	189.7526	2.326449	0.4095993
45162	-1922.973	-2112.914	189.9409	1.929281	0.91698
45168	-1918.524	-2108.384	189.8598	2.010336	0.91698
45174	-1917.236	-2107.224	189.9882	1.953231	0.8338053
45180	-1914.655	-2104.523	189.8682	1.964448	0.9571768
45186	-1930.864	-2120.668	189.8036	2.029101	0.9571768
45192	-1915.146	-2104.922	189.7755	2.321847	0.4877073
45198	-1906.68	-2096.459	189.7787	2.307773	0.4289726
45204	-1909.073	-2098.691	189.6183	2.431466	0.3607698
45210	-1918.828	-2108.428	189.5999	2.483848	0.42118
45216	-1910.888	-2100.622	189.7337	2.360545	0.4598073
45222	-1914.296	-2104.067	189.7711	2.320606	0.4474688
45228	-1920.579	-2110.231	189.6521	2.438293	0.4422231
45234	-1921.557	-2111.12	189.5629	2.506128	0.3898143
45240	-1921.695	-2111.258	189.5629	2.506128	0.3898143
45246	-1931.91	-2121.217	189.3068	2.697846	0.3141797
45252	-1926.983	-2116.305	189.3221	2.689473	0.3202132
45258	-1930.462	-2119.862	189.3998	2.611838	0.3202132
45264	-1935.804	-2125.244	189.4408	2.621427	0.3783998
45270	-1932.195	-2121.635	189.4392	2.602987	0.3514969
45276	-1927.275	-2116.853	189.5775	2.495498	0.3971513
45282	-1913.175	-2102.905	189.7301	2.365649	0.4698088
45288	-1909.116	-2098.919	189.8028	2.290869	0.4570079
45294	-1914.533	-2104.329	189.7958	2.288002	0.5876876
45300	-1923.578	-2113.065	189.4875	1.661694	1.535064
45306	-1924.607	-2114.15	189.5425	1.600298	1.539834
45312	-1919.104	-2108.812	189.7072	2.389274	0.4760909
45318	-1923.238	-2113.051	189.8133	2.276006	0.5674816
45324	-1922.463	-2112.301	189.8376	2.260038	0.4998617
45330	-1912.025	-2101.8	189.775	2.322608	0.5031996
45336	-1904.994	-2094.605	189.6103	2.473087	0.420193
45342	-1902.691	-2092.583	189.8916	2.205347	0.4818364
45348	-1907.761	-2097.56	189.7985	2.276607	0.6139017
45354	-1907.545	-2097.374	189.8288	2.246824	0.6124559
45360	-1916.025	-2105.919	189.8942	2.182144	0.6104903
45366	-1908.494	-2098.329	189.8353	2.189463	0.7159309
45372	-1902.226	-2092.14	189.9146	1.904758	0.9710229
45378	-1908.611	-2098.502	189.8904	1.867579	1.032294
45384	-1911.752	-2101.614	189.8617	1.896253	1.032294
45390	-1911.717	-2101.566	189.8496	1.811595	1.122667
45396	-1904.308	-2094.177	189.8688	1.792399	1.122667
45402	-1908.795	-2098.773	189.9778	2.036363	0.7329806
45408	-1913.892	-2103.706	189.8141	2.213688	0.7108731
45414	-1912.806	-2102.558	189.7521	2.334907	0.5765446
45420	-1916.492	-2106.345	189.8527	2.244912	0.5048289
45426	-1913.596	-2103.298	189.7026	2.393629	0.5271824
45432	-1907.801	-2097.712	189.9115	2.061626	0.792651
45438	-1908.981	-2098.949	189.9675	2.056611	0.7170009
45444	-1901.334	-2091.282	189.9475	2.123266	0.6250519
45450	-1904.705	-2094.566	189.8605	2.198291	0.6525497
45456	-1910.333	-2100.241	189.9079	2.183207	0.5595451
45462	-1913.026	-2103.009	189.9824	2.005362	0.772311
45468	-1915.641	-2105.375	189.7337	1.861658	1.180814
45474	-1911.335	-2101.142	189.8066	2.033585	0.9492707
45480	-1916.057	-2105.98	189.9229	2.040873	0.8051829
45486	-1913.395	-2103.197	189.802	2.056132	0.9300428
45492	-1916.095	-2105.83	189.7353	2.10462	0.9495632
45498	-1918.966	-2108.869	189.9034	2.052167	0.8158491
45504	-1916.516	-2106.529	190.0132	1.790481	0.9870255
45510	-1905.282	-2095.183	189.9011	1.985759	0.8983907
45516	-1912.234	-2102.176	189.9419	1.76193	1.08361
45522	-1905.759	-2095.736	189.9764	1.908363	0.9007799
45528	-1909.599	-2099.42	189.8216	1.981291	0.9878666
45534	-1907.037	-2096.758	189.7209	2.370712	0.5570431
45540	-1916.042	-2105.789	189.7476	2.348908	0.5246443
45546	-1913.13	-2102.983	189.8536	2.237762	0.5582054
45552	-1911.786	-2101.629	189.8435	2.24786	0.5582054
45558	-1915.686	-2105.537	189.8513	2.244109	0.5344798
45564	-1914.623	-2104.397	189.7737	2.321648	0.5344798
45570	-1917.586	-2107.39	189.8038	2.292901	0.5219434
45576	-1912.503	-2102.394	189.8904	2.101802	0.765997
45582	-1905.666	-2095.629	189.9635	1.948333	0.8696509
45588	-1910.779	-2100.694	189.9155	2.00126	0.8637588
45594	-1912.487	-2102.254	189.7674	1.819165	1.188465
45600	-1919.272	-2109.22	189.9487	2.134673	0.5892868
45606	-1910.777	-2100.717	189.9404	1.997276	0.8385087
45612	-1903.756	-2093.592	189.8354	2.252275	0.5739475
45618	-1901.617	-2091.535	189.9182	2.153204	0.6233246
45624	-1902.368	-2092.246	189.8782	2.202912	0.5964759
45630	-1906.656	-2096.499	189.843	2.226774	0.6275372
45636	-1911.41	-2101.246	189.8364	2.190009	0.7132446
45642	-1913.872	-2103.662	189.7898	2.297087	0.5769122
45648	-1906.909	-2096.725	189.8158	2.227407	0.6835853
45654	-1908.873	-2098.774	189.9017	2.147406	0.6723497
45660	-1897.486	-2087.484	189.9981	2.049405	0.6754075
45666	-1904.656	-2094.517	189.8608	2.200519	0.647122
45672	-1907.187	-2097.228	190.0407	2.020586	0.647122
45678	-1926.065	-2115.955	189.89	2.171297	0.647122
45684	-1925.986	-2115.709	189.7231	1.911521	1.146389
45690	-1918.02	-2107.834	189.8146	1.901805	1.071922
45696	-1911.366	-2101.251	189.8853	1.831107	1.071922
45702	-1911.974	-2101.862	189.8879	1.838442	1.062571
45708	-1907.174	-2097.032	189.8582	1.890117	1.041645
45714	-1910.639	-2100.442	189.8029	1.865012	1.116538
45720	-1904.181	-2094.228	190.0467	1.817838	0.9231319
45726	-1918.066	-2107.881	189.8158	1.952043	1.022654
45732	-1916.965	-2106.77	189.805	2.038617	0.9456651
45738	-1913.013	-2102.886	189.8733	2.043829	0.8633551
45744	-1907.226	-2097.092	189.8658	2.02187	0.8975184
45750	-1907.522	-2097.451	189.929	1.883939	0.9776268
45756	-1909.635	-2099.562	189.9272	2.004437	0.8458946
45762	-1905.537	-2095.522	189.9848	1.946828	0.8458946
45768	-1902.982	-2093.008	190.0257	1.887476	0.8680883
45774	-1910.412	-2100.454	190.0418	1.841421	0.9024256
45780	-1908.986	-2098.677	189.6911	1.837106	1.238097
45786	-1907.921	-2097.649	189.7278	1.837106	1.206994
45792	-1908.906	-2098.791	189.8851	1.864208	1.040705
45798	-1917.04	-2106.919	189.8798	1.866566	1.043483
45804	-1927.357	-2116.924	189.5669	1.653573	1.481803
45810	-1913.676	-2103.588	189.9119	1.703574	1.163252
45816	-1912.143	-2102.026	189.8827	2.022636	0.8772245
45822	-1908.082	-2097.972	189.8896	1.957302	0.9421056
45828	-1901.128	-2091.019	189.8911	1.963451	0.9339496
45834	-1897.424	-2087.409	189.9855	1.973338	0.811622
45840	-1911.664	-2101.532	189.8682	1.752576	1.158631
45846	-1915.118	-2104.958	189.8398	1.913876	1.036476
45852	-1925.755	-2115.658	189.9027	1.970587	0.9134886
45858	-1912.198	-2102.151	189.9529	2.140964	0.5447565
45864	-1912.465	-2102.4	189.935	1.914139	0.9397516
45870	-1930.768	-2120.634	189.8659	2.130012	0.7606192
45876	-1919.866	-2109.768	189.9021	1.992641	0.889438
45882	-1921.861	-2111.766	189.9043	2.087853	0.7660459
45888	-1929.518	-2119.2	189.6819	2.414765	0.4787747
45894	-1911.295	-2101.065	189.7699	2.32745	0.5122736
45900	-1914.488	-2104.349	189.8609	2.202353	0.6427437
45906	-1913.38	-2103.346	189.9664	2.083074	0.6716392
45912	-1911.881	-2101.8	189.9189	2.156389	0.6134066
45918	-1921.061	-2110.961	189.9006	2.168147	0.6299724
45924	-1926.101	-2115.986	189.885	1.791919	1.108358
45930	-1916.528	-2106.304	189.7767	1.995558	1.018323
45936	-1923.052	-2112.942	189.8903	2.057058	0.8262917
45942	-1903.542	-2093.434	189.8919	2.096366	0.7715922
45948	-1907.121	-2096.901	189.7794	2.206112	0.7755274
45954	-1902.621	-2092.493	189.8716	2.164165	0.6970945
45960	-1911.874	-2101.767	189.8936	2.125177	0.7256605
45966	-1906.682	-2096.572	189.8897	2.127038	0.7289817
45972	-1912.296	-2102.172	189.8759	2.189867	0.6371716
45978	-1901.502	-2091.416	189.9142	2.138204	0.665869
45984	-1922.232	-2112.055	189.8233	2.23573	0.6521166
45990	-1909.885	-2099.722	189.837	2.240971	0.6058997
45996	-1910.108	-2099.922	189.8139	2.254358	0.631081
46002	-1899.425	-2089.214	189.7886	2.298488	0.5761217
46008	-1906.226	-2096.025	189.7988	2.289718	0.5707492
46014	-1901.716	-2091.543	189.8267	2.245396	0.6217978
46020	-1909.407	-2099.295	189.8879	2.159004	0.6766134
46026	-1907.206	-2097.091	189.8851	2.139604	0.7160813
46032	-1899.935	-2089.902	189.9677	2.030079	0.7579485
46038	-1918.932	-2108.906	189.9741	1.972828	0.826936
46044	-1918.27	-2107.959	189.6892	1.913109	1.174789
46050	-1914.572	-2104.404	189.8314	1.839006	1.114277
46056	-1903.821	-2093.669	189.8481	1.894685	1.04694
46062	-1913.135	-2102.978	189.8437	1.899052	1.04694
46068	-1908.41	-2098.268	189.8581	1.888081	1.043658
46074	-1905.083	-2094.997	189.9138	2.085466	0.7557827
46080	-1905.156	-2095.104	189.9477	1.949729	0.8863267
46086	-1905.993	-2095.975	189.9826	1.925266	0.874264
46092	-1906.912	-2096.731	189.8184	2.201275	0.7241804
46098	-1896.266	-2086.095	189.8286	2.191441	0.7235978
46104	-1896.569	-2086.487	189.9185	2.151456	0.6269719
46110	-1898.759	-2088.548	189.7888	2.306803	0.5328424
46116	-1894.541	-2084.38	189.8397	2.243189	0.5909713
46122	-1899.798	-2089.595	189.7969	2.300113	0.517949
46128	-1895.775	-2085.548	189.773	2.324004	0.517949
46134	-1906.752	-2096.443	189.691	2.406536	0.4944786
46140	-1907.165	-2096.836	189.6711	2.424611	0.4692628
46146	-1898.013	-2087.752	189.7392	2.358462	0.4975577
46152	-1907.379	-2097.246	189.8664	2.22965	0.5288831
46158	-1904.341	-2094.243	189.9016	2.120058	0.7210366
46164	-1909.446	-2099.335	189.889	2.150325	0.6907909
46170	-1905.204	-2095.13	189.9259	2.078325	0.7483834
46176	-1903.956	-2093.889	189.9332	2.078325	0.7372168
46182	-1899.792	-2089.718	189.9266	2.078325	0.7472919
46188	-1920.174	-2109.96	189.7862	2.172079	0.8123392
46194	-1917.731	-2107.65	189.9192	1.64272	1.209576
46200	-1912.474	-2102.387	189.9123	2.076909	0.7703466
46206	-1909.253	-2099.168	189.915	2.14493	0.6501713
46212	-1918.237	-2108.198	189.9606	2.014767	0.7896234
46218	-1909.806	-2099.653	189.8463	2.222152	0.6308046
46224	-1916.04	-2106.015	189.9754	2.09298	0.6308046
46230	-1902.238	-2092.22	189.9824	1.956591	0.8368648
46236	-1909.633	-2099.521	189.8878	2.051194	0.8368648
46242	-1912.455	-2102.283	189.8285	2.072799	0.8819159
46248	-1916.628	-2106.433	189.8053	1.757309	1.209007
46254	-1906.39	-2096.243	189.853	1.773019	1.153999
46260	-1899.383	-2089.104	189.7214	1.692978	1.331279
46266	-1907.708	-2097.434	189.7259	1.688385	1.331344
46272	-1899.395	-2089.092	189.6968	1.640752	1.391968
46278	-1907.731	-2097.299	189.5676	1.619573	1.506767
46284	-1902.218	-2092.197	189.9798	1.630703	1.167592
46290	-1896.319	-2085.912	189.593	1.558156	1.533605
46296	-1891.548	-2081.155	189.6075	1.543712	1.533605
46302	-1899.589	-2089.071	189.4822	1.49138	1.662867
46308	-1897.818	-2087.693	189.8751	1.613619	1.270872
46314	-1904.758	-2094.671	189.9126	1.798387	1.076949
46320	-1915.002	-2104.767	189.7651	1.984965	1.039945
46326	-1926.671	-2116.463	189.7917	1.780282	1.200994
46332	-1896.714	-2086.655	189.9411	1.798482	1.050026
46338	-1904.268	-2094.123	189.8555	2.018705	0.9124703
46344	-1911.996	-2101.901	189.905	1.969216	0.9124703
46350	-1910.228	-2100.194	189.9658	1.979375	0.8291302
46356	-1904.671	-2094.689	190.018	1.950666	0.7986378
46362	-1899.023	-2088.936	189.9139	2.142338	0.6580757
46368	-1899.136	-2089.088	189.9522	2.109137	0.6470697
46374	-1904.949	-2094.89	189.9407	2.120626	0.6470697
46380	-1905.907	-2095.842	189.9345	2.126804	0.6470697
46386	-1904.815	-2094.814	189.9989	2.047802	0.6769262
46392	-1908.595	-2098.48	189.8848	2.047802	0.8447485
46398	-1912.362	-2102.204	189.842	2.214206	0.6580929
46404	-1909.615	-2099.621	190.0057	1.877063	0.9029459
46410	-1910.373	-2100.353	189.9796	2.067433	0.6763931
46416	-1906.332	-2096.286	189.9532	2.079607	0.7021864
46422	-1915.455	-2105.3	189.8443	2.016872	0.9268176
46428	-1919.254	-2109.347	190.093	1.818946	0.8694538
46434	-1915.938	-2105.614	189.676	1.929481	1.172025
46440	-1917.973	-2107.961	189.988	1.856798	0.9443375
46446	-1918.184	-2108.031	189.847	1.77958	1.153549
46452	-1926.819	-2116.649	189.8307	1.795818	1.153549
46458	-1913.993	-2103.948	189.9549	1.856264	0.979379
46464	-1919.477	-2108.036	188.5583	1.318451	2.393345
46470	-1905.779	-2094.398	188.6188	1.258018	2.393345
46476	-1906.394	-2095.076	188.6818	1.412488	2.254745
46482	-1912.08	-2100.275	188.1955	1.429128	2.551427
46488	-1913.675	-2102.823	189.1479	1.545747	1.858444
46494	-1912.42	-2101.905	189.4846	1.497169	1.657041
46500	-1903.481	-2093.257	189.7754	1.650431	1.322054
46506	-1910.146	-2099.923	189.7765	1.640221	1.329355
46512	-1916.021	-2105.975	189.9536	2.112353	0.6366713
46518	-1907.832	-2097.754	189.9215	2.135039	0.657341
46524	-1918.264	-2107.738	189.4733	1.701987	1.515692
46530	-1905.201	-2094.465	189.264	1.646057	1.708047
46536	-1911.222	-2100.959	189.7364	1.682024	1.328065
46542	-1910.119	-2099.824	189.7042	1.714213	1.328065
46548	-1913.906	-2103.322	189.4165	1.671712	1.580025
46554	-1912.146	-2101.775	189.6287	2.455346	0.4220128
46560	-1913.424	-2103.238	189.8148	1.902958	1.07064
46566	-1913.566	-2103.345	189.7787	1.731281	1.253324
46572	-1912.132	-2101.888	189.756	1.818602	1.198684
46578	-1914.264	-2103.748	189.4841	1.703237	1.506714
46584	-1910.561	-2100.122	189.5609	1.625845	1.507091
46590	-1900.383	-2090.161	189.7782	1.795221	1.199719
46596	-1904.186	-2094.183	189.9975	1.903158	0.8827072
46602	-1912.1	-2102.012	189.912	1.98862	0.8827072
46608	-1919.611	-2109.525	189.9145	1.90186	0.9740776
46614	-1916.659	-2106.611	189.9516	1.98257	0.8428429
46620	-1916.54	-2106.496	189.9564	1.977691	0.8428429
46626	-1913.56	-2103.508	189.9478	1.891769	0.9499036
46632	-1909.101	-2099.056	189.9546	1.933864	0.8965726
46638	-1905.076	-2094.854	189.7777	2.250487	0.7101082
46644	-1919.325	-2109.161	189.8365	2.250487	0.5765904
46650	-1913.844	-2103.62	189.776	2.321619	0.5036321
46656	-1914.937	-2104.688	189.7506	2.339551	0.4411416
46662	-1909.853	-2099.49	189.6362	2.448112	0.4227756
46668	-1919.612	-2109.376	189.7647	2.319972	0.5849865
46674	-1920.339	-2110.142	189.8028	2.289178	0.5552811
46680	-1913.57	-2103.422	189.8521	2.237167	0.5676509
46686	-1910.53	-2100.413	189.8832	2.189371	0.6205029
46692	-1927.935	-2117.292	189.3567	1.779325	1.544859
46698	-1920.242	-2109.594	189.3517	1.428367	1.79898
46704	-1922.292	-2112.208	189.916	1.993937	0.8718112
46710	-1919.99	-2109.834	189.8438	2.014153	0.9302434
46716	-1907.833	-2097.729	189.8957	1.918305	0.976471
46722	-1922.123	-2112.041	189.9178	2.165653	0.5890888
46728	-1914.138	-2104.119	189.9818	2.105235	0.5763718
46734	-1905.202	-2095.057	189.8552	2.189532	0.6807932
46740	-1921.268	-2110.381	189.1127	1.524972	1.896592
46746	-1910.65	-2099.711	189.0615	1.554569	1.91124
46752	-1924.531	-2114.204	189.6731	1.665364	1.391298
46758	-1922.521	-2111.927	189.4059	1.629228	1.61863
46764	-1928.631	-2118.172	189.5406	1.576949	1.558443
46770	-1913.969	-2103.24	189.2713	1.585645	1.745392
46776	-1920.818	-2110.439	189.6211	1.638805	1.451877
46782	-1913.12	-2102.745	189.625	2.457109	0.4170115
46788	-1913.073	-2102.777	189.7042	2.378745	0.4190056
46794	-1918.827	-2108.576	189.7486	1.862975	1.166658
46800	-1914.148	-2104.057	189.9096	2.060466	0.7968072
46806	-1918.745	-2108.754	190.0089	1.767522	1.014306
46812	-1910.35	-2100.222	189.8721	1.955379	0.9625477
46818	-1917.67	-2107.455	189.785	1.88362	1.115954
46824	-1919.847	-2109.635	189.7881	1.83408	1.157391
46830	-1915.891	-2105.684	189.7926	1.872242	1.11931
46836	-1909.055	-2098.823	189.7687	1.855823	1.15532
46842	-1914.965	-2104.567	189.6027	2.485634	0.4348588
46848	-1912.348	-2101.831	189.4829	2.530098	0.3214764
46854	-1905.304	-2094.839	189.5354	2.529577	0.3828974
46860	-1899.311	-2088.858	189.5468	2.529577	0.4039546
46866	-1904.297	-2094.078	189.781	2.314629	0.5320944
46872	-1906.381	-2096.06	189.6789	2.417813	0.4788927
46878	-1909.819	-2099.568	189.7484	2.323798	0.6213461
46884	-1901.788	-2091.721	189.9338	2.136834	0.6253376
46890	-1914.813	-2104.387	189.5746	1.617432	1.50318
46896	-1924.725	-2114.106	189.3808	1.375131	1.815636
46902	-1909.348	-2099.152	189.8044	2.285619	0.4406695
46908	-1915.019	-2104.685	189.6655	2.409912	0.4019066
46914	-1909.511	-2099.111	189.5998	2.475677	0.4019066
46920	-1916.336	-2105.711	189.3748	2.584598	0.2809905
46926	-1921.767	-2111.166	189.399	2.599403	0.3090091
46932	-1914.969	-2104.423	189.454	2.599403	0.3656809
46938	-1906.508	-2096.018	189.5097	2.543765	0.3656809
46944	-1910.555	-2100.151	189.5966	2.49745	0.4587023
46950	-1906.719	-2096.358	189.6389	2.458155	0.4838026
46956	-1908.692	-2098.3	189.6084	2.484644	0.4537864
46962	-1930.264	-2119.438	189.1747	1.581459	1.815522
46968	-1935.119	-2124.688	189.5689	1.631661	1.496794
46974	-1910.991	-2100.764	189.7733	2.320611	0.4581384
46980	-1905.626	-2095.218	189.5915	2.473979	0.3836916
46986	-1908.909	-2098.65	189.7408	2.355297	0.4728393
46992	-1899.437	-2089.127	189.69	2.407587	0.5064518
46998	-1893.318	-2083.076	189.7584	2.329532	0.5730653
47004	-1900.857	-2090.665	189.8082	2.28778	0.4714159
47010	-1912.408	-2101.98	189.572	2.499102	0.3935149
47016	-1904.6	-2094.163	189.5631	2.499102	0.3784932
47022	-1909.862	-2099.348	189.4855	2.562016	0.357972
47028	-1911.946	-2101.458	189.512	2.562016	0.3989637
47034	-1904.611	-2094.054	189.4425	2.562016	0.3140868
47040	-1937.675	-2127.773	190.0987	1.795565	0.8899744
47046	-1926.537	-2116.605	190.0678	1.912711	0.7824661
47052	-1914.04	-2103.271	189.2313	2.720777	0.2763746
47058	-1917.584	-2106.749	189.1654	2.798652	0.2840038
47064	-1915.006	-2104.035	189.0291	2.816456	0.2235566
47070	-1909.635	-2098.741	189.1053	2.771386	0.2368195
47076	-1915.621	-2104.881	189.2595	2.74368	0.312983
47082	-1900.166	-2089.625	189.4591	2.569234	0.3361602
47088	-1904.022	-2093.649	189.6276	2.422465	0.361196
47094	-1901.435	-2091.242	189.8075	2.277708	0.4253025
47100	-1898.092	-2088.015	189.923	2.172842	0.5307111
47106	-1893.329	-2083.228	189.8989	2.140151	0.6912962
47112	-1895.312	-2085.197	189.885	2.205038	0.5641143
47118	-1896.556	-2086.469	189.9125	2.173543	0.5800821
47124	-1906.293	-2096.223	189.9296	2.156012	0.5817491
47130	-1911.436	-2100.67	189.2344	1.544683	1.799666
47136	-1915.397	-2104.397	188.9999	1.512661	1.980856
47142	-1911.298	-2101.099	189.8005	2.297182	0.4993286
47148	-1911.759	-2101.464	189.7058	2.391812	0.5043849
47154	-1902.464	-2092.437	189.9729	2.121262	0.5427535
47160	-1907.72	-2097.623	189.9034	2.158139	0.6465746
47166	-1900.91	-2090.822	189.9117	1.833099	1.044984
47172	-1911.894	-2101.944	190.0504	1.824515	0.9117471
47178	-1913.594	-2103.516	189.922	1.882949	0.9856822
47184	-1911.162	-2101.063	189.9016	1.574319	1.281375
47190	-1912.485	-2102.093	189.6079	1.681124	1.429571
47196	-1913.395	-2103.05	189.6546	1.666515	1.404805
47202	-1903.783	-2093.47	189.6866	1.716811	1.340069
47208	-1907.902	-2097.859	189.9572	1.855805	0.977499
47214	-1917.501	-2107.309	189.8077	2.013343	0.969276
47220	-1907.913	-2097.84	189.9273	1.929977	0.9309596
47226	-1909.202	-2099.082	189.8799	1.974921	0.9336735
47232	-1903.562	-2093.33	189.7673	1.840647	1.169818
47238	-1890.463	-2080.346	189.8827	1.744101	1.153295
47244	-1902.8	-2092.829	190.0296	1.746746	1.014316
47250	-1916.481	-2106.334	189.8526	1.984437	0.9526364
47256	-1937.722	-2127.691	189.9686	1.976108	0.8297181
47262	-1921.419	-2111.221	189.802	2.132482	0.8424458
47268	-1919.393	-2109.385	189.9918	1.985067	0.7875153
47274	-1914.551	-2104.212	189.6605	1.709722	1.366344
47280	-1912.993	-2102.613	189.6203	1.816777	1.313005
47286	-1903.977	-2093.904	189.9262	1.80303	1.059834
47292	-1924.267	-2114.082	189.8153	1.758131	1.199749
47298	-1928.951	-2118.881	189.9296	1.964759	0.8899309
47304	-1926.22	-2116.007	189.7871	2.107192	0.8899309
47310	-1913.077	-2102.733	189.6554	1.68905	1.386623
47316	-1913.854	-2103.344	189.4902	1.80869	1.421944
47322	-1910.935	-2100.819	189.8842	1.967574	0.9369293
47328	-1908.427	-2098.388	189.9606	1.891157	0.9369293
47334	-1910.238	-2100.064	189.8257	1.837423	1.120888
47340	-1896.474	-2086.328	189.8539	1.871287	1.063677
47346	-1890.978	-2080.797	189.8188	1.706025	1.240856
47352	-1899.905	-2089.533	189.6289	1.693308	1.403945
47358	-1900.746	-2090.31	189.5639	1.758265	1.403945
47364	-1907.969	-2097.728	189.7586	1.772913	1.235296
47370	-1917.87	-2107.619	189.7491	1.611289	1.374057
47376	-1918.057	-2107.917	189.8601	1.799306	1.124252
47382	-1915.839	-2105.271	189.432	1.590645	1.627621
47388	-1910.719	-2100.08	189.3613	1.661406	1.627621
47394	-1921.265	-2109.949	188.684	1.562036	2.15666
47400	-1913.739	-2102.477	188.7385	1.316518	2.279971
47406	-1912.871	-2101.236	188.3654	1.288605	2.533091
47412	-1920.513	-2109.492	188.9791	1.434695	2.046568
47418	-1926.065	-2114.764	188.6984	1.294306	2.319783
47424	-1927.51	-2116.525	189.0146	1.447323	2.014622
47430	-1912.624	-2100.936	188.3116	1.324681	2.544122
47436	-1916.107	-2104.018	187.9115	1.294938	2.80852
47442	-1927.954	-2116.255	188.3013	1.406696	2.499402
47448	-1912.48	-2101.178	188.6985	1.380316	2.264682
47454	-1918.572	-2107.251	188.6797	1.347682	2.297624
47460	-1915.947	-2104.57	188.623	1.327799	2.346436
47466	-1918.881	-2106.939	188.0585	1.38943	2.660709
47472	-1909.265	-2098.417	189.1511	1.307403	2.016899
47478	-1920.166	-2108.757	188.5911	1.395731	2.323534
47484	-1918.458	-2107.952	189.4941	1.548878	1.612911
47490	-1914.292	-2104.089	189.7969	1.700694	1.263579
47496	-1912.693	-2102.438	189.7453	1.893052	1.143089
47502	-2700.059	-2887.144	187.0847	1.462078	3.204218
47508	-3141.407	-3328.961	187.554	1.695103	2.782496
52206	-1.45973e+77	-3537.254	-1.45973e+77	2.314561e+15	7.298648e+76
54102	-8.247735e+118	-3537.254	-8.247735e+118	1.827603e+25	4.123867e+118
54108	-1.022748e+119	-3537.254	-1.022748e+119	1.195853e+25	5.11374e+118
57906	-7.63009e+180	-3537.254	-7.63009e+180	2.690188e+40	3.815045e+180
63306	-2.535769e+256	-3537.254	-2.535769e+256	4.459552e+64	1.267885e+256
297606	-8.004505e+307	-3537.254	-8.004505e+307	3.449744e+307	2.27738e+307
727602	-inf	-3537.254	-inf	1.311414e+308	7.526706e+307
727608	-inf	-3537.254	-inf	1.457186e+308	5.145633e+307
876606	-inf	-3537.254	-inf	1.356927e+308	7.058561e+307
995106	-1.111866e+308	-3537.254	-1.111866e+308	5.319477e+307	2.899593e+307
1120206	-inf	-3537.254	-inf	1.592954e+308	5.926686e+307
1238604	-inf	-3537.254	-inf	7.591683e+307	8.713698e+307
