Iteration	Posterior	Likelihood	Prior	rate_log_sd	tree_length
0	-1907.385	-2097.27	189.8851	2.212496	0.4941646
6	-1908.86	-2098.726	189.8659	2.212496	0.6046097
12	-1911.997	-2102.074	190.077	1.83744	0.8665661
18	-1906.327	-2096.187	189.8599	1.708452	1.204086
24	-1911.941	-2101.785	189.8444	1.838131	1.103296
30	-1924.325	-2113.075	188.7502	1.508003	2.148696
36	-1914.789	-2103.798	189.0092	1.313886	2.106321
42	-1920.513	-2110.405	189.8912	1.674271	1.206494
48	-1913.693	-2103.467	189.7741	1.731535	1.256933
54	-1913.836	-2103.788	189.9512	1.944493	0.8884009
60	-1920.399	-2109.409	189.0103	1.556866	1.944226
66	-1915.22	-2104.414	189.1944	1.473367	1.876116
72	-1919.715	-2109.147	189.432	1.5334	1.668689
78	-1916.482	-2106.119	189.6377	1.733113	1.365857
84	-1936.389	-2125.517	189.1284	1.461754	1.928779
90	-1910.396	-2100.285	189.8889	1.964196	0.9355419
96	-1910.808	-2100.691	189.8831	2.066324	0.8236981
102	-1907.888	-2097.809	189.9204	1.939066	0.9286586
108	-1914.602	-2104.64	190.0381	1.977386	0.7309794
114	-1903.626	-2093.441	189.8154	1.84256	1.12552
120	-1923.372	-2113.314	189.942	2.092195	0.6999034
126	-1928.847	-2118.667	189.8193	2.104669	0.8551578
132	-1908.045	-2097.799	189.7544	1.522294	1.439067
138	-1908.047	-2096.917	188.8698	1.447727	2.109956
144	-1916.219	-2105.672	189.4524	1.440226	1.720326
150	-1912.937	-2101.604	188.6671	1.566848	2.164485
156	-1903.937	-2093.286	189.349	1.446271	1.788439
162	-1915.74	-2105.567	189.827	2.269805	0.5207825
168	-1918.712	-2108.586	189.8739	2.222324	0.5265991
174	-1916.731	-2106.766	190.0357	1.895792	0.8461031
180	-1928.306	-2118.157	189.8513	2.117209	0.7988493
186	-1919.736	-2109.591	189.855	2.125607	0.7823999
192	-1921.357	-2111.292	189.9356	2.055707	0.7672804
198	-1927.479	-2117.23	189.7506	2.324448	0.6138078
204	-1932.907	-2122.639	189.7321	2.363926	0.528842
210	-1913.763	-2103.715	189.9517	2.064966	0.7291227
216	-1915.219	-2105.037	189.818	2.038747	0.9315529
222	-1919.221	-2109.159	189.9381	1.93918	0.9090718
228	-1922.121	-2111.902	189.7805	1.945594	1.062782
234	-1916.186	-2106.106	189.9201	2.03138	0.8210355
240	-1914.63	-2104.616	189.9855	1.85825	0.9454701
246	-1925.009	-2115.037	190.0273	1.783216	0.9800249
252	-1919.075	-2108.864	189.7891	1.727561	1.247698
258	-1917.343	-2107.156	189.8132	1.871123	1.10161
264	-1925.149	-2114.566	189.4168	1.659834	1.588446
270	-1914.796	-2103.546	188.7502	1.449816	2.186537
276	-1921.495	-2111.174	189.679	1.507832	1.507077
282	-1929.542	-2118.703	189.161	1.441309	1.920559
288	-1918.541	-2107.414	188.8732	1.419624	2.126143
294	-1912.919	-2101.913	188.9935	1.470653	2.013176
300	-1921.656	-2110.206	188.5502	1.283713	2.420415
306	-1933.048	-2120.903	187.8548	1.144156	2.934091
312	-1914.05	-2103.844	189.7933	1.916459	1.078108
318	-1912.99	-2102.925	189.9348	1.790286	1.063736
324	-1913.337	-2103.251	189.9148	1.769164	1.10197
330	-1930.445	-2120.27	189.8244	1.987272	0.9789019
336	-1929.753	-2119.405	189.6519	1.942037	1.182021
342	-1911.619	-2101.131	189.512	1.682327	1.501441
348	-1914.431	-2103.954	189.5234	1.670933	1.501441
354	-1906.811	-2096.7	189.8893	1.61783	1.255616
360	-1917.268	-2107.129	189.8606	1.646549	1.255616
366	-1912.882	-2102.411	189.5289	1.504285	1.619989
372	-1907.727	-2097.591	189.8637	2.213067	0.6091571
378	-1913.142	-2103.09	189.9481	2.080363	0.7097058
384	-1908.097	-2097.763	189.6665	1.67785	1.386641
390	-1908.196	-2097.706	189.5101	1.787838	1.422668
396	-1912.093	-2101.93	189.8377	1.639273	1.280563
402	-1924.523	-2114.052	189.5294	1.754442	1.433514
408	-1913.973	-2103.66	189.6872	1.723633	1.334095
414	-1916.958	-2106.922	189.9646	1.850265	0.9756188
420	-1907.989	-2097.214	189.2257	1.789633	1.632939
426	-1912.64	-2102.24	189.5999	1.789633	1.351078
432	-1915.74	-2105.478	189.7375	1.82655	1.207762
438	-1926.901	-2116.63	189.7293	1.834684	1.207762
444	-1919.1	-2108.991	189.8912	2.168833	0.6500075
450	-1919.506	-2109.317	189.8105	1.886971	1.089534
456	-1914.753	-2104.481	189.7283	1.73371	1.29278
462	-1914.001	-2103.784	189.7835	1.995499	1.011728
468	-1914.782	-2104.721	189.9385	1.974284	0.8685667
474	-1919.005	-2108.683	189.6788	2.029935	1.079063
480	-1918.621	-2108.435	189.8137	1.89508	1.079063
486	-1925.753	-2115.484	189.7313	1.996293	1.061416
492	-1923.513	-2113.409	189.8954	2.034887	0.8475618
498	-1921.293	-2111.265	189.972	1.924604	0.8873243
504	-1912.247	-2102.199	189.9522	1.900945	0.9354522
510	-1910.451	-2100.321	189.8698	1.883588	1.036717
516	-1908.354	-2098.213	189.8587	2.223134	0.5941621
522	-1916.4	-2106.13	189.7297	2.367244	0.4814408
528	-1918.239	-2108.046	189.8065	2.287766	0.5421708
534	-1932.595	-2122.237	189.6422	2.441278	0.4203897
540	-1928.687	-2118.694	190.007	1.942648	0.8234601
546	-1933.505	-2123.4	189.8958	2.140245	0.6965702
552	-1927.097	-2116.963	189.8657	2.016615	0.9034558
558	-1914.169	-2103.992	189.8221	2.055054	0.909194
564	-1909.78	-2099.594	189.8141	2.063056	0.909194
570	-1918.862	-2108.813	189.9513	1.94588	0.8866215
576	-1913.538	-2103.435	189.8971	2.039273	0.8400251
582	-1915.372	-2105.213	189.841	1.994284	0.9543971
588	-1917.314	-2107.243	189.9296	1.828095	1.032582
594	-1921.012	-2110.903	189.8911	1.793638	1.101234
600	-1918.146	-2108.183	190.0364	1.64834	1.101234
606	-1918.792	-2108.568	189.7763	1.894184	1.114191
612	-1924.553	-2114.347	189.7944	1.813609	1.169825
618	-1913.938	-2103.617	189.6782	1.782639	1.293782
624	-1922.3	-2112.129	189.8289	1.889064	1.070474
630	-1912.991	-2102.869	189.878	1.84257	1.067982
636	-1909.644	-2099.704	190.0597	1.90492	0.8039959
642	-1910.271	-2100.128	189.8569	2.175622	0.7027567
648	-1923.659	-2113.528	189.8696	2.155007	0.7161612
654	-1921.252	-2111.156	189.904	2.068383	0.7936518
660	-1909.705	-2099.538	189.8327	1.979738	0.9780667
666	-1908.821	-2098.757	189.9354	2.080658	0.7300662
672	-1906.337	-2096.166	189.8284	2.047779	0.9102777
678	-1898.238	-2088.11	189.8729	2.092227	0.803327
684	-1908.502	-2098.228	189.7265	2.197481	0.8551412
690	-1905.698	-2095.573	189.875	2.100885	0.7888427
696	-1902.948	-2092.864	189.9158	2.078638	0.7628322
702	-1910.911	-2100.568	189.6573	1.893873	1.218735
708	-1911.523	-2101.326	189.8032	1.968331	1.019123
714	-1909.121	-2099.077	189.9567	1.986434	0.8317172
720	-1913.189	-2103.022	189.8331	2.088274	0.858331
726	-1911.156	-2101.138	189.9819	1.922863	0.8779304
732	-1912.774	-2102.677	189.9029	1.946663	0.93929
738	-1913.998	-2103.824	189.8254	1.90446	1.059282
744	-1929.583	-2118.7	189.1172	1.449817	1.94433
750	-1908.904	-2098.777	189.8732	2.157697	0.7055745
756	-1907.125	-2096.974	189.8489	2.18758	0.6958006
762	-1911.11	-2101.068	189.9579	1.981167	0.8367151
768	-1899.235	-2089.217	189.9825	1.991227	0.7918668
774	-1924.797	-2114.512	189.7148	1.869772	1.190141
780	-1908.435	-2098.012	189.5774	1.685781	1.449396
786	-1919.459	-2108.566	189.1066	1.584612	1.860078
792	-1908.723	-2097.836	189.1125	1.557316	1.874707
798	-1909.882	-2099.537	189.6546	1.602626	1.453932
804	-1907.117	-2096.579	189.4624	1.548016	1.636462
810	-1898.837	-2088.464	189.6273	1.66928	1.423749
816	-1910.725	-2100.587	189.8613	1.859243	1.068039
822	-1906.168	-2096.289	190.1201	1.807071	0.8513174
828	-1902.06	-2092.008	189.9478	1.829244	1.013654
834	-1907.473	-2096.626	189.1528	1.586364	1.827174
840	-1925.156	-2114.583	189.4271	1.613625	1.614544
846	-1937.165	-2126.451	189.286	1.529753	1.774204
852	-1912.106	-2101.988	189.8821	1.853816	1.05344
858	-1912.833	-2102.268	189.4349	1.678443	1.561538
864	-1918.614	-2107.87	189.2558	1.71945	1.661653
870	-1909.347	-2098.595	189.2483	1.581906	1.764107
876	-1906.098	-2095.653	189.5556	1.636779	1.502889
882	-1905.381	-2094.841	189.46	1.732375	1.502889
888	-1911.178	-2100.7	189.5225	1.737268	1.451983
894	-1920.523	-2110.505	189.9814	2.110219	0.5570644
900	-1908.063	-2097.936	189.873	2.202018	0.6140439
906	-1905.702	-2095.527	189.8246	2.135889	0.8094141
912	-1915.012	-2104.898	189.8859	2.199389	0.582917
918	-1915.923	-2105.769	189.8459	2.239305	0.582917
924	-1909.699	-2099.518	189.8191	2.277936	0.517809
930	-1911.627	-2101.451	189.8244	2.273203	0.4941333
936	-1917.506	-2106.99	189.4842	2.521245	0.3148623
942	-1928.691	-2118.421	189.7304	2.352458	0.4188718
948	-1923.459	-2113.15	189.6912	2.385693	0.4050007
954	-1915.493	-2104.564	189.0707	2.818355	0.2425039
960	-1926.994	-2115.939	188.945	2.827129	0.1969804
966	-1920.126	-2109.356	189.23	2.699307	0.2630593
972	-1911.901	-2101.773	189.8723	2.225203	0.5070352
978	-1909.843	-2099.754	189.9108	2.075185	0.7749284
984	-1912.475	-2101.61	189.1343	2.747781	0.2392573
990	-1928.979	-2118.892	189.913	2.084347	0.7585502
996	-1919.043	-2109.056	190.0133	1.989192	0.7509762
1002	-1909.012	-2098.436	189.4239	2.58232	0.3154868
1008	-1922.762	-2112.362	189.6001	2.495975	0.4727837
1014	-1923.93	-2113.649	189.719	2.377132	0.4727837
1020	-1926.03	-2115.958	189.9285	1.858851	1.003381
1026	-1920.441	-2110.252	189.8108	1.791322	1.174961
1032	-1908.76	-2098.736	189.9758	2.050991	0.712526
1038	-1921.526	-2111.469	189.943	2.088782	0.703971
1044	-1909.349	-2099.215	189.8668	2.067713	0.8423857
1050	-1900.551	-2090.442	189.8911	1.825932	1.071361
1056	-1904.205	-2094.046	189.8417	1.745818	1.187638
1062	-1914.728	-2104.482	189.754	1.821171	1.198266
1068	-1908.218	-2098.161	189.9431	1.692752	1.145261
1074	-1917.635	-2106.551	188.9164	1.311908	2.168209
1080	-1918.492	-2107.71	189.2184	1.471343	1.861114
1086	-1905.288	-2094.896	189.6075	1.610347	1.483769
1092	-1905.311	-2095.318	190.0071	1.814533	0.9686702
1098	-1909.977	-2099.936	189.9582	1.933765	0.8926019
1104	-1908.917	-2096.615	187.6989	1.320287	2.921902
1110	-1921.377	-2109.578	188.2011	1.330712	2.608949
1116	-1923.876	-2112.243	188.3674	1.440013	2.437095
1122	-1915.545	-2105.298	189.7527	1.586525	1.390672
1128	-1916.614	-2106.169	189.5547	1.739226	1.425759
1134	-1919.677	-2109.633	189.9559	2.040722	0.7595636
1140	-1901.731	-2091.706	189.975	2.021677	0.7595636
1146	-1905.758	-2095.804	190.0462	1.840181	0.8989598
1152	-1900.86	-2090.714	189.8537	2.096365	0.8228829
1158	-1903.024	-2092.936	189.9117	1.888573	0.9904763
1164	-1908.78	-2098.431	189.6503	1.848009	1.262937
1170	-1899.754	-2089.512	189.7579	1.791047	1.220567
1176	-1912.354	-2102.111	189.7568	1.805717	1.209058
1182	-1913.039	-2102.866	189.8268	1.855503	1.103447
1188	-1915.027	-2104.821	189.7944	1.885854	1.10534
1194	-1913.694	-2103.232	189.5378	1.743855	1.435258
1200	-1915.545	-2105.49	189.9446	2.137528	0.5932387
1206	-1919.191	-2109.099	189.9078	2.142511	0.6699313
1212	-1916.679	-2106.587	189.9078	2.087179	0.762056
1218	-1906.218	-2096.135	189.9172	2.11504	0.70317
1224	-1925.064	-2114.638	189.5746	2.511783	0.42878
1230	-1905.9	-2095.923	190.023	1.997596	0.7227987
1236	-1908.463	-2098.359	189.896	2.128289	0.7166942
1242	-1918.581	-2108.574	189.9926	2.00366	0.7600773
1248	-1917.243	-2107.13	189.8879	2.095927	0.777938
1254	-1918.674	-2108.582	189.9082	2.032956	0.8341908
1260	-1928.215	-2117.833	189.6189	2.446566	0.3836561
1266	-1911.506	-2101.205	189.6985	2.387687	0.4282122
1272	-1897.491	-2086.857	189.3661	2.632476	0.3091683
1278	-1902.005	-2091.352	189.3468	2.622549	0.2875972
1284	-1913.766	-2103.09	189.3244	2.644949	0.2875972
1290	-1914.657	-2104.239	189.5822	2.491503	0.3985093
1296	-1928.175	-2117.767	189.5921	2.466107	0.3724356
1302	-1912.916	-2102.402	189.4864	2.558754	0.3550149
1308	-1908.596	-2098.067	189.4709	2.574286	0.3550149
1314	-1919.43	-2109.123	189.6921	2.400138	0.450026
1320	-1921.891	-2111.545	189.6547	1.766413	1.325885
1326	-1914.65	-2104.427	189.7768	1.734639	1.252077
1332	-1909.107	-2098.614	189.5074	2.532901	0.3492891
1338	-1908.13	-2097.565	189.4359	2.593757	0.3375447
1344	-1914.255	-2104.015	189.7605	2.329564	0.4408279
1350	-1922.802	-2112.3	189.4988	2.5307	0.3373528
1356	-1916.408	-2106.032	189.6242	2.462293	0.4289794
1362	-1918.531	-2107.6	189.0689	1.334394	2.053521
1368	-1910.969	-2099.797	188.8275	1.395962	2.171313
1374	-1930.409	-2119.375	188.9662	1.257274	2.171313
1380	-1925.66	-2115.105	189.4448	1.504674	1.680049
1386	-1915.479	-2104.596	189.1166	1.542557	1.881964
1392	-1915.831	-2105.244	189.4127	1.443031	1.746236
1398	-1916.24	-2105.224	188.9846	1.388873	2.07322
1404	-1920.37	-2108.777	188.407	1.282377	2.511058
1410	-1916.067	-2105.887	189.821	2.270603	0.4470329
1416	-1898.517	-2088.136	189.6186	2.45257	0.3936585
1422	-1902.817	-2092.511	189.6943	2.397137	0.4464959
1428	-1908.305	-2098.094	189.7893	2.305301	0.4618161
1434	-1919.419	-2108.36	188.941	1.442381	2.066695
1440	-1904.127	-2093.694	189.5664	2.515566	0.4166069
1446	-1902.057	-2091.834	189.7774	2.317054	0.5409186
1452	-1910.779	-2100.506	189.7263	2.370428	0.4787991
1458	-1908.083	-2097.685	189.6017	2.483987	0.426741
1464	-1906.86	-2096.378	189.5184	2.547599	0.3846037
1470	-1925.867	-2115.871	190.0042	1.844608	0.9401551
1476	-1916.367	-2106.38	190.0127	1.724377	1.05236
1482	-1909.229	-2098.788	189.5589	2.524581	0.4204615
1488	-1913.984	-2103.56	189.5757	2.509805	0.4261768
1494	-1906.257	-2095.833	189.5757	2.509805	0.4261768
1500	-1931.024	-2120.531	189.5071	2.582941	0.4409561
1506	-1924.775	-2114.383	189.6083	2.479827	0.4341372
1512	-1918.768	-2108.536	189.7681	2.329135	0.5151461
1518	-1909.107	-2098.96	189.8529	2.2447	0.5021715
1524	-1905.139	-2095.038	189.8994	2.196546	0.5298804
1530	-1909.912	-2099.77	189.8584	2.219537	0.6057768
1536	-1909.335	-2099.297	189.9612	2.087809	0.6724651
1542	-1905.335	-2095.169	189.8342	1.949689	1.006868
1548	-1920.696	-2110.408	189.7116	1.900632	1.166122
1554	-1922.261	-2112.168	189.9068	1.956228	0.9247744
1560	-1917.109	-2106.604	189.4947	1.713397	1.491113
1566	-1913.798	-2103.614	189.816	1.639083	1.298456
1572	-1918.92	-2108.833	189.9133	1.920997	0.9554455
1578	-1921.531	-2111.411	189.8797	2.090454	0.7965988
1584	-1918.8	-2108.684	189.8842	2.177079	0.6471421
1590	-1910.648	-2100.422	189.7746	2.223816	0.7570161
1596	-1907.712	-2097.505	189.7932	2.291417	0.5850112
1602	-1919.285	-2109.143	189.8576	2.223545	0.5963745
1608	-1926.828	-2116.719	189.8916	2.186218	0.6063067
1614	-1927.608	-2117.546	189.9385	1.74694	1.100626
1620	-1914.699	-2104.542	189.8429	1.825277	1.116315
1626	-1918.006	-2107.794	189.7885	1.799115	1.187556
1632	-1920.344	-2110.295	189.9504	1.823934	1.016309
1638	-1911.407	-2101.369	189.9613	2.052462	0.7337168
1644	-1911.988	-2101.82	189.8319	2.260636	0.5520827
1650	-1913.441	-2103.454	190.0133	2.00046	0.7337168
1656	-1925.316	-2115.148	189.8316	2.217851	0.6716012
1662	-1919.075	-2108.921	189.8457	2.244902	0.5618037
1668	-1910.853	-2100.616	189.7626	2.334845	0.4891104
1674	-1908.06	-2097.684	189.6243	2.469499	0.4572313
1680	-1907.781	-2097.689	189.9074	2.174395	0.5944529
1686	-1907.515	-2097.358	189.8429	2.23885	0.5944529
1692	-1919.292	-2109.213	189.9204	2.169445	0.5652064
1698	-1922.377	-2112.239	189.8627	2.234723	0.5103021
1704	-1906.873	-2096.702	189.8299	1.779829	1.168308
1710	-1911.455	-2101.218	189.7632	1.78981	1.217133
1716	-1920.594	-2110.379	189.7849	1.808269	1.182735
1722	-1917.207	-2107.008	189.8007	1.889382	1.096367
1728	-1923.935	-2113.763	189.8276	1.883448	1.07689
1734	-1903.751	-2093.691	189.94	1.755824	1.091015
1740	-1898.336	-2088.2	189.8642	1.87376	1.051572
1746	-1902.307	-2092.258	189.9508	1.89486	0.9434871
1752	-1905.76	-2095.694	189.9347	1.943467	0.9080825
1758	-1923.047	-2112.982	189.9347	1.943467	0.9080825
1764	-1929.059	-2119.026	189.967	1.914146	0.9047618
1770	-1907.868	-2097.484	189.6156	1.728587	1.386807
1776	-1913.35	-2102.658	189.3079	1.695213	1.641734
1782	-1927.492	-2117.288	189.7956	1.586309	1.357147
1788	-1911.277	-2101.018	189.7411	1.75106	1.268077
1794	-1915.154	-2105.096	189.9428	1.667681	1.167647
1800	-1927.442	-2117.104	189.6612	2.426231	0.4319233
1806	-1934.876	-2124.799	189.9238	2.154711	0.6042342
1812	-1919.385	-2109.375	189.9903	1.88538	0.9108551
1818	-1910.827	-2100.824	189.9969	1.881743	0.9076065
1824	-1905.174	-2095.209	190.035	1.891682	0.8518604
1830	-1901.952	-2091.917	189.9654	1.847799	0.9773292
1836	-1915.216	-2105.061	189.8452	2.128078	0.7924394
1842	-1938.404	-2128.158	189.754	1.755609	1.253637
1848	-1915.661	-2105.163	189.5018	1.612892	1.560548
1854	-1912.134	-2102.084	189.9492	2.101435	0.6694137
1860	-1919.974	-2109.649	189.6746	1.612735	1.430887
1866	-1908.923	-2098.751	189.8283	1.849085	1.107972
1872	-1915.667	-2105.248	189.5815	2.472558	0.3665619
1878	-1921.838	-2111.213	189.3752	2.597911	0.2901408
1884	-1937.79	-2127.755	189.9651	2.121947	0.5765045
1890	-1925.031	-2114.672	189.6404	2.408889	0.3601635
1896	-1921.517	-2111.189	189.6718	2.419499	0.4457588
1902	-1908.734	-2098.479	189.7452	2.333247	0.4082381
1908	-1921.535	-2111.272	189.7363	2.355415	0.447715
1914	-1919.345	-2109.043	189.6983	2.398671	0.4820135
1920	-1913.453	-2103.346	189.8939	2.185303	0.6022617
1926	-1918.106	-2108.007	189.9016	2.137526	0.6910803
1932	-1936.667	-2126.61	189.9429	2.101847	0.6807833
1938	-1944.824	-2134.712	189.8882	2.112466	0.7536376
1944	-1922.853	-2112.822	189.9688	2.002687	0.7947992
1950	-1914.003	-2103.856	189.8538	1.896276	1.03992
1956	-1908.557	-2098.354	189.7968	1.705358	1.259811
1962	-1912.715	-2102.599	189.8838	1.806008	1.096579
1968	-1910.176	-2099.878	189.7021	1.581416	1.433821
1974	-1899.808	-2089.596	189.7881	1.606791	1.346841
1980	-1904.554	-2094.559	190.005	1.937828	0.8320879
1986	-1905.936	-2096.014	190.0783	1.942044	0.7231046
1992	-1923.376	-2113.24	189.8637	2.031876	0.8884362
1998	-1926.058	-2115.951	189.8931	2.176997	0.6265775
2004	-1915.208	-2105.083	189.8747	2.211938	0.5780101
2010	-1898.049	-2087.923	189.8738	2.131081	0.7472611
2016	-1907.576	-2097.352	189.7768	2.305542	0.5927689
2022	-1908.308	-2098.157	189.8492	1.906411	1.034607
2028	-1905.588	-2095.238	189.6499	1.706561	1.377147
2034	-1917.3	-2107.242	189.9426	2.107686	0.670129
2040	-1910.07	-2099.956	189.8866	2.163614	0.670129
2046	-1913.407	-2103.211	189.804	2.28744	0.5577199
2052	-1908.29	-2097.799	189.5088	1.722445	1.473646
2058	-1902.855	-2092.741	189.8862	1.791616	1.107606
2064	-1912.747	-2102.613	189.8658	1.811988	1.107606
2070	-1919.644	-2109.05	189.4067	1.599055	1.639801
2076	-1920.379	-2109.889	189.5102	1.543392	1.605265
2082	-1908.877	-2098.699	189.8221	1.664915	1.272273
2088	-1912.241	-2101.905	189.6638	1.599407	1.449317
2094	-1910.799	-2100.77	189.9706	1.949772	0.8594724
2100	-1908.639	-2098.631	189.9922	1.955821	0.8255423
2106	-1909.079	-2099.048	189.9687	1.976934	0.828499
2112	-1913.581	-2103.547	189.9654	2.005128	0.7961113
2118	-1915.361	-2105.335	189.9733	1.923834	0.8866597
2124	-1920.798	-2110.727	189.9294	1.792904	1.066388
2130	-1922.37	-2112.189	189.8193	2.005721	0.9651132
2136	-1911.502	-2101.449	189.9471	2.063271	0.7389507
2142	-1909.9	-2099.844	189.9445	1.885308	0.9601671
2148	-1917.267	-2107.109	189.8417	1.829328	1.113749
2154	-1912.627	-2102.566	189.9389	2.123996	0.6436093
2160	-1914.632	-2104.607	189.9752	1.82552	0.9900091
2166	-1908.088	-2098.1	190.0115	1.855564	0.9203546
2172	-1921.561	-2111.121	189.5594	1.619255	1.513149
2178	-1908.253	-2097.79	189.5376	1.626118	1.524318
2184	-1916.839	-2106.39	189.5504	1.516019	1.595937
2190	-1912.972	-2102.215	189.2423	1.427955	1.874387
2196	-1919.281	-2108.054	188.7724	1.475048	2.15573
2202	-1915.664	-2105.525	189.8615	2.069094	0.8471681
2208	-1914.144	-2104.033	189.8893	2.015666	0.8777086
2214	-1917.857	-2107.725	189.8674	1.759727	1.153006
2220	-1908.289	-2098.229	189.9401	1.769264	1.078486
2226	-1912.413	-2102.483	190.0702	1.838438	0.8733823
2232	-1921.059	-2110.9	189.8412	1.900527	1.047901
2238	-1917.384	-2107.115	189.7311	1.96757	1.088406
2244	-1926.685	-2116.66	189.975	1.740424	1.072815
2250	-1909.721	-2099.424	189.7032	1.689706	1.348419
2256	-1913.672	-2103.373	189.7011	1.691768	1.348419
2262	-1926.688	-2116.208	189.5199	1.621441	1.540928
2268	-1930.36	-2119.43	189.0708	1.532819	1.919653
2274	-1927.187	-2114.558	187.3708	1.2532	3.158405
2280	-1920.038	-2108.431	188.3935	1.446715	2.416435
2286	-1913.478	-2102.386	188.9076	1.354428	2.146257
2292	-1916.229	-2105.472	189.2433	1.355238	1.923107
2298	-1913.666	-2102.173	188.5076	1.268113	2.456994
2304	-1904.53	-2093.57	189.0394	1.45143	1.995389
2310	-1909.573	-2098.564	188.9906	1.582753	1.940108
2316	-1917.25	-2106.659	189.4099	1.538403	1.680917
2322	-1915.533	-2105.543	190.0097	1.647482	1.126285
2328	-1918.229	-2108.03	189.8015	1.811401	1.16554
2334	-1925.429	-2112.561	187.1324	1.099754	3.38967
2340	-1926.684	-2116.432	189.748	2.344656	0.451729
2346	-1910.744	-2100.275	189.5309	2.514549	0.3553678
2352	-1918.779	-2108.271	189.4917	2.542119	0.3419756
2358	-1905.41	-2095.061	189.6506	2.434554	0.4249757
2364	-1907.884	-2097.535	189.651	2.434087	0.4249757
2370	-1915.009	-2104.775	189.7661	2.327253	0.5475712
2376	-1908.03	-2098.009	189.9791	2.011149	0.7687588
2382	-1911.961	-2101.95	189.9886	1.879782	0.918879
2388	-1906.358	-2096.256	189.8982	2.097884	0.7603515
2394	-1906.956	-2096.826	189.87	2.120622	0.7683025
2400	-1903.054	-2092.977	189.9228	2.09493	0.7274268
2406	-1906.519	-2096.478	189.9593	1.995873	0.8163228
2412	-1910.893	-2100.794	189.9009	2.099272	0.7543575
2418	-1915.635	-2105.585	189.9505	1.996678	0.8265628
2424	-1915.885	-2105.775	189.8901	2.053508	0.8310048
2430	-1920.51	-2110.416	189.906	1.881147	1.003604
2436	-1925.492	-2115.235	189.7432	1.897832	1.140705
2442	-1924.517	-2114.327	189.8103	1.830696	1.140705
2448	-1913.953	-2103.645	189.6915	1.741224	1.316525
2454	-1917.856	-2107.715	189.8593	1.784142	1.138531
2460	-1920.056	-2109.898	189.8418	1.734197	1.197483
2466	-1922.268	-2111.941	189.6726	1.738678	1.333759
2472	-1902.233	-2092.002	189.7687	1.439868	1.49077
2478	-1905.198	-2094.516	189.3181	1.662189	1.65811
2484	-1906.877	-2096.881	190.0041	1.671974	1.109198
2490	-1913.948	-2103.487	189.5388	1.701469	1.466833
2496	-1915.884	-2105.391	189.5062	1.580684	1.580987
2502	-1915.543	-2105.011	189.4679	1.474431	1.685174
2508	-1918.601	-2108.21	189.6092	1.617091	1.477353
2514	-1922.855	-2112.629	189.7737	1.725622	1.26213
2520	-1908.413	-2098.418	190.0043	1.772102	1.01431
2526	-1910.417	-2100.485	190.0681	1.840234	0.8737747
2532	-1907.065	-2097.031	189.9664	1.840234	0.984026
2538	-1910.192	-2100.176	189.9847	1.817837	0.9881281
2544	-1914.655	-2104.62	189.9643	1.777224	1.048092
2550	-1903.048	-2092.816	189.7683	1.738732	1.25574
2556	-1906.81	-2096.703	189.8931	1.618812	1.251658
2562	-1912.846	-2102.459	189.6133	1.479543	1.5766
2568	-1914.61	-2104.332	189.7225	1.719619	1.308918
2574	-1927.63	-2117.48	189.8496	1.976549	0.9639746
2580	-1929.176	-2119.03	189.8542	1.645907	1.261505
2586	-1910.358	-2100.119	189.7617	1.637994	1.34297
2592	-1911.5	-2101.479	189.979	1.617332	1.179994
2598	-1901.24	-2091.058	189.818	1.593994	1.333175
2604	-1906.119	-2095.609	189.4904	1.440682	1.693147
2610	-1910.728	-2100.431	189.7033	1.641869	1.385996
2616	-1914.285	-2104.159	189.8744	1.863707	1.051419
2622	-1902.184	-2092.019	189.8346	1.899052	1.055616
2628	-1904.202	-2094.078	189.8755	1.851789	1.061709
2634	-1906.731	-2096.547	189.816	1.826159	1.139659
2640	-1903.687	-2093.537	189.8497	1.969952	0.9706769
2646	-1905.366	-2095.189	189.8226	1.997042	0.9706769
2652	-1904.822	-2094.818	189.9961	1.823586	0.9706769
2658	-1904.951	-2094.639	189.6882	1.657187	1.38589
2664	-1915.049	-2104.844	189.7956	1.727112	1.24267
2670	-1920.464	-2110.478	190.0139	1.899403	0.8678712
2676	-1920.581	-2110.493	189.9122	2.029827	0.8330907
2682	-1921.203	-2111.184	189.9816	1.805392	1.003805
2688	-1919.618	-2109.602	189.984	1.823436	0.9832437
2694	-1917.477	-2107.532	190.0543	2.018867	0.6189563
2700	-1913.302	-2103.371	190.0689	1.96784	0.6952929
2706	-1923.359	-2113.42	190.0611	1.918017	0.7843997
2712	-1923.421	-2113.319	189.8985	1.903296	0.9889039
2718	-1915.394	-2105.236	189.8415	1.786026	1.15263
2724	-1920.316	-2109.888	189.5722	1.720791	1.426522
2730	-1921.87	-2111.737	189.8669	1.716724	1.19092
2736	-1914.09	-2103.946	189.856	1.859983	1.072262
2742	-1928.638	-2118.683	190.0459	1.856318	0.8809026
2748	-1920.806	-2110.718	189.9116	1.970304	0.9039687
2754	-1930.145	-2120.015	189.871	1.997132	0.9192546
2760	-1920.65	-2110.291	189.6411	1.90286	1.224805
2766	-1918.539	-2108.58	190.0407	1.794193	0.9548544
2772	-1924.166	-2114.056	189.8908	1.927844	0.971777
2778	-1926.721	-2116.663	189.9421	1.787097	1.05991
2784	-1911.494	-2101.29	189.7954	1.866013	1.122397
2790	-1919.901	-2109.867	189.9658	1.926446	0.8922815
2796	-1929.251	-2119.105	189.8538	2.038452	0.8922815
2802	-1900.734	-2090.524	189.7906	1.592151	1.356456
2808	-1908.959	-2098.671	189.7124	1.737769	1.302401
2814	-1907.421	-2097.284	189.8634	1.732769	1.180089
2820	-1904.209	-2093.942	189.7329	1.832978	1.206156
2826	-1909.393	-2099.079	189.6856	1.625932	1.412192
2832	-1908.741	-2098.606	189.8646	1.768889	1.147383
2838	-1907.859	-2097.624	189.7647	1.865784	1.150075
2844	-1920.155	-2110.145	189.9895	1.872091	0.9263555
2850	-1918.062	-2108.065	190.0027	1.973068	0.7890534
2856	-1922.801	-2112.924	190.1234	1.736121	0.9286181
2862	-1926.626	-2116.314	189.688	1.940617	1.151707
2868	-1914.518	-2104.24	189.7219	1.942017	1.1202
2874	-1918.189	-2108.05	189.8609	1.857772	1.069767
2880	-1913.286	-2103.183	189.8967	1.88371	1.010319
2886	-1919.646	-2109.633	189.9873	1.868273	0.9328423
2892	-1926.286	-2115.979	189.6935	1.631954	1.401382
2898	-1913.002	-2102.932	189.9304	1.768074	1.088628
2904	-1914.551	-2104.454	189.903	1.977744	0.9052687
2910	-1905.064	-2094.97	189.906	1.974695	0.9052687
2916	-1910.329	-2100.219	189.8906	1.80886	1.087734
2922	-1908.319	-2098.259	189.9402	1.668841	1.16888
2928	-1926.208	-2114.954	188.7458	1.645519	2.061416
2934	-1922.373	-2111.186	188.8124	1.352218	2.209454
2940	-1904.724	-2094.524	189.8001	1.807773	1.169967
2946	-1914.686	-2104.611	189.9247	1.94502	0.9174291
2952	-1915.954	-2105.92	189.9657	1.910645	0.9101384
2958	-1910.362	-2100.275	189.9135	1.963963	0.9089554
2964	-1924.061	-2113.922	189.8614	1.980991	0.9469147
2970	-1915.733	-2105.62	189.8873	1.836661	1.064841
2976	-1921.303	-2111.262	189.9588	1.942446	0.8819734
2982	-1913.689	-2103.728	190.0383	1.856565	0.8892627
2988	-1909.512	-2099.48	189.9684	2.041914	0.7389927
2994	-1909.163	-2099.101	189.9382	2.090178	0.7098385
3000	-1909.504	-2099.452	189.9484	2.061429	0.739727
3006	-1915.869	-2105.747	189.8775	2.101867	0.784061
3012	-1926.117	-2115.454	189.3374	1.580034	1.70284
3018	-1929.999	-2119.423	189.4241	1.493283	1.70284
3024	-1908.427	-2098.404	189.9768	2.068779	0.6792124
3030	-1913.721	-2103.724	190.0026	1.977483	0.7831182
3036	-1909.92	-2099.834	189.9145	2.153254	0.6323439
3042	-1914.055	-2103.641	189.5863	1.583689	1.519654
3048	-1915.995	-2105.25	189.2546	1.603493	1.744615
3054	-1917.574	-2106.512	188.9383	1.510569	2.023306
3060	-1914.659	-2103.754	189.0948	1.547469	1.893432
3066	-1919.8	-2108.731	188.9312	1.492787	2.039829
3072	-1921.777	-2110.078	188.3007	1.544098	2.413525
3078	-1911.844	-2100.889	189.0444	1.468606	1.980565
3084	-1910.893	-2099.884	188.9903	1.436417	2.03804
3090	-1913.142	-2102.374	189.2324	1.455064	1.862681
3096	-1922.906	-2112.024	189.1184	1.569063	1.862681
3102	-1915.159	-2104.913	189.7537	1.583963	1.391873
3108	-1914.913	-2104.436	189.5235	1.622348	1.5376
3114	-1918.449	-2107.596	189.1479	1.388565	1.964881
3120	-1917.253	-2106.472	189.2191	1.507156	1.836086
3126	-1925.619	-2114.974	189.3552	1.557316	1.706292
3132	-1920.502	-2110.092	189.5903	1.640773	1.4738
3138	-1911.303	-2100.872	189.5694	1.65607	1.478041
3144	-1901.775	-2091.106	189.331	1.503047	1.761441
3150	-1909.032	-2098.903	189.8714	1.800372	1.113068
3156	-1912.604	-2102.424	189.8195	1.668596	1.271447
3162	-1914.182	-2103.853	189.6704	1.670844	1.389098
3168	-1914.943	-2104.813	189.8702	1.620519	1.269249
3174	-1918.437	-2108.171	189.7337	1.691811	1.322314
3180	-1911.343	-2100.477	189.1341	1.63099	1.809354
3186	-1917.627	-2107.533	189.9065	1.731584	1.143297
3192	-1909.679	-2099.38	189.701	1.665507	1.369317
3198	-1916.87	-2106.548	189.6781	1.688341	1.369317
3204	-1912.308	-2101.999	189.691	1.760617	1.301271
3210	-1906.576	-2096.108	189.532	1.651311	1.509669
3216	-1903.531	-2093.453	189.9222	1.850979	1.01742
3222	-1910.537	-2100.543	190.0062	1.798013	0.986484
3228	-1909.078	-2098.956	189.8776	1.869503	1.042797
3234	-1908.399	-2098.204	189.8053	1.832033	1.143994
3240	-1902.869	-2092.587	189.7183	1.82682	1.223832
3246	-1905.341	-2095.016	189.6749	1.795371	1.286027
3252	-1903.857	-2093.618	189.761	1.788918	1.219793
3258	-1903.857	-2093.644	189.7873	1.734328	1.243536
3264	-1899.29	-2089.174	189.8836	1.89526	1.011895
3270	-1927.365	-2117.287	189.9221	2.053619	0.7890415
3276	-1922.277	-2112.248	189.9711	1.780751	1.038196
3282	-1916.187	-2105.958	189.7712	1.711166	1.276123
3288	-1930.046	-2119.79	189.7448	1.78054	1.240485
3294	-1921.139	-2110.369	189.23	1.604163	1.761375
3300	-1918.274	-2107.477	189.2026	1.505014	1.848886
3306	-1902.808	-2091.704	188.8961	1.438377	2.098837
3312	-1902.069	-2091.524	189.455	1.428971	1.726467
3318	-1909.934	-2099.336	189.402	1.481967	1.726467
3324	-1919.312	-2108.946	189.6337	1.543641	1.514161
3330	-1905.972	-2095.922	189.9495	1.699863	1.133266
3336	-1920.222	-2110.308	190.0859	1.89244	0.7855501
3342	-1914.03	-2103.95	189.92	1.841559	1.028796
3348	-1916.992	-2106.694	189.7027	1.694566	1.344967
3354	-1911.813	-2101.661	189.8489	1.749572	1.178071
3360	-1920.687	-2110.593	189.9057	1.783993	1.096687
3366	-1916.814	-2106.755	189.9402	1.829738	1.020657
3372	-1908.562	-2098.041	189.4792	1.635923	1.560219
3378	-1908.192	-2097.406	189.2146	1.49399	1.848236
3384	-1905.701	-2094.936	189.2351	1.385436	1.908182
3390	-1911.984	-2101.792	189.8073	1.959708	1.023505
3396	-1922.4	-2112.198	189.7982	1.749692	1.221472
3402	-1917.211	-2105.063	187.8528	1.269123	2.859818
3408	-1913.886	-2102.584	188.698	1.328764	2.298068
3414	-1915.801	-2104.642	188.8409	1.487889	2.102601
3420	-1913.609	-2102.634	189.025	1.484591	1.98284
3426	-1906.787	-2095.92	189.1326	1.530411	1.879343
3432	-1907.611	-2097.003	189.3918	1.613254	1.640308
3438	-1909.757	-2099.08	189.3233	1.696083	1.629999
3444	-1903.884	-2093.384	189.5	1.633078	1.546983
3450	-1914.69	-2104.213	189.5229	1.589305	1.56238
3456	-1910.305	-2099.488	189.1827	1.477917	1.880957
3462	-1921.018	-2111.038	190.02	1.890099	0.8716642
3468	-1908.226	-2098.254	190.0284	1.895888	0.8547671
3474	-1916.582	-2106.481	189.8991	1.890359	1.001331
3480	-1918.726	-2108.701	189.9753	1.895974	0.9157191
3486	-1920.335	-2110.341	190.0069	1.926869	0.8432632
3492	-1924.604	-2114.594	189.99	2.019804	0.7398269
3498	-1924.335	-2114.225	189.8898	2.185157	0.6140509
3504	-1909.596	-2099.498	189.9021	2.187376	0.5665274
3510	-1911.216	-2101.103	189.8866	2.187376	0.6166959
3516	-1908.031	-2097.876	189.8455	2.238963	0.5856221
3522	-1913.568	-2103.394	189.8269	2.270346	0.51447
3528	-1913.389	-2103.19	189.8005	2.296382	0.4811245
3534	-1908.765	-2098.447	189.6818	2.408406	0.4413354
3540	-1908.695	-2098.497	189.8022	2.291138	0.5477778
3546	-1924.091	-2113.913	189.8226	2.230401	0.6645471
3552	-1924.317	-2114.237	189.9205	2.007279	0.8506191
3558	-1928.39	-2118.296	189.906	2.110364	0.7295704
3564	-1904.212	-2094.06	189.8481	2.150308	0.7569416
3570	-1903.78	-2093.726	189.9457	1.8919	0.9519668
3576	-1903.817	-2093.807	189.9896	1.848057	0.9519668
3582	-1922.003	-2112.086	190.0828	1.752313	0.9546162
3588	-1915.082	-2104.833	189.7515	1.74311	1.266037
3594	-1906.548	-2096.522	189.9742	1.967874	0.8329691
3600	-1908.974	-2098.924	189.9507	1.967874	0.8617136
3606	-1905.302	-2095.251	189.949	1.984829	0.8432263
3612	-1917.226	-2107.213	189.9866	2.002741	0.7701479
3618	-1904.979	-2094.833	189.8539	2.18285	0.6953995
3624	-1925.305	-2114.927	189.6228	1.864701	1.271919
3630	-1916.907	-2106.69	189.7835	1.757575	1.227212
3636	-1918.237	-2107.993	189.7555	1.886084	1.140227
3642	-1936.916	-2126.62	189.7044	1.816095	1.244527
3648	-1913.074	-2102.806	189.7317	1.849315	1.193213
3654	-1925.973	-2115.754	189.7808	1.977822	1.031666
3660	-1916.907	-2106.706	189.7982	1.741379	1.228538
3666	-1917.961	-2107.758	189.7972	1.855502	1.130231
3672	-1916.999	-2106.426	189.427	1.643704	1.592782
3678	-1918.034	-2107.373	189.3392	1.653784	1.649005
3684	-1915.368	-2104.903	189.535	1.537614	1.591374
3690	-1922.856	-2112.619	189.7626	1.698779	1.293328
3696	-1928.205	-2118.185	189.9797	1.720675	1.086811
3702	-1928.349	-2118.27	189.9205	2.047209	0.7999353
3708	-1913.143	-2103.168	190.0254	1.970187	0.7611396
3714	-1916.46	-2106.308	189.8479	2.189889	0.693535
3720	-1906.948	-2096.807	189.859	2.23441	0.547536
3726	-1922.34	-2112.217	189.8773	2.219777	0.482937
3732	-1916.801	-2106.599	189.7982	2.298002	0.4735572
3738	-1907.691	-2097.241	189.5492	2.485032	0.3424444
3744	-1915.471	-2105.419	189.9473	2.14717	0.540623
3750	-1916.488	-2106.417	189.9291	1.952028	0.904832
3756	-1913.437	-2103.335	189.8981	2.145811	0.6821984
3762	-1916.19	-2106.101	189.911	2.166572	0.6069744
3768	-1908.775	-2098.475	189.6996	2.366222	0.3843194
3774	-1907.731	-2097.287	189.5557	2.510259	0.3845086
3780	-1911.844	-2101.391	189.5475	2.513433	0.3764781
3786	-1912.629	-2102.364	189.7352	2.362399	0.4940019
3792	-1912.926	-2102.131	189.2053	2.704612	0.2527258
3798	-1913.504	-2102.757	189.2529	2.670892	0.2600626
3804	-1915.887	-2105.265	189.378	2.572882	0.275667
3810	-1931.847	-2121.785	189.9372	2.053103	0.7687046
3816	-1927.94	-2117.841	189.9008	2.174178	0.6142554
3822	-1905.64	-2095.459	189.8192	2.275717	0.5377683
3828	-1918.336	-2108.031	189.6951	2.385619	0.4135519
3834	-1919.888	-2109.787	189.8989	2.068881	0.7997944
3840	-1921.533	-2110.558	189.0256	2.855325	0.2387257
3846	-1924.303	-2113.666	189.3638	2.569921	0.2655359
3852	-1915.577	-2105.009	189.4312	2.564248	0.3066576
3858	-1921.919	-2111.391	189.4724	2.501978	0.2910019
3864	-1911.776	-2101.698	189.9227	1.932038	0.9337711
3870	-1927.21	-2116.497	189.2866	2.70305	0.3021199
3876	-1921.933	-2111.148	189.215	2.737575	0.27671
3882	-1916.064	-2105.881	189.8171	1.966364	1.007319
3888	-1918.115	-2107.953	189.8378	1.968259	0.9846557
3894	-1918.92	-2108.794	189.8746	1.869274	1.045843
3900	-1917.195	-2106.763	189.5677	2.507889	0.4022779
3906	-1910.403	-2100.295	189.8923	2.176533	0.6298922
3912	-1909.025	-2098.722	189.6969	1.59403	1.428061
3918	-1919.209	-2108.795	189.5854	1.710809	1.42406
3924	-1914.948	-2104.677	189.7294	1.773683	1.258979
3930	-1909.735	-2099.475	189.7404	2.354441	0.4633488
3936	-1915.835	-2105.569	189.7339	2.363646	0.4918407
3942	-1912.588	-2102.39	189.8012	1.799016	1.176608
3948	-1917.834	-2107.738	189.904	1.870389	1.01624
3954	-1910.271	-2100.067	189.7953	2.28379	0.6024986
3960	-1910.026	-2099.859	189.8329	2.231582	0.640105
3966	-1907.512	-2097.547	190.0355	1.906597	0.8329357
3972	-1919.729	-2109.51	189.7814	1.708341	1.270089
3978	-1905.001	-2094.293	189.2919	1.775437	1.595232
3984	-1911.234	-2100.951	189.7175	1.820879	1.229475
3990	-1915.023	-2104.714	189.6912	1.73972	1.317991
3996	-1921.086	-2110.761	189.6744	1.788042	1.292394
4002	-1911.566	-2101.2	189.6339	1.682206	1.408676
4008	-1915.852	-2105.378	189.5259	1.659927	1.507786
4014	-1915.212	-2104.854	189.6415	1.846966	1.271131
4020	-1915.264	-2105.102	189.8379	1.981127	0.9713483
4026	-1904.166	-2094.109	189.9428	1.931356	0.9126057
4032	-1920.109	-2109.214	189.1047	1.384148	1.996693
4038	-1913.6	-2102.6	188.9994	1.417399	2.044602
4044	-1929.855	-2118.435	188.5795	1.527307	2.246707
4050	-1927.275	-2115.962	188.6873	1.419523	2.246707
4056	-1918.783	-2108.022	189.2381	1.496898	1.830043
4062	-1921.983	-2111.856	189.8737	2.219256	0.5500419
4068	-1925.974	-2115.857	189.8829	2.213692	0.5230428
4074	-1911.806	-2101.637	189.8307	2.223122	0.6628991
4080	-1910.831	-2100.316	189.4845	1.574618	1.601189
4086	-1917.156	-2106.803	189.6475	1.615504	1.449486
4092	-1913.059	-2102.86	189.8005	1.626205	1.321369
4098	-1912.667	-2102.024	189.3569	1.584598	1.68574
4104	-1897.281	-2087.221	189.9399	2.128923	0.6299005
4110	-1908.748	-2098.764	190.0161	1.634437	1.132196
4116	-1904.39	-2094.266	189.8756	1.829158	1.082809
4122	-1904.673	-2094.545	189.8725	1.901489	1.016701
4128	-1911.73	-2101.601	189.8715	1.855786	1.061703
4134	-1911.942	-2101.567	189.6241	1.802569	1.321407
4140	-1904.299	-2094.191	189.8927	1.875963	1.02188
4146	-1914.903	-2104.803	189.9007	1.758349	1.124559
4152	-1925.842	-2115.546	189.7036	1.955483	1.124559
4158	-1919.678	-2109.446	189.7686	1.897609	1.118071
4164	-1917.642	-2107.449	189.8074	1.858892	1.118071
4170	-1917.234	-2107.106	189.8721	1.989713	0.9260665
4176	-1906.764	-2096.772	190.008	1.974049	0.7803766
4182	-1914.095	-2104.017	189.9218	1.944503	0.9212189
4188	-1913.665	-2103.611	189.9461	1.835672	1.008958
4194	-1903.353	-2092.98	189.6271	1.702544	1.398135
4200	-1912.987	-2102.584	189.597	2.499276	0.4740048
4206	-1913.54	-2103.396	189.8562	2.236952	0.5490195
4212	-1915.074	-2104.911	189.8371	2.243623	0.5976905
4218	-1917.87	-2107.667	189.7967	2.277982	0.6148995
4224	-1910.889	-2100.773	189.8834	1.721422	1.172564
4230	-1915.053	-2104.853	189.7998	1.767268	1.205162
4236	-1922.266	-2112.1	189.8342	1.767828	1.175062
4242	-1916.203	-2106.241	190.0377	1.737082	1.01589
4248	-1911.164	-2100.561	189.3973	1.522705	1.70098
4254	-1909.272	-2098.786	189.5138	1.628914	1.539876
4260	-1907.064	-2096.014	188.9498	1.473716	2.040164
4266	-1918.869	-2107.818	188.9483	1.340466	2.128761
4272	-1916.042	-2105.111	189.0689	1.357345	2.038357
4278	-1911.724	-2100.797	189.073	1.449735	1.974049
4284	-1925.113	-2114.504	189.3907	1.575254	1.668347
4290	-1913.36	-2103.052	189.6917	1.719011	1.334182
4296	-1923.485	-2113.184	189.6988	1.756439	1.298335
4302	-1928.022	-2117.976	189.9533	1.905389	0.9295297
4308	-1918.317	-2108.27	189.953	2.105234	0.6538847
4314	-1924.902	-2114.859	189.9566	2.076979	0.7009869
4320	-1913.555	-2103.463	189.9083	2.060219	0.7987732
4326	-1911.189	-2101.248	190.0593	1.763784	0.9671577
4332	-1913.84	-2103.79	189.9501	1.761791	1.076151
4338	-1920.113	-2109.773	189.6601	1.801824	1.292876
4344	-1915.963	-2103.381	187.4185	1.364827	3.063517
4350	-1915.191	-2103.221	188.03	1.24565	2.766316
4356	-1920.178	-2108.534	188.3558	1.249917	2.56318
4362	-1912.966	-2101.703	188.7376	1.319693	2.278508
4368	-1909.919	-2098.638	188.7192	1.289227	2.309736
4374	-1902.058	-2091.254	189.1965	1.275743	2.007808
4380	-1901.59	-2090.53	188.9401	1.460597	2.055219
4386	-1904.762	-2094.102	189.3395	1.44814	1.793737
4392	-1909.76	-2099.256	189.4958	1.577254	1.591089
4398	-1912.855	-2102.475	189.6205	1.50361	1.553605
4404	-1921.245	-2110.784	189.5393	1.680437	1.482333
4410	-1918.22	-2108.169	189.9487	2.029474	0.7857342
4416	-1908.913	-2098.881	189.9677	1.993512	0.8085509
4422	-1924.844	-2114.199	189.355	1.545698	1.71468
4428	-1923.55	-2112.844	189.2943	1.508469	1.783185
4434	-1901.137	-2090.957	189.8208	1.922514	1.046452
4440	-1918.639	-2108.302	189.6631	1.634139	1.423232
4446	-1920.996	-2110.688	189.6924	1.783546	1.28136
4452	-1908.797	-2098.823	190.0261	1.922071	0.8252737
4458	-1918.105	-2107.865	189.7604	1.831851	1.183512
4464	-1917.362	-2107.154	189.7923	1.761289	1.216649
4470	-1915.72	-2105.314	189.5939	1.787909	1.357197
4476	-1915.391	-2105.149	189.7585	1.860801	1.159906
4482	-1922.898	-2112.889	189.991	1.703834	1.091935
4488	-1909.138	-2099.095	189.9572	1.756887	1.074068
4494	-1923.461	-2113.316	189.8559	1.953925	0.9807879
4500	-1915.662	-2105.681	190.0199	1.849526	0.9177523
4506	-1913.319	-2103.274	189.9547	1.941557	0.8877453
4512	-1913.039	-2102.935	189.8962	1.908271	0.9862454
4518	-1919.422	-2109.159	189.7367	1.818654	1.215152
4524	-1924.588	-2114.483	189.8945	1.728165	1.156925
4530	-1901.682	-2091.435	189.7535	1.871596	1.154821
4536	-1906.139	-2095.978	189.839	1.949244	1.002494
4542	-1922.917	-2112.803	189.886	2.098535	0.7768919
4548	-1921.639	-2111.548	189.9092	2.175519	0.5848628
4554	-1922.949	-2112.767	189.8179	2.183544	0.7525482
4560	-1927.21	-2117.082	189.8716	2.048016	0.8603969
4566	-1924.471	-2114.329	189.8584	2.061227	0.8603969
4572	-1908.431	-2098.325	189.8941	2.084311	0.7854393
4578	-1914.37	-2104.212	189.8422	1.881318	1.065213
4584	-1911.798	-2101.71	189.9123	1.704828	1.161822
4590	-1907.138	-2096.678	189.5402	1.778153	1.406882
4596	-1915.257	-2105.102	189.8454	1.684522	1.236604
4602	-1918.914	-2108.94	190.0254	1.589857	1.163421
4608	-1924.497	-2114.034	189.5373	1.654137	1.503629
4614	-1923.083	-2112.848	189.7653	1.769541	1.232506
4620	-1925.55	-2115.366	189.8159	1.883427	1.087768
4626	-1929.633	-2119.471	189.8374	1.858868	1.090623
4632	-1935.473	-2124.834	189.3609	1.60261	1.670076
4638	-1915.784	-2105.277	189.4929	1.608103	1.570594
4644	-1914.136	-2103.664	189.5279	1.578939	1.566335
4650	-1906.968	-2096.782	189.8142	1.634315	1.303727
4656	-1902.207	-2091.439	189.2323	1.44363	1.870546
4662	-1905.177	-2095.137	189.9603	2.089142	0.671682
4668	-1902.212	-2092.061	189.8488	2.200623	0.671682
4674	-1913.681	-2102.886	189.2044	1.425861	1.901617
4680	-1901.177	-2090.913	189.736	2.360534	0.476511
4686	-1913.725	-2103.556	189.8314	2.2657	0.484474
4692	-1906.236	-2096.302	190.0665	1.79292	0.9286555
4698	-1908.307	-2098.2	189.8932	1.779861	1.11192
4704	-1910.649	-2100.374	189.7246	2.371511	0.5279322
4710	-1911.213	-2101.002	189.7887	1.884318	1.11192
4716	-1904.913	-2094.816	189.903	1.841531	1.0453
4722	-1918.737	-2108.273	189.5362	1.64309	1.512707
4728	-1919.193	-2108.971	189.7773	1.673739	1.30173
4734	-1915.716	-2105.552	189.8363	1.829214	1.118709
4740	-1914.064	-2103.964	189.9002	1.812223	1.075653
4746	-1912.305	-2102.215	189.91	1.776908	1.099227
4752	-1912.998	-2102.781	189.7827	1.769922	1.217483
4758	-1915.702	-2105.311	189.6091	1.696652	1.416679
4764	-1912.723	-2102.13	189.4074	1.719882	1.551317
4770	-1919.602	-2109.616	190.0141	1.893942	0.8740455
4776	-1921.177	-2111.011	189.8342	1.956266	1.000287
4782	-1912.187	-2101.122	188.9353	1.529173	2.012981
4788	-1905.238	-2093.81	188.5711	1.428628	2.315271
4794	-1900.765	-2090.835	190.0698	1.88648	0.8149214
4800	-1914.803	-2104.789	189.9862	1.868425	0.9338696
4806	-1920.623	-2110.642	190.0186	1.789103	0.9829396
4812	-1920.89	-2110.829	189.9398	1.865301	0.9855639
4818	-1919.26	-2109.259	189.9993	1.903829	0.8797902
4824	-1909.124	-2099.114	189.9904	1.788175	1.012117
4830	-1906.998	-2096.764	189.766	1.653692	1.327028
4836	-1914.27	-2104.039	189.7692	1.714857	1.274738
4842	-1914.264	-2104.222	189.9581	1.678927	1.144215
4848	-1913.766	-2103.645	189.8792	1.679224	1.212495
4854	-1914.437	-2104.232	189.7954	1.718191	1.250286
4860	-1920.822	-2110.589	189.7667	1.776305	1.225645
4866	-1913.035	-2102.666	189.6304	1.710755	1.389178
4872	-1912.715	-2102.413	189.6978	1.860098	1.212972
4878	-1908.15	-2098.11	189.9594	1.891173	0.9382642
4884	-1904.236	-2094.164	189.9289	1.956596	0.8999321
4890	-1906.349	-2096.3	189.951	1.766915	1.070471
4896	-1900.396	-2090.329	189.9339	1.951706	0.8998339
4902	-1916.611	-2106.337	189.7252	2.108742	0.9558184
4908	-1908.831	-2098.818	189.9873	2.022617	0.739658
4914	-1912.986	-2102.629	189.6426	2.448582	0.5591909
4920	-1899.739	-2089.391	189.6522	2.445245	0.5101538
4926	-1913.386	-2103.122	189.7365	2.358388	0.5381167
4932	-1899.37	-2089.09	189.7204	2.376694	0.5164004
4938	-1905.721	-2095.533	189.8123	2.28521	0.4926629
4944	-1911.03	-2101.008	189.9779	2.035554	0.7341025
4950	-1916.93	-2106.767	189.8369	2.231747	0.6301927
4956	-1921.264	-2111.063	189.7993	2.269401	0.6301927
4962	-1915.378	-2105.23	189.8516	2.186084	0.6937246
4968	-1909.779	-2099.558	189.7787	2.081241	0.9281803
4974	-1911.785	-2101.735	189.9504	2.039336	0.7695518
4980	-1909.614	-2099.528	189.9135	2.012663	0.8525191
4986	-1911.526	-2101.455	189.929	2.086686	0.7305954
4992	-1921.561	-2111.444	189.8834	2.202712	0.5797017
4998	-1911.971	-2101.957	189.9863	2.033246	0.7243978
5004	-1905.119	-2095.05	189.9306	1.871784	0.9883642
5010	-1920.256	-2110.089	189.8329	1.724826	1.213134
5016	-1923.862	-2113.662	189.8006	1.744628	1.223752
5022	-1918.268	-2108.078	189.8102	1.73499	1.223752
5028	-1924.897	-2114.933	190.036	1.906171	0.8328805
5034	-1928.209	-2118.109	189.9001	1.937619	0.9518605
5040	-1912.01	-2101.737	189.7264	1.538833	1.447833
5046	-1921.89	-2111.545	189.6559	1.667581	1.402945
5052	-1923.277	-2113.058	189.7809	1.860797	1.140128
5058	-1915.015	-2104.707	189.692	1.835461	1.238657
5064	-1914.626	-2104.539	189.9124	1.930212	0.9466827
5070	-1929.685	-2119.069	189.3834	1.416037	1.785541
5076	-1930.989	-2120.546	189.5576	1.524504	1.584488
5082	-1907.933	-2097.629	189.6963	1.671495	1.368249
5088	-1907.31	-2097.003	189.6924	1.802195	1.266015
5094	-1904.343	-2094.05	189.7062	1.782772	1.270685
5100	-1912.188	-2101.978	189.7904	1.719746	1.253138
5106	-1905.242	-2095.143	189.9009	1.970304	0.915771
5112	-1909.716	-2099.6	189.8832	2.032354	0.8651951
5118	-1911.405	-2101.209	189.8045	2.213406	0.7270233
5124	-1918.908	-2108.704	189.796	2.201651	0.7581525
5130	-1906.705	-2096.587	189.8823	2.019609	0.8811844
5136	-1903.669	-2093.548	189.8791	1.925499	0.9861058
5142	-1915.944	-2105.833	189.8888	1.969992	0.9294034
5148	-1913.578	-2103.43	189.8514	2.110729	0.8073363
5154	-1908.905	-2098.847	189.9419	2.062945	0.7474242
5160	-1921.892	-2111.725	189.8338	1.730653	1.207406
5166	-1910.307	-2100.091	189.7845	1.716453	1.260785
5172	-1898.799	-2088.707	189.9089	2.009174	0.8622351
5178	-1917.101	-2107.05	189.949	1.994693	0.8309446
5184	-1931.065	-2120.333	189.2679	1.435046	1.852064
5190	-1937.875	-2126.153	188.2778	1.376712	2.532774
5196	-1930.611	-2119.373	188.7621	1.337589	2.251322
5202	-1930.88	-2118.535	187.6548	1.172649	3.037122
5208	-1922.668	-2111.514	188.846	1.293599	2.225595
5214	-1914.66	-2104.2	189.5399	1.48748	1.624239
5220	-1906.547	-2095.641	189.0942	1.542955	1.896931
5226	-1902.398	-2091.794	189.3964	1.567055	1.67011
5232	-1916.271	-2105.96	189.6886	1.941409	1.150515
5238	-1905.112	-2094.915	189.8036	1.7949	1.1781
5244	-1911.722	-2101.137	189.4146	1.418083	1.76241
5250	-1917.117	-2106.616	189.4991	1.532476	1.621178
5256	-1927.341	-2116.951	189.61	1.609865	1.482212
5262	-1913.558	-2103.308	189.7504	1.862123	1.165859
5268	-1921.052	-2110.942	189.8903	1.825594	1.072434
5274	-1907.028	-2096.736	189.7077	1.78071	1.271129
5280	-1910.075	-2099.941	189.8667	1.91686	1.007225
5286	-1906.524	-2096.427	189.9021	2.175931	0.6055102
5292	-1934.812	-2124.665	189.8533	2.208408	0.6463216
5298	-1932.066	-2121.912	189.8465	2.130499	0.7873191
5304	-1914.499	-2104.306	189.8078	2.286792	0.5397174
5310	-1903.608	-2093.395	189.7874	2.307273	0.5397174
5316	-1915.221	-2104.946	189.7253	2.371645	0.5193172
5322	-1919.342	-2109.179	189.8364	1.650161	1.272686
5328	-1910.792	-2100.35	189.5582	1.737023	1.424784
5334	-1914.847	-2104.762	189.915	1.946423	0.9265067
5340	-1915.935	-2105.922	189.987	1.888834	0.9107552
5346	-1926.993	-2116.77	189.7771	1.888834	1.118378
5352	-1923.855	-2113.817	189.9617	1.975822	0.8386099
5358	-1932.496	-2122.352	189.8554	1.936621	0.9987311
5364	-1923.356	-2113.073	189.717	1.703541	1.326364
5370	-1915.04	-2104.867	189.8266	1.702377	1.237384
5376	-1920.447	-2110.334	189.8867	1.720103	1.170843
5382	-1923.721	-2113.587	189.8659	1.711309	1.196511
5388	-1915.435	-2105.118	189.6831	1.684183	1.368696
5394	-1927.39	-2117.281	189.8904	2.046345	0.839633
5400	-1930.116	-2120.091	189.9748	1.957473	0.8451708
5406	-1921.432	-2111.408	189.9762	1.845268	0.968852
5412	-1916.517	-2106.408	189.8905	1.832802	1.065432
5418	-1915.279	-2105.03	189.7511	1.994885	1.043903
5424	-1921.914	-2111.759	189.8452	2.071189	0.8642504
5430	-1926.744	-2116.659	189.9141	2.041954	0.8152159
5436	-1938.739	-2128.724	189.9851	2.041954	0.7120228
5442	-1906.754	-2096.65	189.8954	2.012548	0.8741913
5448	-1918.845	-2108.726	189.8803	1.924937	0.9854513
5454	-1924.879	-2114.666	189.7874	1.994345	1.008963
5460	-1928.775	-2118.649	189.8735	1.908289	1.008963
5466	-1931.503	-2121.25	189.7469	1.910311	1.12619
5472	-1919.354	-2109.333	189.9792	2.012438	0.7667866
5478	-1916.651	-2106.594	189.9431	1.973693	0.8638258
5484	-1914.572	-2104.274	189.7019	1.842657	1.22428
5490	-1915.833	-2105.651	189.8185	2.087083	0.8769075
5496	-1924.422	-2114.271	189.8491	2.056549	0.8769075
5502	-1917.281	-2107.237	189.9567	2.038216	0.7620434
5508	-1910.989	-2101.034	190.0442	1.935037	0.7843371
5514	-1910.879	-2100.924	190.0448	1.934437	0.7843371
5520	-1911.418	-2101.245	189.8266	2.257748	0.5861436
5526	-1907.963	-2097.846	189.883	2.165765	0.6730403
5532	-1904.491	-2094.488	189.9973	1.979064	0.7881594
5538	-1901.636	-2091.58	189.9444	1.993185	0.8386065
5544	-1900.278	-2090.126	189.8482	2.072283	0.8594225
5550	-1917.045	-2107.163	190.1178	1.806917	0.8542891
5556	-1916.404	-2106.302	189.8973	2.018356	0.865084
5562	-1923.786	-2112.789	189.0034	1.514375	1.977405
5568	-1922.614	-2111.385	188.7703	1.507762	2.135751
5574	-1925.327	-2113.561	188.2342	1.41736	2.534626
5580	-1915.423	-2104.976	189.5539	1.735742	1.429068
5586	-1904.967	-2094.377	189.4095	1.630568	1.615073
5592	-1917.895	-2107.783	189.8881	2.058068	0.8278136
5598	-1918.229	-2108.131	189.9029	1.985263	0.8969004
5604	-1914.626	-2104.573	189.9469	1.866763	0.976873
5610	-1913.743	-2103.665	189.9223	1.908034	0.9595752
5616	-1914.007	-2103.951	189.9448	2.034114	0.7847836
5622	-1913.462	-2103.185	189.7236	1.757141	1.277434
5628	-1910.214	-2099.946	189.7321	1.748685	1.277434
5634	-1904.382	-2094.431	190.0494	1.870378	0.860178
5640	-1903.288	-2093.226	189.9382	1.957369	0.8884682
5646	-1904.6	-2094.581	189.9813	2.022699	0.7485968
5652	-1904.378	-2094.438	190.0602	1.877366	0.8385733
5658	-1910.244	-2100.29	190.0459	1.932884	0.7849047
5664	-1933.559	-2123.411	189.8523	2.121143	0.7921781
5670	-1913.563	-2103.427	189.8645	2.020444	0.9005947
5676	-1902.91	-2092.78	189.8702	2.043607	0.8673275
5682	-1924.242	-2113.089	188.8472	1.550511	2.057242
5688	-1917.125	-2106.287	189.1617	1.451801	1.912983
5694	-1918.878	-2107.531	188.6526	1.390491	2.287621
5700	-1912.501	-2102.247	189.7455	1.620494	1.369683
5706	-1908.173	-2097.91	189.7375	1.625885	1.371773
5712	-1902.598	-2092.269	189.6709	1.754963	1.322048
5718	-1902.381	-2092.203	189.8217	1.652864	1.282558
5724	-1920.525	-2109.788	189.2633	1.475237	1.827659
5730	-1917.374	-2106.956	189.582	1.4457	1.623996
5736	-1916.364	-2105.824	189.4597	1.529179	1.651914
5742	-1905.567	-2094.607	189.0397	1.496931	1.964738
5748	-1903.003	-2091.761	188.7571	1.508001	2.144244
5754	-1918.95	-2107.605	188.6548	1.417754	2.268754
5760	-1914.225	-2103.404	189.1785	1.504216	1.865916
5766	-1919.61	-2109.064	189.4548	1.494806	1.679993
5772	-1899.953	-2089.401	189.4482	1.546554	1.647705
5778	-1914.75	-2104.445	189.6957	1.457715	1.531944
5784	-1923.706	-2113.358	189.6528	1.770354	1.324249
5790	-1904.249	-2093.564	189.3152	1.526814	1.75589
5796	-1920.926	-2110.472	189.5461	1.472159	1.630805
5802	-1926.585	-2116.203	189.6176	1.613043	1.474107
5808	-1916.697	-2106.452	189.7548	1.459925	1.486085
5814	-1900.988	-2090.836	189.8484	1.77246	1.158503
5820	-1913.448	-2103.208	189.76	1.952195	1.075867
5826	-1911.596	-2101.195	189.5993	1.663866	1.449349
5832	-1921.963	-2110.686	188.7222	1.42234	2.222449
5838	-1921.796	-2110.619	188.8232	1.32133	2.222449
5844	-1917.828	-2107.628	189.7997	1.623719	1.324053
5850	-1920.441	-2109.998	189.5569	1.751241	1.41479
5856	-1923.754	-2113.407	189.6526	1.7094	1.372841
5862	-1907.433	-2097.145	189.7125	1.808679	1.243953
5868	-1915.026	-2104.939	189.913	1.747796	1.123026
5874	-1916.621	-2106.517	189.8967	1.884047	1.009973
5880	-1920.696	-2110.647	189.9506	1.829114	1.010997
5886	-1924.372	-2114.259	189.8868	1.892884	1.010997
5892	-1901.011	-2090.922	189.911	1.88623	0.9935038
5898	-1913.618	-2103.624	190.0059	1.825477	0.9585396
5904	-1927.082	-2116.99	189.9079	1.665839	1.199493
5910	-1909.526	-2099.308	189.7817	1.81898	1.176222
5916	-1901.744	-2091.333	189.5893	1.700635	1.428868
5922	-1907.344	-2097.361	190.0164	2.009804	0.7135388
5928	-1905.238	-2095.154	189.9166	2.163119	0.6008352
5934	-1897.847	-2087.734	189.887	2.205982	0.5496993
5940	-1906.52	-2096.338	189.8184	2.177371	0.7608982
5946	-1907.093	-2097.07	189.977	2.006451	0.7783747
5952	-1909.03	-2098.905	189.8754	2.006451	0.9040563
5958	-1909.196	-2099.128	189.9321	1.961036	0.8913074
5964	-1915.389	-2105.323	189.9335	1.819868	1.036785
5970	-1926.238	-2116.138	189.8998	1.848159	1.042011
5976	-1913.822	-2103.792	189.9694	1.826724	0.9946263
5982	-1911.879	-2101.822	189.9428	1.766836	1.078229
5988	-1909.083	-2098.978	189.8958	1.776346	1.112755
5994	-1909.7	-2099.588	189.8877	1.863867	1.038468
6000	-1919.652	-2109.598	189.9458	1.747801	1.093104
6006	-1920.442	-2110.285	189.8431	1.850535	1.093104
6012	-1920.784	-2110.732	189.9483	1.89912	0.9415986
6018	-1919.427	-2109.229	189.8012	1.80904	1.167852
6024	-1917.172	-2107.224	190.0518	1.807803	0.9284645
6030	-1912.102	-2102.157	190.0552	1.804422	0.9284645
6036	-1916.334	-2106.359	190.0255	1.683725	1.078655
6042	-1914.568	-2104.472	189.9031	1.785187	1.098018
6048	-1908.32	-2098.179	189.8589	1.708844	1.204561
6054	-1913.863	-2103.608	189.7444	1.578677	1.403238
6060	-1913.844	-2103.257	189.4131	1.499783	1.706005
6066	-1917.079	-2106.598	189.5198	1.547478	1.595245
6072	-1904.687	-2094.538	189.8507	2.238549	0.5673902
6078	-1911.474	-2101.298	189.8235	2.177327	0.7534153
6084	-1910.144	-2100.163	190.0198	1.964759	0.7769115
6090	-1909.419	-2099.331	189.9118	2.119323	0.7051363
6096	-1909.002	-2098.919	189.9164	2.11477	0.7051363
6102	-1919.202	-2109.006	189.8041	1.467141	1.44321
6108	-1906.323	-2095.278	188.9546	1.517939	2.007595
6114	-1906.718	-2096.201	189.483	1.52561	1.63777
6120	-1909.088	-2098.108	189.0206	1.425547	2.025106
6126	-1905.216	-2094.912	189.6964	1.473056	1.520044
6132	-1917.46	-2107.21	189.75	1.596477	1.384972
6138	-1915.586	-2105.268	189.6818	1.577463	1.452383
6144	-1913.862	-2103.596	189.7343	1.524893	1.452383
6150	-1921.693	-2111.215	189.5227	1.472176	1.6476
6156	-1917.81	-2107.188	189.3784	1.56177	1.686688
6162	-1907.747	-2097.572	189.825	1.648726	1.283242
6168	-1921.893	-2111.828	189.935	1.645249	1.193904
6174	-1914.215	-2103.253	189.0379	1.427276	2.01248
6180	-1918.699	-2108.509	189.8096	1.701775	1.252145
6186	-1925.346	-2114.788	189.4422	1.652664	1.575156
6192	-1929.886	-2118.573	188.6872	1.372814	2.276771
6198	-1912.682	-2101.335	188.6535	1.292265	2.349644
6204	-1909.025	-2097.29	188.2654	1.218437	2.638596
6210	-1926.471	-2115.929	189.458	1.494533	1.677927
6216	-1924.438	-2113.993	189.5558	1.646799	1.495253
6222	-1919.84	-2109.023	189.1832	1.531613	1.843965
6228	-1923.25	-2112.376	189.1258	1.477418	1.919925
6234	-1915.402	-2105.288	189.8859	1.839032	1.063856
6240	-1919.038	-2108.424	189.3857	1.709595	1.574777
6246	-1918.084	-2107.632	189.548	1.726145	1.440993
6252	-1916.506	-2106.04	189.5342	1.654391	1.505725
6258	-1916.087	-2105.817	189.7298	1.621098	1.381519
6264	-1926.922	-2116.64	189.7174	1.756152	1.283382
6270	-1913.036	-2102.907	189.8702	1.99472	0.9227303
6276	-1909.364	-2099.241	189.8775	1.843341	1.067782
6282	-1907.63	-2097.582	189.9523	1.885123	0.9521993
6288	-1904.089	-2093.995	189.9067	1.94892	0.932748
6294	-1926.845	-2116.05	189.2045	1.709605	1.705142
6300	-1907.34	-2097.238	189.8985	1.867958	1.024064
6306	-1909.452	-2099.426	189.9734	1.832737	0.9845659
6312	-1908.414	-2098.401	189.9867	1.95176	0.8374812
6318	-1917.794	-2107.729	189.9352	2.00646	0.8335382
6324	-1926.486	-2116.448	189.9622	2.068563	0.7057162
6330	-1915.123	-2104.463	189.3399	1.610156	1.679655
6336	-1915.617	-2105.034	189.4171	1.53292	1.679655
6342	-1924.421	-2113.814	189.393	1.557093	1.679655
6348	-1926.303	-2114.596	188.2929	1.468874	2.465737
6354	-1927.752	-2116.702	188.95	1.437964	2.063661
6360	-1913.508	-2103.317	189.8093	1.785258	1.181521
6366	-1912.693	-2102.234	189.5413	1.711656	1.457142
6372	-1915.687	-2105.171	189.4835	1.705176	1.5057
6378	-1909.351	-2098.972	189.6205	1.674527	1.424953
6384	-1909.084	-2098.67	189.5862	1.760244	1.385004
6390	-1912.04	-2101.675	189.6348	1.652532	1.430828
6396	-1919.934	-2109.776	189.8425	1.671381	1.250014
6402	-1918.48	-2108.108	189.628	1.730587	1.375532
6408	-1913.028	-2102.773	189.7446	1.771404	1.248242
6414	-1921.417	-2111.015	189.598	1.572705	1.519099
6420	-1947.13	-2136.81	189.6801	1.819587	1.261822
6426	-1930.844	-2120.709	189.865	1.631322	1.264608
6432	-1947.386	-2137.15	189.7639	1.921269	1.100819
6438	-1941.826	-2131.608	189.7825	2.051575	0.9557056
6444	-1922.055	-2111.765	189.7107	1.802296	1.250794
6450	-1924.202	-2113.913	189.7108	1.94975	1.123251
6456	-1927.48	-2117.229	189.7494	1.667557	1.329193
6462	-1925.971	-2115.602	189.6306	1.714469	1.386101
6468	-1910.957	-2100.716	189.7596	1.573706	1.395266
6474	-1916.247	-2105.773	189.5259	1.696755	1.48013
6480	-1914.968	-2104.575	189.6071	1.801677	1.335786
6486	-1902.271	-2091.894	189.6235	1.654479	1.43808
6492	-1903.208	-2092.986	189.7782	1.560063	1.391434
6498	-1911.72	-2101.157	189.4373	1.472816	1.707974
6504	-1906.345	-2095.899	189.5537	1.5777	1.548291
6510	-1906.06	-2095.767	189.7067	1.596539	1.418607
6516	-1908.509	-2097.841	189.3318	1.593137	1.697481
6522	-1912.189	-2101.733	189.5445	1.590568	1.545545
6528	-1919.19	-2108.522	189.3322	1.657885	1.651074
6534	-1921.743	-2111.184	189.4406	1.54945	1.651074
6540	-1927.118	-2116.766	189.6478	1.527341	1.515783
6546	-1923.616	-2113.221	189.6054	1.421618	1.62451
6552	-1915.432	-2104.892	189.4601	1.604967	1.596906
6558	-1909.54	-2099.355	189.815	1.741852	1.213864
6564	-1918.51	-2108.158	189.648	1.908873	1.213864
6570	-1921.261	-2111.244	189.9827	1.801362	1.006695
6576	-1926.256	-2115.958	189.702	1.563892	1.447329
6582	-1918.901	-2108.596	189.6947	1.62957	1.402333
6588	-1933.112	-2122.757	189.6445	1.737763	1.356877
6594	-1909.213	-2099.135	189.9223	2.068819	0.7676402
6600	-1911.938	-2101.843	189.9043	2.155491	0.6503745
6606	-1920.077	-2110	189.9228	2.125456	0.6739792
6612	-1912.038	-2101.972	189.9344	2.081854	0.7296547
6618	-1919.839	-2109.763	189.9235	2.099003	0.7196387
6624	-1918.893	-2108.842	189.9485	2.074016	0.7196387
6630	-1924.607	-2114.618	190.0113	1.892661	0.8788292
6636	-1919.364	-2109.245	189.8817	2.183333	0.638758
6642	-1904.687	-2094.646	189.9594	1.878231	0.9519083
6648	-1899.68	-2089.648	189.9684	1.91059	0.9072312
6654	-1897.189	-2087.25	190.0615	1.93534	0.7592368
6660	-1901.595	-2091.519	189.9237	2.130391	0.6623363
6666	-1917.644	-2107.481	189.8366	2.216057	0.6654128
6672	-1918.284	-2108.144	189.86	2.209606	0.6278389
6678	-1916.133	-2105.934	189.8001	2.252896	0.6646316
6684	-1915.871	-2105.625	189.7539	1.934734	1.097654
6690	-1916.127	-2105.988	189.8607	1.816465	1.108154
6696	-1914.036	-2103.875	189.839	1.867356	1.08125
6702	-1917.062	-2106.827	189.7655	2.027451	0.9978314
6708	-1917.616	-2107.476	189.86	2.027451	0.8977253
6714	-1909.794	-2099.695	189.9006	1.951659	0.9364032
6720	-1905.976	-2096.014	190.0376	1.843016	0.9054065
6726	-1912.95	-2102.963	190.0123	1.869562	0.9040066
6732	-1910.747	-2099.798	189.0514	1.262846	2.112085
6738	-1917.345	-2106.141	188.7966	1.32554	2.236852
6744	-1929.028	-2118.334	189.3067	1.305451	1.913889
6750	-1929.901	-2119.843	189.9425	2.015009	0.8133462
6756	-1923.257	-2113.1	189.8427	2.130579	0.7923544
6762	-1922.342	-2112.231	189.8885	2.130579	0.7251276
6768	-1920.446	-2110.344	189.8981	2.053216	0.8213487
6774	-1916.838	-2106.676	189.8376	2.113646	0.8213487
6780	-1916.996	-2106.793	189.7973	2.296958	0.5422997
6786	-1912.661	-2102.495	189.8341	2.259377	0.5471549
6792	-1909.908	-2099.46	189.552	1.728433	1.436138
6798	-1901.432	-2091.238	189.8062	1.686613	1.267498
6804	-1908.718	-2098.688	189.9694	1.958531	0.8503718
6810	-1907.543	-2097.523	189.9801	1.718644	1.088342
6816	-1907.053	-2097.022	189.9685	1.997773	0.8018363
6822	-1904.642	-2094.563	189.921	2.04977	0.7958201
6828	-1923.157	-2112.874	189.7167	2.025027	1.047962
6834	-1926.666	-2116.328	189.6623	1.700241	1.37243
6840	-1935.248	-2125.217	189.969	2.041252	0.7390527
6846	-1922.882	-2112.913	190.0314	1.91327	0.8296795
6852	-1921.611	-2111.497	189.8852	2.155156	0.688793
6858	-1921.04	-2110.846	189.8055	2.249363	0.6608446
6864	-1923.477	-2113.239	189.7619	2.27538	0.694312
6870	-1918.045	-2107.946	189.9011	2.084141	0.7758787
6876	-1914.489	-2104.341	189.8515	2.023773	0.9112806
6882	-1915.465	-2105.388	189.9223	1.868346	1.00013
6888	-1908.873	-2098.89	190.0164	1.896436	0.8684293
6894	-1910.315	-2100.355	190.0398	1.946338	0.7746053
6900	-1903.706	-2093.609	189.9027	2.152292	0.6606276
6906	-1906.7	-2096.707	190.0067	2.066208	0.6195668
6912	-1911.883	-2101.736	189.8532	2.219694	0.6195668
6918	-1904.643	-2094.491	189.8481	2.247323	0.5337749
6924	-1909.664	-2099.459	189.7958	2.30183	0.5016555
6930	-1911.106	-2101.014	189.9079	2.18428	0.5538782
6936	-1922.935	-2112.771	189.8357	2.190022	0.7143888
6942	-1916.752	-2106.591	189.8386	2.21009	0.6731164
6948	-1910.943	-2100.87	189.9268	2.155272	0.5935529
6954	-1927.14	-2117.044	189.9038	1.968611	0.9144444
6960	-1910.928	-2100.779	189.8511	2.079036	0.8477139
6966	-1905.397	-2095.268	189.8714	1.969037	0.9490008
6972	-1921.046	-2110.897	189.8512	2.158526	0.7398754
6978	-1928.605	-2118.437	189.8317	2.096571	0.8500407
6984	-1923.465	-2113.183	189.7175	1.673983	1.349537
6990	-1942.141	-2132.068	189.9266	1.94764	0.9124875
6996	-1947.678	-2137.393	189.7149	1.939906	1.128357
7002	-1928.188	-2118.147	189.9591	1.924654	0.9018399
7008	-1918.953	-2108.926	189.9731	2.034703	0.7429218
7014	-1913.783	-2103.688	189.9045	1.826943	1.057758
7020	-1919.988	-2108.802	188.8131	1.427279	2.160303
7026	-1913.922	-2102.941	189.0194	1.46902	1.996995
7032	-1901.726	-2091.491	189.7653	1.637251	1.340745
7038	-1904.309	-2094.338	190.0295	1.621681	1.131609
7044	-1914.332	-2103.816	189.484	1.572746	1.602915
7050	-1909.559	-2099.037	189.4778	1.553776	1.621193
7056	-1918.517	-2108.122	189.6059	1.56808	1.516683
7062	-1910.691	-2100.56	189.8693	1.765775	1.146016
7068	-1905.964	-2095.825	189.8608	1.915084	1.014762
7074	-1910.381	-2100.027	189.6458	1.858994	1.25756
7080	-1905.686	-2095.559	189.8723	1.632492	1.25756
7086	-1901.115	-2090.831	189.7164	1.593692	1.413324
7092	-1901.372	-2091.262	189.8895	1.971634	0.9268753
7098	-1913.461	-2103.289	189.8284	2.050548	0.9072358
7104	-1914.082	-2103.954	189.8722	1.882229	1.035766
7110	-1925.526	-2115.224	189.6977	1.534716	1.472745
7116	-1914.569	-2103.27	188.7013	1.371923	2.268297
7122	-1909.329	-2098.826	189.4972	1.636685	1.546434
7128	-1909.154	-2098.572	189.4178	1.488726	1.710513
7134	-1908.33	-2097.236	188.9062	1.418489	2.10525
7140	-1914.908	-2103.781	188.8734	1.452373	2.104578
7146	-1918.099	-2107.381	189.2827	1.266865	1.956067
7152	-1913.963	-2102.895	188.9317	1.319172	2.153502
7158	-1914.421	-2103.618	189.1977	1.387205	1.932311
7164	-1933.085	-2122.008	188.9222	1.379464	2.12033
7170	-1921.506	-2110.649	189.1434	1.315033	2.016998
7176	-1918.877	-2107.784	188.9073	1.573605	2.00199
7182	-1906.702	-2095.698	188.9961	1.423258	2.042881
7188	-1915.747	-2105.264	189.5165	1.452322	1.666263
7194	-1909.507	-2099.523	190.0164	1.780746	0.9936392
7200	-1906.896	-2096.815	189.9189	1.945137	0.9236465
7206	-1917.581	-2107.426	189.8449	2.101389	0.8276727
7212	-1923.211	-2113.156	189.9454	1.964976	0.8712965
7218	-1916.734	-2106.565	189.8312	2.215039	0.6778718
7224	-1933.009	-2122.219	189.21	1.480571	1.860574
7230	-1927.598	-2116.951	189.3528	1.647199	1.643911
7236	-1918.49	-2107.734	189.2434	1.561971	1.78144
7242	-1919.171	-2108.87	189.6994	1.684438	1.355583
7248	-1921.111	-2111.042	189.9316	1.982642	0.8667881
7254	-1912.855	-2102.941	190.0862	1.804045	0.8945446
7260	-1919.446	-2109.373	189.9269	1.799939	1.062131
7266	-1914.842	-2104.588	189.7457	1.702209	1.304225
7272	-1920.09	-2109.993	189.9035	2.13659	0.68924
7278	-1918.04	-2107.935	189.8948	2.175021	0.6273381
7284	-1920.449	-2110.315	189.8662	2.222874	0.5684058
7290	-1922.334	-2111.845	189.5112	1.643279	1.531195
7296	-1910.952	-2100.895	189.9432	1.652274	1.180701
7302	-1929.96	-2119.921	189.9611	2.112246	0.6184294
7308	-1920.478	-2110.134	189.6553	2.434315	0.4393596
7314	-1913.713	-2103.564	189.851	1.970313	0.9690144
7320	-1913.864	-2103.679	189.8155	2.281894	0.5099078
7326	-1917.76	-2107.584	189.8248	2.271495	0.4746845
7332	-1910.938	-2100.578	189.6406	2.456534	0.4845095
7338	-1914.476	-2104.116	189.6395	2.456534	0.472202
7344	-1923.924	-2113.7	189.776	2.321325	0.5127762
7350	-1924.076	-2113.972	189.8961	1.961612	0.93049
7356	-1917.213	-2107.19	189.9761	1.847977	0.9660826
7362	-1913.103	-2102.741	189.6375	1.760618	1.344278
7368	-1915.283	-2105.153	189.8708	1.805833	1.108679
7374	-1918.622	-2108.438	189.8159	1.978177	0.9967407
7380	-1915.791	-2105.55	189.7597	2.337391	0.5168333
7386	-1911.81	-2101.542	189.7318	2.364019	0.4704438
7392	-1908.647	-2098.548	189.9007	2.175545	0.6106914
7398	-1925.289	-2115.18	189.891	2.185238	0.6106914
7404	-1911.156	-2101.017	189.8615	2.220244	0.5944887
7410	-1904.703	-2094.588	189.8843	2.021097	0.8771867
7416	-1911.723	-2101.649	189.9262	2.15425	0.5984726
7422	-1918.191	-2108.105	189.9135	2.05274	0.8018243
7428	-1916.844	-2106.807	189.9629	1.984461	0.8262735
7434	-1909.39	-2099.229	189.8383	2.258255	0.5235388
7440	-1919.838	-2109.688	189.8501	2.237821	0.5731404
7446	-1917.188	-2107.072	189.8846	2.203328	0.5731404
7452	-1914.422	-2104.35	189.9282	2.099468	0.7111044
7458	-1910.13	-2100.172	190.0418	1.979429	0.7216371
7464	-1903.4	-2093.367	189.967	1.931866	0.8846812
7470	-1919.48	-2109.461	189.9809	1.878146	0.9290551
7476	-1924.669	-2114.688	190.0186	2.018452	0.6948478
7482	-1916.731	-2106.705	189.9747	2.029666	0.7481531
7488	-1921.737	-2111.749	190.0119	2.045892	0.654727
7494	-1913.199	-2103.175	189.9764	2.054436	0.705615
7500	-1909.125	-2099.141	190.0152	1.965776	0.7819302
7506	-1914.253	-2104.304	190.0515	1.940784	0.7658267
7512	-1930.238	-2120.118	189.8801	1.7853	1.11882
7518	-1910.269	-2099.966	189.6968	1.68577	1.356559
7524	-1902.147	-2091.807	189.6599	1.5988	1.452754
7530	-1900.933	-2090.514	189.5806	1.678169	1.452754
7536	-1903.169	-2093.092	189.9234	1.814805	1.051275
7542	-1919.155	-2109.052	189.8966	2.117135	0.7336186
7548	-1913.252	-2103.089	189.8369	2.259551	0.5248046
7554	-1922.701	-2112.614	189.9126	2.08445	0.7589188
7560	-1923.491	-2113.409	189.9176	2.074047	0.766882
7566	-1910.534	-2100.469	189.9348	2.066779	0.7522213
7572	-1918.724	-2108.795	190.0716	1.841875	0.867746
7578	-1909.608	-2099.512	189.9045	2.065247	0.797238
7584	-1908.178	-2098.231	190.0531	1.904678	0.8129975
7590	-1911.922	-2101.86	189.938	2.076163	0.7329885
7596	-1908.129	-2098.028	189.8992	2.128052	0.7117722
7602	-1903.973	-2093.751	189.7782	2.316251	0.5407729
7608	-1922.189	-2112.087	189.8974	2.194709	0.5545543
7614	-1925.835	-2115.757	189.9219	1.909175	0.9588357
7620	-1917.54	-2107.416	189.8757	2.18426	0.6501536
7626	-1916.661	-2106.501	189.8404	2.052152	0.8918808
7632	-1919.949	-2109.776	189.8267	2.019494	0.9428487
7638	-1914.869	-2104.832	189.9624	2.061014	0.7181329
7644	-1909.425	-2099.388	189.9629	2.044577	0.7434451
7650	-1920.234	-2110.173	189.9388	2.108123	0.6765162
7656	-1918.529	-2108.547	190.0183	1.933513	0.8206036
7662	-1901.201	-2091.182	189.9811	1.993479	0.7907234
7668	-1899.896	-2089.821	189.9253	2.110596	0.6968996
7674	-1917.765	-2107.686	189.9206	1.777884	1.088596
7680	-1913.822	-2103.817	189.9951	1.7195	1.073562
7686	-1915.494	-2105.376	189.8827	1.715672	1.178225
7692	-1910.38	-2100.365	189.9846	1.970185	0.8168022
7698	-1919.39	-2109.252	189.8615	1.946974	0.9821848
7704	-1911.416	-2101.281	189.8648	2.049306	0.8669141
7710	-1910.459	-2100.236	189.7767	1.601836	1.359761
7716	-1915.395	-2105.269	189.8735	1.670315	1.224934
7722	-1917.312	-2107.256	189.944	1.901453	0.9437106
7728	-1917.356	-2107.109	189.7522	1.667387	1.327082
7734	-1918.117	-2108.056	189.9388	1.630922	1.202907
7740	-1913.628	-2103.522	189.8942	1.746051	1.141425
7746	-1909.784	-2099.395	189.6116	1.797183	1.335728
7752	-1913.657	-2103.472	189.8152	1.783173	1.17818
7758	-1926.356	-2116.268	189.9119	1.686454	1.17818
7764	-1921.1	-2111.008	189.9079	2.139501	0.6755789
7770	-1905.367	-2095.261	189.8948	2.129967	0.7158424
7776	-1908.654	-2098.579	189.925	2.03573	0.8090682
7782	-1904.176	-2094.033	189.8572	1.936293	0.9972476
7788	-1911.784	-2101.86	190.0767	1.820106	0.8871036
7794	-1923.281	-2112.73	189.4496	1.738662	1.506
7800	-1918.245	-2108.151	189.9062	2.015794	0.8575479
7806	-1913.088	-2103.003	189.9144	2.076489	0.7678431
7812	-1909.806	-2099.855	190.049	1.983093	0.7035808
7818	-1911.746	-2101.635	189.8889	1.996758	0.899763
7824	-1911.119	-2100.958	189.8396	1.865883	1.082106
7830	-1933.919	-2123.38	189.4615	1.594722	1.60335
7836	-1918.065	-2107.405	189.3403	1.641979	1.656636
7842	-1920.964	-2110.384	189.4201	1.562226	1.656636
7848	-1919.207	-2108.268	189.0613	1.482828	1.959762
7854	-1919.03	-2107.722	188.6923	1.344221	2.291784
7860	-1914.533	-2104.405	189.8718	1.634692	1.256208
7866	-1919.066	-2108.768	189.702	1.874938	1.196691
7872	-1914.611	-2104.594	189.9831	1.892167	0.9113122
7878	-1912.14	-2102.037	189.8969	1.978381	0.9113122
7884	-1913.373	-2102.051	188.6785	1.334464	2.306848
7890	-1910.838	-2100.757	189.9194	1.992947	0.8690184
7896	-1911.776	-2101.301	189.5251	1.665417	1.504314
7902	-1930.488	-2119.666	189.1777	1.349025	1.971407
7908	-1911.115	-2100.21	189.095	1.452986	1.957168
7914	-1914.197	-2103.51	189.3132	1.469218	1.797303
7920	-1910.347	-2099.28	188.9331	1.379082	2.113493
7926	-1901.856	-2091.392	189.5366	1.458927	1.64717
7932	-1909.552	-2099.36	189.8078	1.765505	1.199858
7938	-1911.404	-2101.221	189.8168	1.904326	1.067446
7944	-1909.418	-2098.738	189.3196	1.699763	1.629972
7950	-1900.261	-2089.506	189.2448	1.541666	1.794552
7956	-1902.348	-2091.892	189.5445	1.612127	1.529569
7962	-1912.943	-2102.619	189.6756	1.775159	1.301934
7968	-1917.367	-2107.174	189.8071	1.817669	1.155071
7974	-1917.25	-2107.045	189.7947	1.995061	1.001023
7980	-1919.277	-2109.218	189.9413	2.017722	0.8113086
7986	-1910.193	-2100.066	189.8726	2.079469	0.8203616
7992	-1914.948	-2104.824	189.8756	2.076411	0.8203616
7998	-1907.924	-2097.827	189.9032	2.045144	0.825081
8004	-1923.34	-2113.376	190.0362	1.942584	0.7848831
8010	-1906.256	-2096.17	189.9144	1.971943	0.8989734
8016	-1912.604	-2102.467	189.8629	2.018023	0.9050917
8022	-1925.056	-2114.95	189.8943	2.102418	0.7595025
8028	-1926.11	-2115.944	189.8338	2.233666	0.6330882
8034	-1910.414	-2100.344	189.93	2.045868	0.7889023
8040	-1933.84	-2123.627	189.7862	2.279561	0.6371279
8046	-1925.93	-2115.803	189.873	2.121866	0.7621452
8052	-1920.618	-2110.492	189.8743	1.968722	0.9462976
8058	-1916.875	-2106.59	189.715	2.089559	0.9861488
8064	-1907.749	-2097.56	189.8112	2.165929	0.7872315
8070	-1931.423	-2121.233	189.8096	2.22407	0.7008456
8076	-1932.061	-2121.964	189.9036	2.052279	0.8154033
8082	-1921.39	-2111.315	189.9247	2.036193	0.8089734
8088	-1922.316	-2112.265	189.9484	2.095091	0.6830434
8094	-1920.687	-2110.539	189.8514	1.761936	1.165125
8100	-1922.14	-2112.013	189.8729	2.154532	0.711456
8106	-1929.374	-2119.226	189.8522	1.884418	1.052862
8112	-1906.169	-2096.039	189.8702	1.691006	1.210193
8118	-1909.72	-2099.462	189.7427	1.885751	1.151813
8124	-1916.733	-2106.282	189.5487	1.787152	1.393303
8130	-1919.784	-2109.461	189.6775	1.62948	1.415731
8136	-1913.961	-2103.651	189.6907	1.581667	1.442361
8142	-1911.556	-2100.907	189.351	1.390544	1.825566
8148	-1914.813	-2102.985	188.1727	1.27287	2.662161
8154	-1921.836	-2110.384	188.5482	1.180369	2.48653
8160	-1907.997	-2097.826	189.8286	2.267921	0.5236547
8166	-1910.897	-2100.786	189.8886	2.197221	0.5809444
8172	-1916.875	-2106.851	189.9764	2.035316	0.736781
8178	-1921.51	-2111.38	189.87	2.104929	0.7901682
8184	-1926.841	-2116.798	189.9566	2.03051	0.7732421
8190	-1918.803	-2108.756	189.9526	2.038201	0.7680409
8196	-1915.369	-2105.246	189.8768	2.17822	0.6605981
8202	-1913.256	-2103.215	189.9588	1.960706	0.8605682
8208	-1910.134	-2099.995	189.8609	1.983597	0.9447271
8214	-1897.848	-2087.836	189.9877	1.856738	0.9447271
8220	-1906.273	-2096.142	189.8689	1.975553	0.9447271
8226	-1906.011	-2095.926	189.9152	2.130099	0.6796661
8232	-1911.249	-2101.165	189.9161	2.134112	0.6702747
8238	-1904.641	-2094.663	190.0226	2.016972	0.6902112
8244	-1914.273	-2104.201	189.9272	2.060533	0.7723873
8250	-1914.682	-2104.552	189.8701	2.063782	0.8431746
8256	-1920.847	-2110.854	190.0077	1.992901	0.75372
8262	-1915.368	-2105.274	189.9067	2.021202	0.8504136
8268	-1906.226	-2096.116	189.8899	2.016779	0.8757147
8274	-1915.248	-2105.236	189.9874	1.887595	0.9115916
8280	-1900.099	-2089.986	189.8875	1.778295	1.118523
8286	-1902.961	-2092.716	189.7551	1.740578	1.265179
8292	-1910.765	-2100.749	189.9845	1.954095	0.8373546
8298	-1911.449	-2101.389	189.9404	2.097375	0.6934352
8304	-1914.218	-2104.298	190.0795	1.911029	0.7684427
8310	-1913.286	-2103.149	189.8622	1.952768	0.9754754
8316	-1922.432	-2112.366	189.9341	1.961246	0.8887836
8322	-1921.425	-2110.994	189.5696	1.69965	1.444744
8328	-1914.198	-2103.983	189.7852	1.618736	1.339584
8334	-1919.245	-2109.128	189.883	1.962122	0.944086
8340	-1920.1	-2109.867	189.7669	1.636547	1.33997
8346	-1914.284	-2103.945	189.6611	1.538752	1.497321
8352	-1921.804	-2111.669	189.865	2.135004	0.7546647
8358	-1920.579	-2110.493	189.9147	2.151934	0.6350373
8364	-1918.097	-2107.832	189.7355	1.835501	1.20178
8370	-1906.289	-2096.313	190.0242	1.75783	1.008701
8376	-1901.403	-2091.375	189.9719	1.797735	1.020913
8382	-1916.051	-2105.931	189.8799	2.082802	0.806535
8388	-1917.551	-2107.411	189.8599	2.082802	0.8322141
8394	-1908.515	-2098.426	189.9119	2.042171	0.817831
8400	-1910.539	-2100.457	189.9184	2.001679	0.8598929
8406	-1902.119	-2092.037	189.9184	2.001679	0.8598929
8412	-1912.998	-2102.952	189.9544	1.93067	0.9004222
8418	-1921.167	-2111.106	189.9389	1.998685	0.8385921
8424	-1931.564	-2121.466	189.9016	1.917972	0.9707809
8430	-1915.471	-2105.425	189.9537	1.949526	0.8796463
8436	-1920.902	-2110.771	189.8697	1.948904	0.9717705
8442	-1916.722	-2106.616	189.8938	2.125022	0.7255525
8448	-1922.242	-2112.103	189.8605	2.094818	0.8161509
8454	-1941.113	-2130.916	189.803	2.070953	0.9127892
8460	-1912.567	-2102.334	189.7677	2.283396	0.6684742
8466	-1913.796	-2103.671	189.8759	2.144261	0.7234889
8472	-1919.14	-2109.057	189.9173	1.682437	1.176998
8478	-1925.517	-2115.276	189.759	1.886852	1.136415
8484	-1910.867	-2100.947	190.0798	1.829188	0.8729685
8490	-1907.625	-2097.526	189.901	1.872959	1.016683
8496	-1910.056	-2099.988	189.9316	1.82754	1.031133
8502	-1919.388	-2109.181	189.7928	2.153483	0.827652
8508	-1920.12	-2110.12	189.9995	1.94682	0.827652
8514	-1918.002	-2107.766	189.7645	1.934609	1.088032
8520	-1912.352	-2102.199	189.8474	1.900822	1.04172
8526	-1909.675	-2099.659	189.9842	1.842054	0.9638539
8532	-1906.376	-2096.275	189.8987	2.188408	0.5761872
8538	-1911.561	-2101.463	189.9026	2.184462	0.5761872
8544	-1906.574	-2096.438	189.8647	2.230564	0.5351911
8550	-1909.035	-2098.788	189.753	2.338773	0.4478759
8556	-1906.351	-2096.264	189.9136	2.184016	0.5043736
8562	-1907.147	-2097.111	189.9635	1.898046	0.9263398
8568	-1904.695	-2094.69	189.9945	2.071244	0.6370851
8574	-1924.346	-2113.854	189.5081	1.50299	1.635988
8580	-1919.693	-2109.699	190.0059	1.844599	0.9383239
8586	-1914.488	-2104.351	189.863	2.098015	0.8087045
8592	-1910.203	-2100.165	189.9622	2.05981	0.7204373
8598	-1910.917	-2100.905	189.9882	2.014971	0.7498544
8604	-1906.851	-2096.756	189.9049	2.098259	0.7498544
8610	-1917.883	-2107.72	189.8366	1.858729	1.091528
8616	-1915.438	-2105.316	189.8776	1.817695	1.091528
8622	-1909.201	-2099.235	190.0346	1.965374	0.754607
8628	-1907.955	-2097.872	189.9174	2.082563	0.754607
8634	-1908.641	-2098.552	189.9116	2.178995	0.5619227
8640	-1911.035	-2100.973	189.9385	2.041212	0.7835778
8646	-1911.466	-2101.419	189.9525	2.105859	0.6536293
8652	-1926.125	-2115.851	189.7266	2.347979	0.4001401
8658	-1909.759	-2099.463	189.7039	2.392209	0.473064
8664	-1918.837	-2108.753	189.9155	2.164642	0.5994578
8670	-1918.759	-2108.595	189.8352	2.215076	0.6700416
8676	-1923.516	-2113.302	189.7863	2.253699	0.6894495
8682	-1925.101	-2114.944	189.8429	2.119782	0.8065563
8688	-1921.305	-2111.294	189.9886	1.901678	0.8944821
8694	-1906.838	-2096.696	189.8574	2.240204	0.5060303
8700	-1912.609	-2102.576	189.9667	2.047407	0.733123
8706	-1910.199	-2100.192	189.993	2.02112	0.733123
8712	-1909.924	-2099.805	189.8815	2.132618	0.733123
8718	-1914.651	-2104.563	189.9119	2.133662	0.6791215
8724	-1926.202	-2116.192	189.9896	1.98991	0.7838544
8730	-1907.998	-2097.901	189.9032	1.92134	0.9656193
8736	-1909.06	-2099.035	189.9754	1.899845	0.9113535
8742	-1918.788	-2108.686	189.898	1.802043	1.087176
8748	-1918.791	-2108.654	189.863	1.857871	1.067745
8754	-1912.247	-2102.132	189.8845	1.749872	1.146592
8760	-1935.395	-2125.341	189.9456	2.119857	0.6377116
8766	-1935.929	-2125.835	189.9058	2.182453	0.5717773
8772	-1929.785	-2119.695	189.9101	1.772988	1.102738
8778	-1925.202	-2114.973	189.7709	1.741389	1.251407
8784	-1915.28	-2104.941	189.6605	1.792093	1.300462
8790	-1928.191	-2118.056	189.8649	2.226621	0.5574898
8796	-1909.442	-2099.352	189.9098	2.159412	0.6289308
8802	-1909.722	-2099.526	189.8043	2.279298	0.5885219
8808	-1919.043	-2108.845	189.8025	2.221484	0.7171719
8814	-1903.625	-2093.461	189.8362	2.06453	0.8826026
8820	-1914.057	-2103.961	189.9042	2.109065	0.7344836
8826	-1918.908	-2108.759	189.8509	2.20258	0.6636217
8832	-1905.935	-2095.797	189.862	2.220622	0.5917334
8838	-1910.68	-2100.51	189.8302	2.252379	0.5917334
8844	-1904.43	-2094.105	189.6745	2.417804	0.4503449
8850	-1927.363	-2116.269	188.9057	1.318873	2.170589
8856	-1915.042	-2104.423	189.3816	1.610998	1.649226
8862	-1908.457	-2098.354	189.8971	2.170791	0.6320814
8868	-1916.012	-2106.002	189.9898	2.011134	0.7532273
8874	-1904.85	-2094.626	189.7757	1.910177	1.100167
8880	-1914.215	-2103.874	189.6591	1.771016	1.318598
8886	-1913.365	-2103.132	189.7668	1.642762	1.335102
8892	-1914.058	-2103.906	189.8479	2.245381	0.5478602
8898	-1905.073	-2095.032	189.9598	2.095831	0.6592526
8904	-1900.146	-2090.064	189.9178	2.118689	0.6957968
8910	-1925.309	-2115.265	189.9559	2.030531	0.7742509
8916	-1922.031	-2111.924	189.8928	2.030531	0.8559987
8922	-1910.806	-2100.616	189.8095	2.287868	0.5124225
8928	-1908.285	-2097.816	189.5313	2.492192	0.3312975
8934	-1908.884	-2098.332	189.4485	2.591041	0.3483495
8940	-1905.391	-2094.88	189.4883	2.544632	0.340992
8946	-1910.811	-2100.44	189.6294	2.403502	0.340992
8952	-1915.184	-2104.685	189.5007	2.536107	0.3452891
8958	-1914.219	-2103.712	189.4933	2.563372	0.3701359
8964	-1909.879	-2099.846	189.9663	2.085761	0.6666081
8970	-1924.739	-2114.655	189.9155	2.117531	0.7019332
8976	-1909.446	-2099.475	190.0289	2.011821	0.6882403
8982	-1912.499	-2102.49	189.9909	1.94861	0.8361226
8988	-1907.928	-2097.66	189.7324	1.815405	1.22152
8994	-1909.313	-2099.053	189.7396	1.769188	1.25431
9000	-1931.515	-2121.024	189.5086	2.577203	0.4269491
9006	-1919.775	-2109.563	189.7879	2.304496	0.4507261
9012	-1919.823	-2109.722	189.8991	2.198347	0.490905
9018	-1909.15	-2099.035	189.8854	2.193093	0.604246
9024	-1913.918	-2103.688	189.7696	1.803058	1.20038
9030	-1917.993	-2107.478	189.4854	1.718638	1.494134
9036	-1906.264	-2096.04	189.7753	1.802027	1.196361
9042	-1901.894	-2091.775	189.8809	1.657104	1.229846
9048	-1899.945	-2089.545	189.6009	1.747911	1.383147
9054	-1901.164	-2090.863	189.6988	1.688713	1.35266
9060	-1909.866	-2099.899	190.0326	1.735737	1.022184
9066	-1909.822	-2099.657	189.8346	1.723147	1.213089
9072	-1928.836	-2118.663	189.8274	1.81104	1.143019
9078	-1919.049	-2108.389	189.34	1.640992	1.657561
9084	-1922.975	-2112.336	189.3608	1.620239	1.657561
9090	-1920.365	-2108.721	188.3558	1.448254	2.439193
9096	-1906.534	-2095.875	189.341	1.542179	1.727026
9102	-1904.43	-2094.181	189.7504	1.653681	1.339539
9108	-1911.2	-2100.827	189.6264	1.488984	1.560057
9114	-1906.857	-2096.488	189.6313	1.598808	1.474526
9120	-1912.206	-2101.681	189.4749	1.55184	1.624648
9126	-1912.75	-2101.793	189.043	1.475523	1.976906
9132	-1903.661	-2093.623	189.9619	1.768758	1.058433
9138	-1918.894	-2108.7	189.8058	2.05576	0.9263192
9144	-1918.041	-2107.993	189.9519	2.061648	0.734003
9150	-1917.899	-2107.908	190.0092	1.758987	1.022332
9156	-1903.006	-2092.952	189.946	1.936379	0.9034267
9162	-1904.75	-2094.504	189.7549	1.713574	1.287548
9168	-1912.397	-2102.24	189.8429	1.607046	1.302637
9174	-1914.48	-2104.509	190.0281	1.833988	0.9257899
9180	-1913.417	-2103.333	189.9163	1.976944	0.8911217
9186	-1920.356	-2110.152	189.7964	2.044913	0.9480501
9192	-1920.169	-2110.163	189.9946	1.973452	0.7994642
9198	-1915.924	-2105.927	190.0024	1.967482	0.7969752
9204	-1915.581	-2105.436	189.8553	1.893864	1.040831
9210	-1918.907	-2108.87	189.9624	1.992032	0.8172797
9216	-1931.563	-2121.479	189.9161	1.935194	0.9374902
9222	-1917.417	-2107.305	189.8877	2.073303	0.808785
9228	-1927.858	-2117.799	189.9407	2.017505	0.8124291
9234	-1922.518	-2112.455	189.9364	1.989999	0.8522684
9240	-1925.67	-2115.539	189.8686	2.06766	0.8401538
9246	-1919.687	-2109.338	189.6508	1.988704	1.142091
9252	-1922.549	-2112.405	189.8562	1.8648	1.067588
9258	-1922.863	-2112.735	189.8714	2.083765	0.8164025
9264	-1916.645	-2106.632	189.9863	2.014208	0.7538103
9270	-1922.505	-2112.335	189.8294	2.04805	0.9088996
9276	-1919.638	-2109.414	189.7759	2.13774	0.8675236
9282	-1914.046	-2103.986	189.9404	2.051775	0.7659862
9288	-1924.766	-2114.614	189.8483	2.15931	0.7431432
9294	-1925.181	-2114.921	189.7402	1.818317	1.212475
9300	-1916.799	-2106.566	189.767	2.326475	0.5471219
9306	-1912.603	-2102.367	189.764	2.314572	0.6040677
9312	-1912.522	-2102.397	189.8743	2.189628	0.6412137
9318	-1919.018	-2108.773	189.7555	2.336029	0.4466709
9324	-1904.08	-2093.817	189.7368	2.354668	0.4466709
9330	-1916.691	-2106.556	189.8653	2.014209	0.9066061
9336	-1926.355	-2116.263	189.9081	1.953838	0.9259354
9342	-1903.434	-2093.444	190.0092	2.012313	0.7212572
9348	-1915.218	-2105.074	189.8563	2.012313	0.9186342
9354	-1915.401	-2105.108	189.7077	1.873385	1.193174
9360	-1910.495	-2100.454	189.9584	2.031112	0.7698104
9366	-1913.527	-2103.499	189.9716	1.981929	0.8184183
9372	-1911.065	-2100.957	189.8919	2.009625	0.8815929
9378	-1913.287	-2103.285	189.9978	1.951668	0.8236636
9384	-1906.069	-2095.885	189.8158	2.281825	0.4965791
9390	-1909.912	-2099.744	189.8317	2.265721	0.5096297
9396	-1905.844	-2095.651	189.8067	2.26303	0.6276346
9402	-1916.173	-2106.051	189.8778	2.176869	0.661203
9408	-1916.152	-2106.145	189.9927	2.082259	0.6141204
9414	-1913.987	-2103.86	189.8724	2.138442	0.7381712
9420	-1906.774	-2096.728	189.9539	2.121865	0.6120169
9426	-1907.88	-2097.724	189.844	2.09809	0.8329638
9432	-1909.772	-2099.686	189.9144	2.091923	0.7450707
9438	-1911.918	-2101.74	189.8222	2.175966	0.7573353
9444	-1897.696	-2087.614	189.9172	1.788771	1.081607
9450	-1899.602	-2089.457	189.8547	1.788771	1.138498
9456	-1901.977	-2091.741	189.7644	1.827237	1.184044
9462	-1912.628	-2102.617	189.9897	2.039394	0.7086452
9468	-1918.957	-2108.961	190.0039	2.070424	0.6158725
9474	-1916.254	-2106.043	189.7886	1.918348	1.080737
9480	-1907.556	-2097.454	189.8975	2.009755	0.8750378
9486	-1912.757	-2102.539	189.7821	2.076051	0.9300421
9492	-1914.242	-2104.231	189.9892	1.978825	0.7995502
9498	-1918.592	-2108.407	189.8147	1.966075	1.00997
9504	-1923.133	-2113.147	190.014	1.812965	0.9631344
9510	-1925.29	-2115.097	189.8069	1.925127	1.057152
9516	-1914.414	-2104.364	189.9504	1.781671	1.057152
9522	-1919.397	-2109.17	189.7727	1.828955	1.175377
9528	-1910.289	-2100.111	189.8218	1.745955	1.204603
9534	-1909.014	-2099.052	190.038	1.834628	0.9143054
9540	-1910.436	-2099.957	189.5215	1.610736	1.547639
9546	-1923.703	-2113.119	189.4156	1.609275	1.626011
9552	-1920.417	-2110.034	189.6174	1.541111	1.528158
9558	-1929.224	-2118.524	189.2997	1.561417	1.742473
9564	-1928.955	-2118.679	189.724	1.578746	1.41901
9570	-1927.475	-2117.157	189.6819	1.583954	1.447309
9576	-1933.055	-2122.705	189.6507	1.757142	1.336497
9582	-1921.09	-2110.907	189.8176	1.808384	1.154015
9588	-1908.72	-2098.58	189.8601	1.765901	1.154015
9594	-1915.921	-2105.804	189.8827	1.74781	1.150014
9600	-1921.12	-2111.128	190.0085	1.967454	0.7887614
9606	-1910.492	-2100.506	190.0145	1.895251	0.8720275
9612	-1911.487	-2101.382	189.8949	2.063808	0.8118057
9618	-1915.852	-2105.671	189.819	2.14761	0.8013512
9624	-1920.741	-2110.579	189.8382	2.052678	0.8938189
9630	-1923.892	-2113.517	189.6255	1.912032	1.230223
9636	-1912.081	-2102.023	189.9419	1.820058	1.02844
9642	-1907.025	-2096.915	189.8898	1.906768	0.994176
9648	-1897.75	-2087.658	189.9075	1.892623	0.9906011
9654	-1894.123	-2084.053	189.9293	2.008282	0.8385345
9660	-1906.235	-2096.136	189.9012	1.853629	1.035385
9666	-1912.241	-2102.106	189.8644	1.626839	1.268788
9672	-1906.625	-2096.395	189.7694	1.721839	1.268788
9678	-1898.019	-2087.952	189.933	1.755373	1.09793
9684	-1901.767	-2091.488	189.7211	1.773067	1.266399
9690	-1927.702	-2117.23	189.5286	1.806672	1.393775
9696	-1915.231	-2104.888	189.6573	1.584765	1.465408
9702	-1907.293	-2097.14	189.847	1.81518	1.121704
9708	-1912.038	-2101.504	189.4657	1.642074	1.565692
9714	-1911.22	-2100.887	189.6678	1.756501	1.323324
9720	-1915.782	-2105.485	189.7035	1.849059	1.217534
9726	-1917.578	-2107.298	189.7201	1.946701	1.117545
9732	-1913.145	-2102.977	189.8325	2.244262	0.6092226
9738	-1923.609	-2113.444	189.8352	2.135881	0.7953934
9744	-1931.418	-2121.123	189.7047	2.378165	0.5907804
9750	-1913.877	-2103.66	189.7825	2.314645	0.515961
9756	-1914.906	-2104.707	189.8007	2.280102	0.5973462
9762	-1905.604	-2095.438	189.8336	2.19468	0.7100669
9768	-1908.748	-2098.759	190.0108	2.015191	0.7138388
9774	-1906.115	-2095.99	189.8753	2.059899	0.8415686
9780	-1901.426	-2091.324	189.8978	2.041899	0.835999
9786	-1908.18	-2098.088	189.9073	1.959013	0.9211839
9792	-1921.907	-2110.887	188.9804	1.464529	2.025953
9798	-1919.198	-2108.361	189.163	1.488885	1.886953
9804	-1913.809	-2103.606	189.7971	1.794656	1.183942
9810	-1916.798	-2106.734	189.9361	1.952744	0.8961145
9816	-1909.596	-2099.542	189.9465	2.00207	0.8247581
9822	-1906.153	-2096.128	189.975	1.982654	0.8131458
9828	-1903.584	-2093.663	190.0784	1.939461	0.727101
9834	-1900.915	-2090.893	189.9785	2.003672	0.7802479
9840	-1912.751	-2102.388	189.6371	2.446973	0.4219971
9846	-1913.98	-2103.605	189.6248	2.451228	0.4031192
9852	-1911.741	-2101.6	189.8591	1.706977	1.206048
9858	-1911.503	-2101.247	189.7436	1.630314	1.363406
9864	-1921.879	-2111.391	189.5113	2.543272	0.3672859
9870	-1905.383	-2094.049	188.6663	1.353754	2.302337
9876	-1910.249	-2099.317	189.0678	1.382409	2.02242
9882	-1904.632	-2093.606	188.9737	1.600782	1.939328
9888	-1918.624	-2107.262	188.6382	1.341517	2.328049
9894	-1910.222	-2099.428	189.2062	1.610532	1.773497
9900	-1916.808	-2106.511	189.703	2.391179	0.4594597
9906	-1915.666	-2105.57	189.9043	2.166426	0.6251403
9912	-1916.597	-2106.199	189.6017	1.645581	1.461506
9918	-1920.34	-2109.436	189.0967	1.505053	1.920896
9924	-1930.507	-2119.749	189.2415	1.502863	1.823628
9930	-1902.903	-2092.839	189.9362	1.951124	0.8978366
9936	-1913.654	-2103.627	189.9728	1.937959	0.8708424
9942	-1919.723	-2109.617	189.8943	2.075849	0.7965946
9948	-1908.778	-2098.609	189.8307	2.265463	0.5277075
9954	-1919.914	-2109.707	189.7932	2.299328	0.5521909
9960	-1919.819	-2109.626	189.8071	2.290222	0.5117277
9966	-1916.42	-2106.236	189.8159	2.281537	0.5088012
9972	-1911.892	-2101.674	189.7821	2.314291	0.4751673
9978	-1923.46	-2113.315	189.8551	2.228199	0.5895564
9984	-1918.143	-2107.783	189.6406	1.769666	1.334598
9990	-1921.081	-2110.989	189.9075	2.129801	0.6943692
9996	-1924.742	-2114.553	189.8113	2.285143	0.5246613
10002	-1916.923	-2106.765	189.8415	2.241908	0.589106
10008	-1923.441	-2113.303	189.862	2.143874	0.7458004
10014	-1913.644	-2103.38	189.7355	2.362116	0.5034101
10020	-1909.807	-2099.736	189.9284	2.122594	0.66862
10026	-1908.331	-2098.399	190.0677	1.96217	0.7072989
10032	-1908.438	-2098.365	189.9268	1.972591	0.8841348
10038	-1914.996	-2104.941	189.9455	1.926756	0.9146875
10044	-1903.614	-2093.409	189.7951	1.985444	1.010235
10050	-1905.725	-2095.662	189.936	2.05371	0.769518
10056	-1913.464	-2103.379	189.9146	1.99006	0.8779893
10062	-1908.792	-2098.789	189.997	1.938537	0.8411417
10068	-1902.843	-2092.755	189.9123	1.8782	1.000328
10074	-1924.898	-2114.837	189.9397	2.144557	0.5864568
10080	-1918.99	-2108.854	189.8644	2.188854	0.6640636
10086	-1919.545	-2109.396	189.8518	2.243986	0.4699354
10092	-1919.221	-2109.112	189.8914	2.139881	0.7049589
10098	-1912.3	-2102.085	189.7852	2.103068	0.8968488
10104	-1912.648	-2102.634	189.9862	2.052871	0.6910951
10110	-1917.504	-2107.368	189.864	2.196556	0.6488433
10116	-1911.447	-2101.379	189.9325	2.138219	0.6251495
10122	-1920.165	-2110.02	189.8542	2.177481	0.7042821
10128	-1915.523	-2105.358	189.8344	2.143138	0.7866594
10134	-1919.316	-2109.238	189.9222	2.045173	0.8003772
10140	-1925.753	-2115.692	189.9385	2.042529	0.7818115
10146	-1932.957	-2122.844	189.8869	1.830461	1.071044
10152	-1914.958	-2104.573	189.6151	1.690613	1.416673
10158	-1921.577	-2111.408	189.8318	1.808714	1.141165
10164	-1916.773	-2106.767	189.9944	1.931059	0.8534223
10170	-1936.8	-2126.739	189.9388	1.766523	1.082291
10176	-1931.246	-2121.188	189.9424	1.833005	1.01525
10182	-1911.873	-2101.818	189.945	1.96604	0.8705815
10188	-1920.106	-2110.024	189.9174	1.993628	0.8705815
10194	-1935.325	-2125.237	189.9111	1.890062	0.9895975
10200	-1928.571	-2118.577	190.0063	2.048277	0.6613502
10206	-1920.883	-2110.859	189.9761	2.049433	0.7146071
10212	-1921.723	-2111.531	189.808	1.8273	1.145773
10218	-1917.369	-2107.211	189.8423	1.805468	1.1347
10224	-1910.209	-2100.056	189.8476	1.933456	1.009656
10230	-1913.467	-2103.229	189.7623	1.933456	1.091104
10236	-1907.515	-2097.425	189.9099	2.017726	0.8507755
10242	-1903.882	-2093.88	189.9975	1.93017	0.8507755
10248	-1903.8	-2093.714	189.9134	1.93017	0.9456318
10254	-1908.725	-2098.642	189.9172	2.056846	0.7914457
10260	-1919.007	-2109.082	190.0753	1.934703	0.7394707
10266	-1922.202	-2112.048	189.8461	1.974781	0.9694544
10272	-1913.364	-2103.342	189.9774	1.767496	1.044871
10278	-1910.098	-2100.197	190.099	1.736917	0.9537523
10284	-1912.637	-2102.597	189.9594	1.871114	0.9594449
10290	-1899.73	-2089.64	189.91	2.00062	0.8711078
10296	-1902.504	-2092.454	189.9504	2.035285	0.7753477
10302	-1911.68	-2101.616	189.9368	1.992436	0.8487729
10308	-1905.376	-2095.361	189.9857	2.073526	0.6517151
10314	-1919.658	-2109.552	189.894	2.181158	0.6136039
10320	-1907.792	-2097.398	189.6062	2.434728	0.3499221
10326	-1907.344	-2096.749	189.4041	2.582764	0.3000194
10332	-1913.705	-2103.213	189.5079	2.536367	0.3539099
10338	-1910.205	-2099.872	189.6669	2.425788	0.4520356
10344	-1914.417	-2104.119	189.7023	2.389273	0.4471115
10350	-1904.761	-2094.462	189.7014	2.389273	0.4431661
10356	-1905.691	-2095.564	189.873	2.218038	0.5596168
10362	-1912.787	-2102.615	189.8271	2.267836	0.5377747
10368	-1910.697	-2100.356	189.6597	2.411202	0.3930297
10374	-1908.193	-2098.056	189.8622	2.235095	0.5122641
10380	-1910.042	-2099.773	189.7316	2.357831	0.438821
10386	-1902.477	-2092.376	189.8989	2.181648	0.5982998
10392	-1914.942	-2104.707	189.7647	2.332943	0.4990488
10398	-1913.302	-2103.03	189.7285	2.364454	0.5497924
10404	-1900.756	-2090.667	189.9115	2.139769	0.668078
10410	-1904.769	-2094.699	189.9299	2.139769	0.6278172
10416	-1904.9	-2094.813	189.9131	2.135021	0.6741943
10422	-1909.324	-2099.198	189.8737	2.188499	0.6452382
10428	-1913.003	-2102.975	189.972	1.865367	0.9522683
10434	-1912.654	-2102.463	189.8092	1.774061	1.19124
10440	-1911.634	-2101.55	189.916	1.873981	1.000764
10446	-1915.155	-2105.146	189.9913	2.0204	0.7369473
10452	-1908.666	-2098.647	189.9808	2.030809	0.7369473
10458	-1913.136	-2103.079	189.9428	2.12839	0.6240508
10464	-1914.056	-2103.945	189.8896	2.071501	0.8086707
10470	-1914.806	-2104.784	189.9781	2.08103	0.6518159
10476	-1917.508	-2107.434	189.9267	2.117001	0.6827234
10482	-1918.957	-2108.786	189.8288	1.710252	1.228939
10488	-1916.468	-2106.221	189.7529	1.692902	1.305982
10494	-1917.149	-2107.038	189.8892	2.153474	0.6846243
10500	-1920.102	-2109.987	189.8851	1.820424	1.082101
10506	-1920.53	-2110.449	189.9191	1.712486	1.149036
10512	-1920.157	-2110.014	189.8573	2.23773	0.5373353
10518	-1930.341	-2120.347	190.0059	2.074547	0.5986689
10524	-1923.672	-2113.621	189.9484	2.142762	0.5592064
10530	-1909.941	-2099.957	190.0155	2.00153	0.7285044
10536	-1910.577	-2100.502	189.9249	2.164734	0.5660147
10542	-1918	-2107.882	189.8821	2.123678	0.7459539
10548	-1903.767	-2093.653	189.8864	2.119343	0.7459539
10554	-1909.756	-2099.227	189.4717	2.593428	0.3830433
10560	-1910.304	-2100.178	189.8741	2.223501	0.5007795
10566	-1909.345	-2099.242	189.8972	2.200378	0.5066931
10572	-1913.959	-2103.951	189.9918	2.070732	0.6443367
10578	-1926.349	-2116.393	190.0442	1.934807	0.784555
10584	-1922.283	-2112.127	189.8439	2.241045	0.5838679
10590	-1920.077	-2109.989	189.9125	2.159172	0.6227608
10596	-1922.278	-2112.228	189.9494	2.048017	0.7583623
10602	-1920.001	-2110.077	190.0759	1.921206	0.7588853
10608	-1927.986	-2117.924	189.9382	2.027802	0.8021299
10614	-1932.284	-2121.932	189.6483	1.790687	1.311435
10620	-1913.061	-2103.102	190.0405	1.83183	0.9145442
10626	-1910.835	-2100.676	189.8405	1.839972	1.105113
10632	-1916.241	-2105.821	189.5803	1.732804	1.411012
10638	-1918.941	-2108.5	189.5595	1.637345	1.499535
10644	-1906.736	-2096.612	189.8757	1.915869	0.9992039
10650	-1911.098	-2101.101	190.0031	1.939714	0.8320742
10656	-1909.216	-2099.171	189.9549	1.887058	0.9474008
10662	-1907.297	-2097.167	189.8705	2.024225	0.8895114
10668	-1917.277	-2107.356	190.0789	1.919568	0.7568286
10674	-1923.048	-2112.813	189.7649	2.292868	0.6546979
10680	-1923.607	-2113.463	189.8565	2.228523	0.5838387
10686	-1927.816	-2117.82	190.0036	2.0782	0.5943009
10692	-1910.161	-2100.08	189.9193	2.045403	0.8039031
10698	-1910.837	-2100.753	189.9167	2.065587	0.779983
10704	-1914.576	-2104.509	189.9333	2.070477	0.7489881
10710	-1914.601	-2104.492	189.8905	2.075372	0.8024063
10716	-1920.75	-2110.516	189.7662	2.330439	0.5232196
10722	-1919.26	-2108.917	189.6569	2.433516	0.4422747
10728	-1928.409	-2118.129	189.7198	2.369926	0.5655699
10734	-1918.606	-2108.438	189.8325	2.26337	0.5306145
10740	-1913.549	-2103.398	189.8494	2.240184	0.5662899
10746	-1918.067	-2107.799	189.7318	2.344111	0.6115962
10752	-1915.118	-2104.951	189.8331	2.019348	0.9362095
10758	-1910.355	-2100.218	189.8625	1.931934	0.9963089
10764	-1902.344	-2092.228	189.8836	1.910841	0.9963089
10770	-1904.231	-2094.242	190.0117	2.026061	0.6934496
10776	-1912.135	-2102.038	189.9038	2.012268	0.8645897
10782	-1920.322	-2110.281	189.9592	1.956921	0.8645897
10788	-1918.696	-2108.641	189.9452	2.016383	0.808031
10794	-1923.256	-2113.219	189.9628	1.917789	0.9054264
10800	-1917.251	-2107.182	189.9314	1.836145	1.022998
10806	-1922.646	-2112.53	189.8838	1.818479	1.085075
10812	-1923.358	-2113.219	189.8614	1.840847	1.085075
10818	-1928.985	-2118.86	189.8741	1.86438	1.051
10824	-1920.161	-2110.058	189.897	1.841536	1.051
10830	-1930.456	-2120.263	189.8063	1.832149	1.143
10836	-1929.699	-2119.413	189.714	1.86744	1.192867
10842	-1923.474	-2112.976	189.502	1.598131	1.571285
10848	-1917.676	-2107.241	189.5645	1.628071	1.502748
10854	-1909.372	-2098.91	189.5375	1.584022	1.55551
10860	-1930.184	-2118.873	188.6893	1.333807	2.300353
10866	-1925.384	-2114.011	188.627	1.512443	2.225738
10872	-1904.938	-2094.78	189.8417	1.903893	1.044197
10878	-1905.607	-2095.531	189.9243	1.846244	1.020012
10884	-1924.148	-2113.219	189.0706	1.285461	2.084652
10890	-1923.782	-2113.057	189.2749	1.536411	1.777286
10896	-1920.828	-2110.153	189.3251	1.514309	1.75771
10902	-1918.076	-2107.64	189.5636	1.609254	1.517523
10908	-1914.242	-2104.287	190.0451	1.745416	1.000245
10914	-1924.51	-2114.482	189.9719	2.049614	0.7213063
10920	-1909.864	-2099.835	189.971	2.050449	0.7213063
10926	-1904.877	-2094.761	189.8833	2.16307	0.677611
10932	-1906.899	-2096.928	190.0294	1.955312	0.7765951
10938	-1909.52	-2099.434	189.9137	2.046631	0.8096073
10944	-1913.897	-2103.925	190.0286	1.915362	0.8306775
10950	-1907.675	-2097.623	189.9485	1.955911	0.8782745
10956	-1905.198	-2095.168	189.97	1.934398	0.8782745
10962	-1920.724	-2110.548	189.8235	2.074807	0.885376
10968	-1913.526	-2103.474	189.948	1.909768	0.9304902
10974	-1921.16	-2110.525	189.3646	1.614565	1.658874
10980	-1917.072	-2106.999	189.9267	2.103245	0.7071598
10986	-1914.855	-2104.779	189.924	2.128152	0.6664294
10992	-1920.641	-2110.483	189.8423	1.995231	0.9520686
10998	-1926.391	-2116.259	189.8682	1.860523	1.060351
11004	-1918.452	-2108.434	189.9823	2.097533	0.6005113
11010	-1925.97	-2114.713	188.7428	1.502115	2.157364
11016	-1928.471	-2117.281	188.8101	1.43484	2.157364
11022	-1921.723	-2111.596	189.8734	2.056757	0.8476453
11028	-1920.025	-2109.931	189.9061	2.024115	0.8476453
11034	-1916.167	-2106.194	190.0271	1.854798	0.9039725
11040	-1916.688	-2106.633	189.9446	1.970339	0.8659834
11046	-1909.076	-2099.006	189.9305	1.970339	0.8824228
11052	-1912.211	-2102.163	189.9521	1.820618	1.017935
11058	-1913.618	-2103.406	189.7882	1.800354	1.186743
11064	-1916.604	-2106.519	189.9156	1.702946	1.160593
11070	-1915.685	-2105.636	189.9509	1.975653	0.8520997
11076	-1903.217	-2093.162	189.9442	1.891402	0.954065
11082	-1910.501	-2100.408	189.9068	1.767417	1.110839
11088	-1907.221	-2096.835	189.6144	1.622963	1.468997
11094	-1917.421	-2106.731	189.3102	1.692669	1.64188
11100	-1914.79	-2104.324	189.5336	1.584995	1.557684
11106	-1910.97	-2100.559	189.5891	1.712639	1.41974
11112	-1917.715	-2107.399	189.6839	1.541769	1.477831
11118	-1914.528	-2104.216	189.6876	1.538078	1.477831
11124	-1912.4	-2102.269	189.8684	2.021519	0.894908
11130	-1906.956	-2096.107	189.1505	1.430772	1.93475
11136	-1900.671	-2089.991	189.3208	1.487604	1.779308
11142	-1895.858	-2085.883	190.0252	1.875514	0.8826136
11148	-1903.334	-2093.26	189.9255	1.928695	0.9343646
11154	-1905.591	-2095.534	189.9432	1.829943	1.017539
11160	-1917.676	-2107.614	189.9386	1.946575	0.9002898
11166	-1913.514	-2103.379	189.8648	1.780261	1.137113
11172	-1906.609	-2096.664	190.0543	1.794314	0.9403474
11178	-1922.264	-2112.183	189.9194	1.935723	0.9333734
11184	-1921.751	-2111.717	189.9657	1.839049	0.9858983
11190	-1919.674	-2109.433	189.7588	1.764871	1.241829
11196	-1917.34	-2106.797	189.4567	1.764871	1.480978
11202	-1914.835	-2104.727	189.8917	1.747709	1.142121
11208	-1917.8	-2107.794	189.9944	1.932424	0.8517282
11214	-1910.525	-2100.527	190.0023	1.997417	0.7549787
11220	-1906.483	-2096.343	189.8595	2.206715	0.6361195
11226	-1905.097	-2095.096	189.9986	2.09891	0.4927293
11232	-1899.274	-2089.073	189.799	2.298285	0.4875273
11238	-1895.271	-2085.04	189.7684	2.310618	0.4097075
11244	-1915.39	-2105.047	189.6574	1.589181	1.462026
11250	-1900.064	-2089.927	189.8627	2.231917	0.5401994
11256	-1905.146	-2095.085	189.9383	2.154896	0.4543422
11262	-1908.963	-2098.883	189.9203	2.171564	0.5557115
11268	-1920.444	-2110.261	189.8172	2.278431	0.5320494
11274	-1906.307	-2096.085	189.7782	2.313072	0.4457771
11280	-1910.777	-2100.405	189.6286	2.452397	0.4143424
11286	-1906.624	-2096.265	189.6414	2.437293	0.4088223
11292	-1905.053	-2094.723	189.6703	2.418467	0.4364934
11298	-1909.161	-2098.825	189.6647	2.418467	0.4197197
11304	-1922.229	-2111.997	189.768	2.327211	0.5354104
11310	-1911.647	-2101.282	189.6352	2.436956	0.3954489
11316	-1924.529	-2114.173	189.644	2.432835	0.404818
11322	-1908.486	-2098.06	189.5738	2.503015	0.404818
11328	-1906.222	-2095.829	189.6071	2.47615	0.4198095
11334	-1926.824	-2116.335	189.511	2.498724	0.3185574
11340	-1924.227	-2113.57	189.3435	2.660088	0.3132734
11346	-1938.24	-2127.619	189.3789	2.639132	0.3261102
11352	-1933.217	-2122.916	189.6985	2.393284	0.4479254
11358	-1926.071	-2115.843	189.7728	2.324253	0.4837439
11364	-1916.445	-2106.224	189.7791	2.315465	0.5405302
11370	-1921.411	-2111.174	189.7628	2.333137	0.5295676
11376	-1919.475	-2109.339	189.8642	2.233395	0.4946138
11382	-1918.188	-2108.086	189.8981	2.196076	0.5427641
11388	-1921.355	-2111.242	189.8873	2.196076	0.5892036
11394	-1905.211	-2095.008	189.7964	2.298688	0.5366403
11400	-1911.193	-2101.144	189.9511	2.115345	0.6353785
11406	-1917.096	-2107.16	190.0646	2.001903	0.6353785
11412	-1906.583	-2096.463	189.8802	2.210019	0.5635015
11418	-1904.983	-2094.693	189.7101	2.383772	0.5445892
11424	-1914.626	-2104.347	189.7213	2.372673	0.4581656
11430	-1914.686	-2104.446	189.7609	2.334338	0.4660577
11436	-1914.714	-2104.459	189.7457	2.343418	0.4374831
11442	-1913.9	-2103.571	189.6713	2.383906	0.368088
11448	-1906.2	-2095.778	189.5775	2.486195	0.3808176
11454	-1927.676	-2117.681	190.0053	2.08262	0.5728231
11460	-1913.043	-2102.598	189.5551	2.519197	0.3996716
11466	-1919.857	-2109.569	189.7117	2.376605	0.4348196
11472	-1926.555	-2116.472	189.9169	2.088702	0.7462032
11478	-1928.392	-2118.278	189.8864	2.163695	0.6704792
11484	-1908.173	-2098.069	189.8961	2.167356	0.6422664
11490	-1925.271	-2115.193	189.9225	2.097947	0.7230542
11496	-1924.218	-2114.128	189.9102	1.951305	0.9264309
11502	-1921.326	-2111.257	189.9312	2.132767	0.6413022
11508	-1913.998	-2103.862	189.8643	2.224756	0.5685379
11514	-1918.292	-2108.095	189.8034	1.928124	1.057624
11520	-1935.562	-2125.449	189.8868	2.140894	0.710973
11526	-1932.131	-2122.02	189.8888	2.165135	0.6627211
11532	-1915.384	-2105.295	189.9103	2.149073	0.6512956
11538	-1919.071	-2108.889	189.8175	2.266284	0.5877534
11544	-1925.941	-2115.823	189.8825	2.201319	0.5877534
11550	-1931.099	-2120.896	189.7973	2.298535	0.4709494
11556	-1921.589	-2111.57	189.9818	2.096537	0.6048589
11562	-1924.711	-2114.597	189.8861	2.166183	0.6660205
11568	-1922.482	-2112.426	189.9437	2.12436	0.6317487
11574	-1919.891	-2109.328	189.4375	1.533106	1.66502
11580	-1919.738	-2109.156	189.4176	1.607414	1.625914
11586	-1926.421	-2115.857	189.4358	1.565354	1.643082
11592	-1912.218	-2101.482	189.2637	1.670096	1.691235
11598	-1917.959	-2107.449	189.4901	1.577314	1.595192
11604	-1923.3	-2113.168	189.8672	2.216883	0.5868496
11610	-1920.288	-2110.193	189.9051	2.068435	0.7920624
11616	-1916.037	-2105.964	189.927	2.046547	0.7920624
11622	-1927.145	-2115.947	188.8019	1.56195	2.079537
11628	-1920.798	-2109.968	189.1696	1.445648	1.911759
11634	-1916.591	-2106.434	189.8429	2.245439	0.5714176
11640	-1917.486	-2106.898	189.4119	1.685525	1.573253
11646	-1899.622	-2089.163	189.5409	1.658392	1.497739
11652	-1909.265	-2098.866	189.6001	1.658392	1.452937
11658	-1905.19	-2095	189.8095	1.813086	1.157069
11664	-1911.621	-2101.622	190.0003	1.891305	0.8929986
11670	-1898.867	-2088.84	189.9729	1.918694	0.8929986
11676	-1901.271	-2091.214	189.9429	1.884292	0.9628499
11682	-1913.042	-2102.892	189.8499	1.772493	1.157165
11688	-1907.496	-2097.339	189.8429	1.779503	1.157165
11694	-1920.996	-2110.687	189.6906	1.522268	1.487505
11700	-1916.782	-2106.572	189.79	1.576632	1.369162
11706	-1912.065	-2101.393	189.3276	1.594793	1.699297
11712	-1920.693	-2110.255	189.5619	1.574409	1.544621
11718	-1920.698	-2110.09	189.3924	1.494552	1.724336
11724	-1920.181	-2109.179	188.9973	1.382814	2.068836
11730	-1925.534	-2114.69	189.1557	1.476487	1.900291
11736	-1920.874	-2110.033	189.1593	1.47295	1.900291
11742	-1925.571	-2113.537	187.9651	1.071021	2.911719
11748	-1926.809	-2114.019	187.2101	1.111483	3.337156
11754	-1930.69	-2120.232	189.5417	1.553898	1.574596
11760	-1927.605	-2116.543	188.9377	1.343599	2.133683
11766	-1931.913	-2120.779	188.8664	1.531741	2.056923
11772	-1916.485	-2105.831	189.3465	1.539516	1.724975
11778	-1920.792	-2109.206	188.4135	1.517093	2.359275
11784	-1923.249	-2112.265	189.0158	1.491678	1.984297
11790	-1932.644	-2122.218	189.5741	1.668319	1.465166
11796	-1917.925	-2107.53	189.6054	1.65904	1.44844
11802	-1906.427	-2095.751	189.3243	1.63532	1.672844
11808	-1907.799	-2097.144	189.3448	1.614807	1.672844
11814	-1920.976	-2110.537	189.5602	1.544738	1.567736
11820	-1915.411	-2104.613	189.2016	1.471056	1.872756
11826	-1918.802	-2108.365	189.5628	1.525255	1.580089
11832	-1911.222	-2100.353	189.1314	1.381032	1.980999
11838	-1907.899	-2097.343	189.4431	1.647233	1.578477
11844	-1906.398	-2095.928	189.5302	1.614659	1.538269
11850	-1915.754	-2105.228	189.4735	1.611616	1.582233
11856	-1922.135	-2111.875	189.7393	1.750474	1.27003
11862	-1907.82	-2097.59	189.7694	1.705393	1.282304
11868	-1914.04	-2103.891	189.851	1.621956	1.283802
11874	-1905.526	-2095.386	189.8598	1.779594	1.142117
11880	-1903.329	-2092.921	189.5924	1.769817	1.372678
11886	-1908.085	-2097.761	189.6766	1.954482	1.149509
11892	-1930.965	-2120.394	189.4297	1.601733	1.62129
11898	-1940.342	-2130.252	189.9099	1.736807	1.135616
11904	-1910.946	-2100.855	189.9089	2.134411	0.6834653
11910	-1907.844	-2097.743	189.899	2.137944	0.6949261
11916	-1906.241	-2096.162	189.9209	2.16863	0.5661914
11922	-1906.245	-2095.993	189.7479	2.348537	0.5245745
11928	-1905.353	-2095.23	189.8767	2.208914	0.5814777
11934	-1909.654	-2099.465	189.8113	2.280362	0.5568958
11940	-1904.513	-2094.412	189.8985	2.189666	0.5718892
11946	-1910.691	-2100.551	189.8597	2.145425	0.7468784
11952	-1916.648	-2106.479	189.8301	2.235229	0.638163
11958	-1919.54	-2109.369	189.8296	2.255342	0.5840142
11964	-1921.341	-2111.273	189.9318	2.146166	0.6057145
11970	-1919.669	-2109.386	189.7166	2.346728	0.6425598
11976	-1916.646	-2106.445	189.7993	2.297213	0.5238523
11982	-1920.503	-2110.376	189.8721	2.224297	0.5252935
11988	-1933.394	-2123.348	189.9542	2.093968	0.674207
11994	-1914.815	-2104.801	189.9852	1.82321	0.9821782
12000	-1914.332	-2104.263	189.9303	2.104705	0.6983594
12006	-1913.906	-2103.761	189.8553	2.222362	0.6066749
12012	-1908.717	-2098.579	189.8621	2.226056	0.5721116
12018	-1907.849	-2097.719	189.8709	2.213706	0.5852696
12024	-1901.594	-2091.454	189.8604	2.209148	0.6280807
12030	-1897.826	-2087.793	189.9668	2.077312	0.6818162
12036	-1901.89	-2091.814	189.9241	2.077312	0.7525025
12042	-1913.328	-2103.28	189.9526	1.996383	0.8243241
12048	-1919.915	-2109.826	189.9108	2.105181	0.7302019
12054	-1926.793	-2116.682	189.8887	1.992431	0.9048098
12060	-1906.395	-2096.318	189.9228	1.989642	0.8689295
12066	-1908.757	-2098.736	189.9789	1.992272	0.7952084
12072	-1921.246	-2111.05	189.8036	2.277149	0.5975551
12078	-1910.212	-2100.101	189.8885	2.209063	0.5047398
12084	-1916.5	-2106.31	189.8105	2.286994	0.4922632
12090	-1930.963	-2120.606	189.6434	2.442429	0.5807052
12096	-1926.079	-2115.967	189.8873	2.20281	0.5640904
12102	-1915.389	-2105.395	190.0056	2.055602	0.6473723
12108	-1909.721	-2099.764	190.043	1.922676	0.8025552
12114	-1916.255	-2106.375	190.1202	1.723218	0.945821
12120	-1930.132	-2119.637	189.5053	1.496431	1.642678
12126	-1928.911	-2118.105	189.1939	1.399762	1.9264
12132	-1916.476	-2105.386	188.9106	1.515523	2.038389
12138	-1919.644	-2108.396	188.7525	1.295517	2.28446
12144	-1919.244	-2108.191	188.947	1.438949	2.064991
12150	-1921.495	-2110.584	189.0892	1.599155	1.862049
12156	-1920.038	-2109.215	189.1768	1.58544	1.811322
12162	-1916.569	-2105.823	189.2536	1.569363	1.769154
12168	-1920.61	-2109.307	188.697	1.649033	2.091288
12174	-1917.157	-2106.156	188.9989	1.523235	1.974463
12180	-1911.348	-2101.129	189.7804	2.316705	0.5160033
12186	-1917.772	-2107.501	189.7282	2.347487	0.4023518
12192	-1914.468	-2104.165	189.6973	2.394628	0.4485822
12198	-1928.63	-2118.166	189.5366	2.543914	0.4131763
12204	-1916.705	-2106.673	189.9683	1.794699	1.02742
12210	-1909.375	-2098.831	189.4552	2.611599	0.3859326
12216	-1911.49	-2101.165	189.6753	2.413903	0.5676654
12222	-1929.6	-2119.623	190.0232	1.941203	0.8042705
12228	-1920.441	-2110.318	189.8762	2.220976	0.5150455
12234	-1907.544	-2097.238	189.6946	1.785444	1.278006
12240	-1921.163	-2110.789	189.6262	2.463473	0.4395943
12246	-1926.313	-2115.936	189.6227	2.458449	0.4145669
12252	-1928.585	-2118.099	189.5141	2.545374	0.3742377
12258	-1914.413	-2103.871	189.4582	2.586473	0.3543697
12264	-1913.253	-2102.469	189.2156	2.780699	0.3073543
12270	-1912.258	-2102.214	189.9559	2.10243	0.6534927
12276	-1908.574	-2098.562	189.9874	2.028158	0.73077
12282	-1906.662	-2096.497	189.8357	2.216959	0.6652448
12288	-1907.404	-2097.333	189.9291	2.138976	0.631658
12294	-1925.433	-2115.352	189.9197	2.172805	0.5525178
12300	-1914.783	-2104.589	189.8058	2.283209	0.5687386
12306	-1916.592	-2106.47	189.878	2.18496	0.6435489
12312	-1915.008	-2104.878	189.8696	2.190216	0.6503566
12318	-1913.805	-2103.783	189.9778	2.049908	0.7109611
12324	-1919.441	-2109.224	189.7832	2.31389	0.5174771
12330	-1905.829	-2095.718	189.8892	2.204363	0.5466623
12336	-1909.715	-2099.586	189.871	2.219637	0.561739
12342	-1909.945	-2099.895	189.95	2.102033	0.6665382
12348	-1917.304	-2107.152	189.848	2.077861	0.8529603
12354	-1918.503	-2108.351	189.8483	2.1463	0.762538
12360	-1918.858	-2108.774	189.9162	2.143761	0.650028
12366	-1906.853	-2096.646	189.7934	2.278387	0.6223765
12372	-1907.303	-2097.151	189.8482	1.938174	1.004443
12378	-1915.055	-2105.027	189.972	1.962676	0.8422106
12384	-1907.761	-2097.713	189.9516	2.084307	0.6967809
12390	-1903.958	-2093.869	189.9108	2.045734	0.8146377
12396	-1901.532	-2091.537	190.005	2.045734	0.6692007
12402	-1912.756	-2102.492	189.7366	2.354466	0.4447623
12408	-1899.86	-2089.673	189.8125	2.278557	0.4447623
12414	-1901.46	-2091.327	189.8669	2.22796	0.5384198
12420	-1915.143	-2105.028	189.8853	1.798194	1.102361
12426	-1917.105	-2106.695	189.5896	1.815515	1.338665
12432	-1911.337	-2101.101	189.7641	1.763897	1.238247
12438	-1916.092	-2106.117	190.0256	1.999083	0.7160283
12444	-1914.489	-2104.462	189.9731	2.051387	0.7163384
12450	-1915.543	-2105.453	189.9103	2.136249	0.6772453
12456	-1911.784	-2101.687	189.9034	2.134415	0.6934319
12462	-1920.328	-2110.226	189.8984	2.095948	0.7629773
12468	-1915.736	-2105.614	189.8783	2.177118	0.6596287
12474	-1908.593	-2098.425	189.8322	1.759358	1.184126
12480	-1912.097	-2101.885	189.7879	1.803675	1.184126
12486	-1903.53	-2093.38	189.8494	1.961248	0.979911
12492	-1914.316	-2104.19	189.8739	1.946737	0.9696655
12498	-1905.194	-2095.15	189.9562	1.890578	0.9422695
12504	-1907.275	-2097.175	189.8996	1.82471	1.0645
12510	-1893.664	-2083.493	189.8291	1.738497	1.204749
12516	-1905.256	-2095.24	189.9847	1.744258	1.060092
12522	-1921.267	-2111.009	189.7426	1.693347	1.313892
12528	-1917.85	-2107.764	189.9133	1.691639	1.172491
12534	-1910.219	-2100.185	189.966	1.863288	0.9607112
12540	-1916.803	-2106.664	189.8604	2.127073	0.772822
12546	-1907.93	-2097.81	189.8793	2.057759	0.8392514
12552	-1910.697	-2100.566	189.8688	2.068282	0.8392514
12558	-1898.927	-2088.926	189.9989	2.014282	0.7345087
12564	-1913.681	-2103.752	190.0707	1.790883	0.9263113
12570	-1915.377	-2105.346	189.9683	2.032595	0.7532625
12576	-1919.645	-2109.537	189.8923	2.104212	0.7597141
12582	-1913.509	-2103.183	189.674	1.720152	1.347427
12588	-1915.009	-2104.869	189.8605	1.845937	1.081242
12594	-1916.484	-2106.431	189.9466	1.802179	1.041163
12600	-1917.541	-2107.438	189.8965	1.910611	0.983563
12606	-1916.676	-2106.74	190.0639	1.945719	0.7401164
12612	-1919.157	-2109.224	190.0671	1.782588	0.9391765
12618	-1912.139	-2102.129	189.99	1.80074	1.000023
12624	-1914.989	-2105.009	190.0196	1.840554	0.9278651
12630	-1909.794	-2099.696	189.9011	1.997958	0.8844576
12636	-1901.993	-2091.89	189.8971	1.988916	0.8992952
12642	-1919.287	-2109.213	189.9264	1.905726	0.9577452
12648	-1915.882	-2105.875	189.9926	1.897455	0.8947595
12654	-1920.571	-2110.533	189.9621	1.863394	0.964679
12660	-1918.196	-2108.187	189.9908	1.932769	0.8557047
12666	-1913.719	-2103.683	189.9638	1.962277	0.8526575
12672	-1911.552	-2101.514	189.962	1.941912	0.8788703
12678	-1930.006	-2119.828	189.8219	1.968632	1.000223
12684	-1915.6	-2105.551	189.9516	2.014062	0.8025839
12690	-1906.758	-2096.673	189.9149	1.943492	0.9297883
12696	-1897.433	-2087.325	189.8916	2.005475	0.8867168
12702	-1904.264	-2094.225	189.9615	1.656743	1.160856
12708	-1909.357	-2099.061	189.7045	1.514973	1.482526
12714	-1914.208	-2103.982	189.7743	1.638644	1.33238
12720	-1910.401	-2100.23	189.8281	1.665326	1.267041
12726	-1914.412	-2104.21	189.7979	1.751994	1.219818
12732	-1919.094	-2109.114	190.0204	1.939463	0.810289
12738	-1902.011	-2091.975	189.9635	1.9785	0.833125
12744	-1904.699	-2094.658	189.9591	1.983473	0.8324022
12750	-1914.975	-2104.976	190.0009	1.941683	0.8324022
12756	-1909.353	-2099.401	190.0483	1.9654	0.7338018
12762	-1921.544	-2111.464	189.9194	2.16973	0.5682542
12768	-1927.936	-2117.836	189.8992	2.176716	0.6116634
12774	-1914.476	-2104.449	189.9736	2.040204	0.7335307
12780	-1923.748	-2113.718	189.9696	2.022307	0.7664006
12786	-1918.373	-2108.387	190.0135	2.033797	0.6757982
12792	-1912.949	-2102.699	189.7502	1.732995	1.275429
12798	-1916.115	-2105.83	189.7145	1.705659	1.326645
12804	-1915.596	-2105.391	189.7956	1.711338	1.255801
12810	-1902.994	-2092.866	189.872	1.89419	1.024325
12816	-1905.055	-2095.005	189.9501	1.878733	0.9611845
12822	-1914.762	-2104.664	189.9021	2.097319	0.755498
12828	-1915.398	-2105.427	190.0295	1.898286	0.8505659
12834	-1917.445	-2107.414	189.9686	2.033519	0.7515253
12840	-1915.855	-2105.771	189.9162	2.120311	0.6958159
12846	-1923.36	-2113.307	189.9467	2.089783	0.6958159
12852	-1921.66	-2111.531	189.8712	2.125972	0.7588299
12858	-1915.289	-2105.175	189.8862	2.110912	0.7588299
12864	-1915.727	-2105.683	189.9556	2.011444	0.8008542
12870	-1919.389	-2109.221	189.8317	1.984187	0.9745225
12876	-1917.861	-2107.735	189.8746	2.095875	0.7962187
12882	-1906.506	-2096.437	189.9315	2.021552	0.8191315
12888	-1911.688	-2101.689	190.001	1.957369	0.812262
12894	-1904.176	-2094.194	190.0184	2.010067	0.7097048
12900	-1908.768	-2098.68	189.912	2.114648	0.7127573
12906	-1909.189	-2099.222	190.0332	1.993498	0.7127573
12912	-1913.525	-2103.533	190.0083	2.018267	0.7128544
12918	-1906.063	-2096.082	190.0189	2.020727	0.6901895
12924	-1913.423	-2103.159	189.736	1.950756	1.099392
12930	-1909.623	-2099.68	190.0569	1.788865	0.9433105
12936	-1903.592	-2093.737	190.1448	1.83	0.7903274
12942	-1918.974	-2109.03	190.0558	1.98899	0.6806887
12948	-1919.845	-2109.719	189.8738	2.214345	0.5722294
12954	-1916.346	-2106.246	189.9003	1.999404	0.8837075
12960	-1910.932	-2100.924	189.9928	1.999493	0.7659503
12966	-1903.052	-2092.954	189.9015	2.137209	0.6918774
12972	-1900.607	-2090.486	189.8786	2.117485	0.7603274
12978	-1904.172	-2093.992	189.8195	1.986729	0.9844004
12984	-1912.811	-2102.597	189.7861	1.984625	1.019826
12990	-1917.146	-2106.894	189.7483	2.343608	0.5553869
12996	-1915.379	-2105.138	189.7587	2.328172	0.4301166
13002	-1899.173	-2089.096	189.923	2.001309	0.8547553
13008	-1900.744	-2090.71	189.9663	2.060972	0.7116925
13014	-1912.965	-2102.914	189.9491	1.828607	1.012976
13020	-1906.042	-2095.783	189.7407	1.806358	1.222158
13026	-1916.57	-2106.637	190.0675	1.746756	0.9762881
13032	-1904.769	-2094.122	189.3532	1.499011	1.748714
13038	-1915.787	-2104.818	189.0308	1.564842	1.925017
13044	-1930.011	-2119.886	189.8752	1.76613	1.140405
13050	-1918.775	-2108.349	189.5736	1.719226	1.426666
13056	-1915.252	-2104.513	189.2609	1.543016	1.782404
13062	-1927.118	-2117.013	189.895	2.016679	0.8697598
13068	-1920.308	-2110.381	190.0732	1.895696	0.7982907
13074	-1914.33	-2103.43	189.0994	1.49469	1.926073
13080	-1905.439	-2095.09	189.6509	1.56472	1.485471
13086	-1913.063	-2102.495	189.4327	1.562275	1.647574
13092	-1914.266	-2103.46	189.1942	1.580993	1.80233
13098	-1923.216	-2112.897	189.6808	1.759839	1.310138
13104	-1918.684	-2108.584	189.8996	1.851036	1.039371
13110	-1919.461	-2109.418	189.957	1.945035	0.8810547
13116	-1914.156	-2104.067	189.9112	1.758994	1.114504
13122	-1907.732	-2097.587	189.855	1.833285	1.098014
13128	-1913.166	-2102.862	189.6962	1.825987	1.243138
13134	-1910.717	-2100.3	189.583	1.838258	1.325747
13140	-1910.951	-2100.814	189.8636	1.802093	1.118591
13146	-1906.453	-2096.271	189.8181	1.847579	1.118591
13152	-1919.485	-2109.167	189.6819	1.613491	1.424644
13158	-1932.642	-2122.198	189.5568	1.626	1.510106
13164	-1902.478	-2091.962	189.4832	1.742562	1.477765
13170	-1908.424	-2097.956	189.5314	1.823295	1.378592
13176	-1914.576	-2104.346	189.7704	1.649013	1.327218
13182	-1925.668	-2115.486	189.8172	2.269324	0.5782482
13188	-1937.964	-2127.735	189.7706	2.30788	0.4084186
13194	-1922.208	-2111.754	189.5454	1.639995	1.508103
13200	-1911.944	-2101.549	189.6053	1.749489	1.378493
13206	-1902.023	-2091.614	189.5909	1.777933	1.367431
13212	-1900.647	-2090.208	189.5609	1.807977	1.367431
13218	-1907.503	-2097.441	189.9379	1.851516	1.001345
13224	-1916.065	-2106.191	190.1258	1.711554	0.9522821
13230	-1914.542	-2104.379	189.8375	2.19501	0.7028676
13236	-1917.597	-2107.535	189.9376	2.13837	0.6113717
13242	-1914.961	-2104.637	189.6764	2.421133	0.4925093
13248	-1906.893	-2096.524	189.6312	2.442892	0.3992124
13254	-1914.202	-2103.804	189.6014	2.456321	0.3716533
13260	-1912.448	-2102.117	189.6687	2.399517	0.3882703
13266	-1913.238	-2102.883	189.645	2.427602	0.3963519
13272	-1911.907	-2101.386	189.4789	2.50497	0.2978317
13278	-1902.8	-2092.142	189.3417	2.647646	0.3019237
13284	-1904.601	-2094.053	189.4519	2.510356	0.2828393
13290	-1913.274	-2102.896	189.6219	2.447407	0.390217
13296	-1920.873	-2110.511	189.6375	2.439053	0.4042029
13302	-1932.779	-2122.454	189.6758	2.392917	0.3892645
13308	-1917.072	-2106.651	189.5787	2.49003	0.3892645
13314	-1909.315	-2099.252	189.9365	1.968933	0.8771106
13320	-1916.453	-2106.412	189.9588	2.010051	0.798413
13326	-1925.046	-2114.973	189.9274	2.039567	0.8009262
13332	-1912.064	-2101.95	189.8857	2.197576	0.5895669
13338	-1912.844	-2102.747	189.903	2.136739	0.6899812
13344	-1906.176	-2096.073	189.8974	2.159834	0.6559077
13350	-1910.931	-2100.832	189.901	2.177713	0.6035968
13356	-1912.555	-2102.426	189.8705	2.18189	0.6657975
13362	-1905.4	-2095.329	189.9281	2.082667	0.7383554
13368	-1900.251	-2090.216	189.9645	2.088808	0.6640277
13374	-1904.685	-2094.464	189.7785	2.310695	0.5678789
13380	-1912.7	-2102.584	189.884	2.205181	0.5678789
13386	-1916.86	-2106.667	189.8065	2.235448	0.6859448
13392	-1914.615	-2104.01	189.3947	1.538049	1.691944
13398	-1919.618	-2109.129	189.5115	1.719159	1.474063
13404	-1917.776	-2107.695	189.9188	2.017672	0.8400002
13410	-1915.555	-2105.474	189.9188	2.017672	0.8400002
13416	-1914.998	-2104.874	189.8751	1.970758	0.9432131
13422	-1922.495	-2112.525	190.03	1.85487	0.9006436
13428	-1924.58	-2114.423	189.843	1.780492	1.156205
13434	-1910.582	-2100.485	189.9032	2.076446	0.7837011
13440	-1902.867	-2092.825	189.9585	1.945386	0.8788882
13446	-1903.924	-2093.821	189.8967	1.851572	1.041646
13452	-1903.334	-2093.268	189.934	1.687774	1.157779
13458	-1904.65	-2094.496	189.8459	1.825565	1.113324
13464	-1914.866	-2104.615	189.7492	1.719379	1.28742
13470	-1913.086	-2103.088	190.0017	2.035087	0.6952124
13476	-1911.893	-2101.943	190.0505	1.971936	0.7198246
13482	-1903.966	-2094.024	190.0582	1.913308	0.7948114
13488	-1899.19	-2089.126	189.9361	1.964436	0.8828461
13494	-1905.265	-2095.153	189.8881	1.652204	1.227861
13500	-1912.245	-2102.143	189.898	1.694728	1.183097
13506	-1914.022	-2103.714	189.6913	1.694648	1.353924
13512	-1914.822	-2104.353	189.5309	1.654916	1.507838
13518	-1919.1	-2108.871	189.7703	1.888859	1.124436
13524	-1916.605	-2106.379	189.7737	1.791631	1.20667
13530	-1909.728	-2099.507	189.779	1.643923	1.324435
13536	-1917.68	-2106.937	189.2572	1.579919	1.759302
13542	-1908.309	-2098.235	189.9266	1.931831	0.9297655
13548	-1903.477	-2093.287	189.8098	1.787167	1.179456
13554	-1919.1	-2108.409	189.3081	1.624463	1.692102
13560	-1907.552	-2097.567	190.015	1.637569	1.13037
13566	-1908.094	-2098.099	190.0051	1.942678	0.8258181
13572	-1923.154	-2112.559	189.4053	1.693811	1.571981
13578	-1916.412	-2106.134	189.7222	1.634075	1.377349
13584	-1916.904	-2106.929	190.025	1.873613	0.8850581
13590	-1915.402	-2105.359	189.9566	2.103512	0.6498024
13596	-1908.89	-2098.86	189.9705	2.082077	0.6654812
13602	-1917.642	-2107.67	190.0286	2.049142	0.6065772
13608	-1916.867	-2106.819	189.9521	1.985513	0.8385255
13614	-1904.558	-2094.521	189.9636	1.959986	0.8556053
13620	-1918.214	-2107.618	189.4038	1.835685	1.467375
13626	-1897.739	-2087.649	189.91	1.740733	1.132023
13632	-1901.015	-2090.748	189.7328	1.723391	1.297544
13638	-1895.229	-2084.966	189.7367	1.696741	1.315924
13644	-1906.703	-2096.462	189.7595	1.631022	1.35028
13650	-1910.219	-2099.818	189.5987	1.598377	1.499393
13656	-1908.07	-2097.762	189.6923	1.726783	1.327501
13662	-1909.417	-2099.295	189.8777	1.834267	1.076082
13668	-1908.865	-2098.618	189.7526	2.01459	1.023338
13674	-1910.664	-2100.633	189.969	2.100623	0.6277698
13680	-1915.438	-2105.394	189.9561	1.912986	0.9182019
13686	-1919.689	-2109.624	189.9345	1.897358	0.9580171
13692	-1911.101	-2101.061	189.9596	2.008465	0.7994815
13698	-1917.267	-2107.133	189.8661	2.086191	0.8199977
13704	-1916.54	-2106.499	189.9593	2.04898	0.7422063
13710	-1911.569	-2101.33	189.7612	1.888053	1.13335
13716	-1925.246	-2115.08	189.8342	1.741204	1.198
13722	-1925.08	-2114.784	189.7045	1.952241	1.126614
13728	-1911.44	-2101.351	189.9105	2.00333	0.8672944
13734	-1923.166	-2112.764	189.598	1.538708	1.54437
13740	-1902.91	-2092.793	189.8831	1.757486	1.141135
13746	-1911.509	-2101.269	189.7608	1.74562	1.256222
13752	-1910.604	-2100.251	189.6472	1.587193	1.471259
13758	-1915.82	-2105.209	189.3893	1.70515	1.575399
13764	-1918.363	-2107.79	189.4277	1.790167	1.483764
13770	-1913.189	-2103.127	189.938	2.036162	0.7912165
13776	-1914.526	-2104.476	189.9504	2.023726	0.7912165
13782	-1913.469	-2103.362	189.893	1.972385	0.9222011
13788	-1919.811	-2109.757	189.9459	2.047789	0.7638125
13794	-1922.857	-2112.558	189.7004	1.776498	1.280578
13800	-1923.56	-2113.461	189.901	1.752021	1.12998
13806	-1918.634	-2108.318	189.6842	1.792672	1.280598
13812	-1914.982	-2104.712	189.7306	1.796766	1.238789
13818	-1926.894	-2116.36	189.4667	1.555084	1.628273
13824	-1903.46	-2093.451	189.9907	2.060912	0.6673371
13830	-1907.034	-2097.144	190.1104	1.960462	0.624688
13836	-1909.87	-2099.861	189.9907	1.886495	0.9092428
13842	-1920.301	-2109.907	189.6056	1.764746	1.366285
13848	-1909.715	-2099.719	190.0039	1.72446	1.060622
13854	-1923.612	-2113.437	189.8252	1.838779	1.120104
13860	-1904.814	-2094.69	189.8758	2.050191	0.8527348
13866	-1917.518	-2107.377	189.859	1.997181	0.9322466
13872	-1916.54	-2106.444	189.9035	1.843373	1.043021
13878	-1911.444	-2101.178	189.7339	1.742764	1.280787
13884	-1916.592	-2106.524	189.9319	2.101199	0.7018434
13890	-1920.511	-2110.439	189.9274	1.894101	0.9687878
13896	-1922.437	-2112.436	189.9985	1.899426	0.8858175
13902	-1919.057	-2108.83	189.7729	1.779718	1.217447
13908	-1917.249	-2107.126	189.8766	1.71153	1.187076
13914	-1917.363	-2106.929	189.5658	1.692408	1.453124
13920	-1915.54	-2105.301	189.7602	1.700344	1.293999
13926	-1911.776	-2101.526	189.75	1.710547	1.293999
13932	-1914.815	-2104.399	189.5835	1.652566	1.469982
13938	-1906.599	-2096.098	189.4992	1.619	1.55796
13944	-1909.523	-2099.423	189.9009	1.977197	0.9082049
13950	-1900.075	-2089.984	189.909	1.888768	0.9929646
13956	-1912.085	-2101.735	189.6499	1.708921	1.375324
13962	-1915.725	-2105.437	189.712	1.646854	1.375324
13968	-1926.213	-2115.893	189.6798	1.95646	1.144961
13974	-1911.785	-2101.702	189.9169	1.832998	1.04014
13980	-1913.675	-2103.499	189.8231	1.856829	1.105642
13986	-1901.041	-2090.972	189.9311	1.708632	1.141814
13992	-1899.82	-2089.692	189.8721	1.761142	1.147633
13998	-1908.022	-2097.747	189.7245	1.738133	1.292277
14004	-1913.501	-2103.161	189.6598	1.65181	1.412134
14010	-1906.88	-2096.578	189.6972	1.761802	1.295269
14016	-1914.491	-2104.369	189.8773	2.137416	0.7321915
14022	-1910.11	-2099.974	189.8644	2.198094	0.6444503
14028	-1912.848	-2102.635	189.7866	2.300888	0.5745761
14034	-1924.956	-2114.946	189.9897	1.921002	0.870993
14040	-1901.651	-2091.657	190.0062	1.998807	0.7471753
14046	-1912.886	-2102.76	189.8749	1.902895	1.01293
14052	-1908.417	-2098.109	189.6916	1.718567	1.334603
14058	-1909.285	-2099.064	189.7793	1.752903	1.234671
14064	-1912.332	-2102.098	189.7663	1.866848	1.147707
14070	-1914.413	-2104.1	189.6875	1.983269	1.113932
14076	-1911.575	-2101.428	189.8534	1.941296	0.9960966
14082	-1899.845	-2089.802	189.9571	1.885647	0.9465951
14088	-1903.253	-2093.157	189.9039	1.727657	1.149118
14094	-1915.11	-2105.076	189.9663	1.736909	1.084243
14100	-1915.371	-2105.317	189.9451	1.975055	0.8597184
14106	-1915.498	-2105.414	189.916	2.069679	0.7752806
14112	-1924.672	-2114.395	189.7231	2.252109	0.7897371
14118	-1907.457	-2097.386	189.9288	2.046452	0.7897371
14124	-1916.668	-2106.694	190.0262	1.949074	0.7897371
14130	-1920.721	-2110.316	189.5942	1.697482	1.427518
14136	-1920.774	-2110.361	189.5866	1.644576	1.473722
14142	-1911.877	-2101.884	190.0072	1.929879	0.8391926
14148	-1910.129	-2100.048	189.9191	2.125049	0.6818867
14154	-1914.316	-2104.122	189.8058	2.020703	0.9635984
14160	-1920.022	-2109.809	189.7869	1.921821	1.07913
14166	-1919.399	-2109.374	189.9748	1.921821	0.8872857
14172	-1918.254	-2108.151	189.8978	2.056053	0.8180958
14178	-1912.263	-2102.155	189.8923	1.981059	0.9134571
14184	-1912.001	-2101.949	189.9481	2.040952	0.7705051
14190	-1912.621	-2102.521	189.9	2.187383	0.5749595
14196	-1914.275	-2104.101	189.8264	2.269749	0.5276313
14202	-1924.509	-2114.312	189.8029	2.043204	0.9429476
14208	-1915.81	-2105.684	189.8744	2.195783	0.6263972
14214	-1912.835	-2102.687	189.8524	2.224244	0.6096344
14220	-1928.572	-2118.238	189.6662	2.43086	0.4835527
14226	-1918.429	-2108.247	189.8174	2.253704	0.6242962
14232	-1925.955	-2115.701	189.7461	2.348636	0.4629853
14238	-1911.201	-2100.925	189.7239	2.365628	0.4388714
14244	-1923.284	-2113.198	189.9141	2.146634	0.6484563
14250	-1913.916	-2103.545	189.6291	2.4493	0.4081551
14256	-1914.545	-2103.928	189.3826	2.657782	0.3493801
14262	-1910.203	-2099.836	189.633	2.422742	0.3688213
14268	-1913.503	-2103.254	189.7513	2.339066	0.4421249
14274	-1909.893	-2099.405	189.5124	2.548171	0.3759256
14280	-1910.603	-2100.577	189.9748	1.896933	0.9151894
14286	-1910.467	-2100.462	189.9948	1.87697	0.9151894
14292	-1928.109	-2117.734	189.6248	1.914248	1.228948
14298	-1911.27	-2101.056	189.7859	1.872941	1.124756
14304	-1911.598	-2101.647	190.049	1.805893	0.933583
14310	-1907.49	-2097.346	189.856	2.007776	0.9240012
14316	-1907.159	-2097.044	189.8856	1.957983	0.9456314
14322	-1918.594	-2108.598	190.0042	1.958173	0.8070028
14328	-1911.476	-2101.309	189.8331	1.784351	1.161497
14334	-1913.747	-2103.428	189.6811	1.653865	1.394021
14340	-1914.948	-2104.717	189.7691	1.812189	1.192946
14346	-1926.237	-2115.979	189.742	1.821499	1.208193
14352	-1914.14	-2103.955	189.8144	2.256136	0.6255485
14358	-1909.627	-2099.462	189.8359	2.213844	0.6711509
14364	-1923.327	-2113.187	189.8603	1.964796	0.9650233
14370	-1906.687	-2096.56	189.8736	2.20259	0.6107669
14376	-1905.366	-2095.134	189.7678	2.329346	0.5154164
14382	-1911.998	-2101.858	189.8605	2.226731	0.5756292
14388	-1903.394	-2093.319	189.9251	2.101402	0.7130034
14394	-1911.818	-2101.647	189.8286	2.177132	0.7460202
14400	-1908.765	-2098.719	189.9542	2.079868	0.7000447
14406	-1911.548	-2101.43	189.8821	2.038972	0.8586326
14412	-1914.254	-2104.256	190.0013	1.919849	0.8586326
14418	-1916.875	-2106.928	190.0524	1.907435	0.8102608
14424	-1911.075	-2101.036	189.9604	1.980074	0.8349893
14430	-1902.717	-2092.69	189.9726	1.987717	0.8097246
14436	-1913.459	-2103.52	190.0616	1.881911	0.8311364
14442	-1922.59	-2112.599	190.0085	2.033413	0.685949
14448	-1911.321	-2101.188	189.8667	1.954329	0.9692328
14454	-1900.871	-2090.921	190.0508	1.730328	1.009582
14460	-1899.987	-2089.768	189.781	1.775017	1.214589
14466	-1907.538	-2097.313	189.7752	1.808889	1.190528
14472	-1928.657	-2118.335	189.6778	2.398849	0.4044119
14478	-1927.657	-2117.294	189.6376	2.443479	0.4145571
14484	-1914.441	-2104.348	189.9069	1.917871	0.9654494
14490	-1917.193	-2107.033	189.8399	1.782119	1.157533
14496	-1925.706	-2115.511	189.8056	1.815794	1.158084
14502	-1920.703	-2110.522	189.8183	1.838589	1.126511
14508	-1923.009	-2112.985	189.9762	1.77213	1.041641
14514	-1907.409	-2097.393	189.9833	1.802073	1.005351
14520	-1927.9	-2117.671	189.7704	1.896745	1.117221
14526	-1923.955	-2113.887	189.932	1.919084	0.9376585
14532	-1905.54	-2095.597	190.0578	1.879783	0.8385461
14538	-1908.26	-2098.277	190.0172	2.022555	0.6898546
14544	-1916.171	-2106.115	189.9439	2.030317	0.7911106
14550	-1921.564	-2111.447	189.8828	2.022511	0.8772646
14556	-1931.914	-2121.928	190.0136	1.836424	0.9387968
14562	-1914.781	-2104.779	189.9977	1.957205	0.8166467
14568	-1919.889	-2109.93	190.0417	1.993533	0.6980877
14574	-1914.853	-2104.771	189.9188	2.178001	0.5209569
14580	-1910.918	-2100.887	189.969	2.046887	0.7303211
14586	-1915.685	-2105.59	189.9055	2.110348	0.7303211
14592	-1910.107	-2100.078	189.9712	2.112668	0.5876278
14598	-1913.9	-2103.724	189.8239	2.270059	0.5443586
14604	-1931.282	-2121.094	189.8115	2.273225	0.5846254
14610	-1909.974	-2099.868	189.8945	2.170935	0.6378991
14616	-1902.246	-2092.194	189.9488	2.088323	0.6947269
14622	-1904.172	-2094.117	189.9444	2.050143	0.76258
14628	-1905.1	-2095.003	189.9032	2.157666	0.6481932
14634	-1917.556	-2107.451	189.8951	2.174591	0.6278129
14640	-1915.747	-2105.472	189.725	1.642269	1.368701
14646	-1912.153	-2101.917	189.7641	1.733744	1.263386
14652	-1920.334	-2110.315	189.9817	1.746554	1.060735
14658	-1912.259	-2101.972	189.7136	1.704749	1.328091
14664	-1909.964	-2099.872	189.9075	1.737584	1.137079
14670	-1912.64	-2102.381	189.7402	2.356998	0.4847607
14676	-1902.345	-2092.133	189.788	2.307071	0.4651753
14682	-1899.127	-2088.917	189.7905	2.307071	0.5065405
14688	-1900.782	-2090.614	189.8321	2.260302	0.4505182
14694	-1915.121	-2105.047	189.9263	2.138371	0.6395585
14700	-1918.854	-2108.724	189.8701	2.199962	0.6266894
14706	-1921.866	-2111.844	189.9774	2.011423	0.7708272
14712	-1912.069	-2101.844	189.7744	2.220439	0.7621604
14718	-1902.317	-2092.26	189.9437	1.904993	0.9402826
14724	-1916.968	-2106.889	189.9204	1.829004	1.040622
14730	-1925.188	-2115.133	189.9448	2.048137	0.7649012
14736	-1913.934	-2103.78	189.8459	2.089534	0.8412146
14742	-1912.062	-2102.095	190.0326	1.715191	1.042114
14748	-1902.243	-2092.201	189.9572	1.790564	1.042114
14754	-1899.321	-2089.212	189.8912	1.933471	0.9655549
14760	-1907.064	-2096.994	189.9301	1.820387	1.039497
14766	-1912.578	-2102.37	189.792	1.768573	1.210691
14772	-1905.46	-2095.328	189.8678	1.782564	1.132349
14778	-1897.438	-2087.201	189.7627	1.991061	1.036351
14784	-1915.409	-2105.372	189.9633	2.042531	0.7458707
14790	-1918.77	-2108.701	189.9308	2.087707	0.7260805
14796	-1914.391	-2104.279	189.8887	2.129827	0.7260805
14802	-1908.687	-2098.529	189.8422	2.245176	0.5749265
14808	-1895.761	-2085.603	189.8422	2.245176	0.5749265
14814	-1903.143	-2093.014	189.8706	2.199393	0.6268634
14820	-1908.933	-2098.806	189.8732	1.771766	1.137193
14826	-1926.052	-2116.125	190.0732	1.931141	0.7480839
14832	-1919.809	-2109.888	190.0796	1.927088	0.7446335
14838	-1917.418	-2107.431	190.0129	1.895258	0.8739001
14844	-1918.147	-2108.132	189.9852	1.993256	0.7853768
14850	-1910.089	-2100.027	189.9377	2.040732	0.7853768
14856	-1902.172	-2092.143	189.971	2.007394	0.7853768
14862	-1906.055	-2096.081	190.0259	1.933132	0.8113843
14868	-1901.243	-2091.13	189.8875	1.861892	1.040554
14874	-1911.49	-2101.375	189.8847	2.18902	0.6174854
14880	-1902.041	-2091.919	189.8782	2.156709	0.6985924
14886	-1905.025	-2094.996	189.9708	2.033683	0.7479809
14892	-1898.648	-2088.585	189.9364	2.077175	0.7339671
14898	-1902.385	-2092.274	189.8888	2.159723	0.673519
14904	-1897.923	-2087.774	189.8512	2.188715	0.6896308
14910	-1921.245	-2111.181	189.9358	2.060581	0.7599146
14916	-1914.635	-2104.48	189.8448	2.208536	0.6638945
14922	-1912.589	-2102.478	189.8894	2.154965	0.681468
14928	-1915.506	-2105.339	189.8332	2.217531	0.6691934
14934	-1900.466	-2090.39	189.9236	2.05717	0.782172
14940	-1906.434	-2096.313	189.8788	2.139518	0.726473
14946	-1908.982	-2098.94	189.9578	2.076093	0.7003478
14952	-1897.779	-2087.732	189.9528	2.081065	0.7003478
14958	-1900.802	-2090.773	189.9713	2.05706	0.7098106
14964	-1901.336	-2091.288	189.9513	2.112073	0.6424475
14970	-1892.485	-2082.172	189.687	2.38873	0.4025747
14976	-1894.123	-2083.62	189.4971	2.506934	0.3136367
14982	-1906.169	-2095.669	189.4996	2.546515	0.3561462
14988	-1917.705	-2107.282	189.577	2.478818	0.3689571
14994	-1908.513	-2098.08	189.567	2.479577	0.3567208
15000	-1915.486	-2105.4	189.9137	2.183058	0.5217829
15006	-1915.614	-2105.568	189.9547	2.12709	0.5942786
15012	-1919.764	-2109.738	189.9741	1.928076	0.8809512
15018	-1923.224	-2113.05	189.8259	1.778188	1.173216
15024	-1920.414	-2110.389	189.9751	1.729546	1.082863
15030	-1909.068	-2098.544	189.4752	2.573742	0.3598088
15036	-1916.007	-2105.329	189.3221	2.692192	0.3226642
15042	-1919.585	-2108.975	189.3908	1.513079	1.712394
15048	-1917.048	-2106.582	189.5337	1.42125	1.676156
15054	-1913.419	-2102.656	189.2366	1.531079	1.807501
15060	-1923.368	-2112.605	189.2374	2.700799	0.2680793
15066	-1914.743	-2104.047	189.3044	2.698282	0.3125042
15072	-1906.592	-2095.866	189.2741	2.722893	0.3078959
15078	-1920.522	-2109.659	189.1364	2.7975	0.2656337
15084	-1913.503	-2102.89	189.3874	2.651399	0.3475434
15090	-1908.187	-2097.591	189.4039	1.569044	1.663305
15096	-1908.339	-2097.647	189.3079	1.478353	1.794708
15102	-1914.842	-2104.651	189.8092	1.652211	1.293249
15108	-1922.788	-2112.688	189.9	1.725481	1.154486
15114	-1907.999	-2097.954	189.9548	2.117107	0.6222724
15120	-1917.112	-2106.935	189.8231	2.031871	0.9334987
15126	-1906.182	-2096.071	189.8892	2.040278	0.84858
15132	-1900.316	-2090.22	189.904	2.025384	0.84858
15138	-1909.839	-2099.686	189.8469	2.186322	0.7015431
15144	-1928.577	-2118.599	190.0218	1.677847	1.087526
15150	-1922.174	-2112.242	190.0679	1.80449	0.9144854
15156	-1921.162	-2111.006	189.8442	1.895038	1.050295
15162	-1898.614	-2088.438	189.824	2.269511	0.5467923
15168	-1910.974	-2100.833	189.8598	2.209766	0.6279962
15174	-1922.415	-2112.431	190.0161	1.793193	0.9812927
15180	-1910.147	-2100.124	189.977	2.028717	0.7460649
15186	-1917.898	-2107.747	189.8497	2.185819	0.6974435
15192	-1916.358	-2106.248	189.8903	2.200737	0.5595828
15198	-1915.788	-2105.716	189.9282	2.152405	0.5981272
15204	-1918.781	-2108.7	189.919	2.103053	0.7203961
15210	-1925.814	-2115.705	189.8911	2.130523	0.7211509
15216	-1921.922	-2111.968	190.0457	1.960034	0.7460063
15222	-1922.059	-2111.966	189.9068	2.1087	0.7309325
15228	-1906.25	-2096.246	189.9956	1.918297	0.8672252
15234	-1920.606	-2110.07	189.4632	1.432454	1.718224
15240	-1907.981	-2097.953	189.972	1.861317	0.9564503
15246	-1905.168	-2094.867	189.6993	1.775383	1.282432
15252	-1905.328	-2095.027	189.6986	1.852283	1.218903
15258	-1901.701	-2091.587	189.8862	1.761846	1.134446
15264	-1908.351	-2098.243	189.8919	1.76751	1.124201
15270	-1916.65	-2106.377	189.7268	1.80398	1.235895
15276	-1921.671	-2111.586	189.9147	1.879585	0.9964915
15282	-1929.756	-2119.701	189.9447	1.742132	1.099312
15288	-1940.177	-2130.161	189.9835	1.67357	1.126362
15294	-1924.09	-2113.752	189.6625	1.593211	1.455057
15300	-1916.291	-2105.769	189.4774	1.507407	1.654816
15306	-1919.572	-2108.976	189.4036	1.437484	1.756495
15312	-1919.119	-2108.992	189.8735	1.811246	1.101265
15318	-1926.453	-2116.512	190.0589	1.789435	0.940595
15324	-1932.852	-2122.734	189.8821	1.820837	1.084423
15330	-1926.857	-2116.548	189.6904	1.859253	1.219945
15336	-1922.263	-2112.22	189.9564	1.653506	1.168155
15342	-1919.11	-2107.977	188.8668	1.416617	2.132277
15348	-1923.91	-2112.438	188.5278	1.296059	2.426741
15354	-1923.515	-2113.261	189.7456	1.708592	1.29914
15360	-1916.901	-2106.449	189.5485	1.708592	1.45398
15366	-1912.796	-2102.303	189.5072	1.594693	1.569991
15372	-1917.435	-2107.117	189.682	1.597238	1.437081
15378	-1913.853	-2103.427	189.5738	1.686109	1.451873
15384	-1924.503	-2114.069	189.5657	1.456379	1.628007
15390	-1917.421	-2106.344	188.9237	1.557105	2.002075
15396	-1922.728	-2112.339	189.6113	1.564446	1.515374
15402	-1922.394	-2111.704	189.3098	1.575188	1.725742
15408	-1917.783	-2107.113	189.3302	1.639978	1.665296
15414	-1914.394	-2104.104	189.71	1.643675	1.379389
15420	-1925.879	-2115.346	189.4673	1.856263	1.402906
15426	-1909.332	-2098.939	189.6073	1.716248	1.402906
15432	-1920.819	-2110.582	189.7632	1.646883	1.334697
15438	-1917.437	-2107.383	189.9464	1.88469	0.9587905
15444	-1909.973	-2099.913	189.9401	2.062753	0.7504157
15450	-1915.053	-2104.432	189.3788	1.54026	1.701676
15456	-1913.07	-2102.316	189.2467	1.457848	1.850993
15462	-1910.559	-2100.474	189.9151	2.064856	0.7832323
15468	-1913.165	-2103.09	189.9243	1.882908	0.9834361
15474	-1925.492	-2115.182	189.6901	1.942111	1.148547
15480	-1911.119	-2099.782	188.6624	1.366024	2.296993
15486	-1904.625	-2093.453	188.8288	1.470207	2.122083
15492	-1912.825	-2102.736	189.9105	1.790235	1.086493
15498	-1910.465	-2100.357	189.8921	1.619899	1.251625
15504	-1903.674	-2093.486	189.8127	1.779281	1.183754
15510	-1908.129	-2097.944	189.814	1.737002	1.218826
15516	-1913.221	-2102.857	189.6366	1.771984	1.335903
15522	-1912.625	-2102.555	189.9302	1.931293	0.9264946
15528	-1913.828	-2103.666	189.8372	1.937522	1.01596
15534	-1914.261	-2104.205	189.9431	2.012161	0.8161711
15540	-1922.53	-2112.554	190.0246	1.886861	0.8700127
15546	-1919.28	-2109.124	189.8442	2.01601	0.9277977
15552	-1924.337	-2114.026	189.6886	1.568749	1.45384
15558	-1915.804	-2104.994	189.1896	1.519788	1.847648
15564	-1927.881	-2117.747	189.8661	1.792103	1.125308
15570	-1935.747	-2125.574	189.8271	1.831079	1.125308
15576	-1926.325	-2116.136	189.8104	1.84779	1.125308
15582	-1914.205	-2103.677	189.472	1.527684	1.644198
15588	-1914.393	-2103.57	189.1764	1.45602	1.900118
15594	-1910.653	-2099.829	189.1756	1.364235	1.962644
15600	-1908.015	-2096.593	188.5782	1.525532	2.248684
15606	-1914.033	-2103.47	189.4371	1.535592	1.663488
15612	-1908.925	-2098.157	189.2317	1.517175	1.820544
15618	-1911.855	-2101.42	189.5655	1.603105	1.5207
15624	-1903.607	-2093.068	189.4609	1.710188	1.518779
15630	-1939.633	-2129.143	189.5102	1.84829	1.375619
15636	-1933.718	-2123.264	189.5468	1.755421	1.419427
15642	-1925.411	-2114.994	189.5827	1.657641	1.466731
15648	-1917.727	-2107.286	189.5587	1.681678	1.466731
15654	-1916.992	-2106.263	189.2711	1.470547	1.825498
15660	-1913.915	-2103.153	189.2378	1.503888	1.825498
15666	-1914.816	-2104.463	189.6462	1.5588	1.493402
15672	-1922.894	-2112.595	189.701	1.942296	1.138669
15678	-1924.25	-2114.234	189.9837	1.84839	0.9577772
15684	-1922.989	-2112.901	189.9122	1.836171	1.04157
15690	-1922.191	-2111.352	189.161	1.564481	1.836585
15696	-1911.343	-2100.61	189.267	1.448779	1.843277
15702	-1901.574	-2090.75	189.1757	1.352747	1.970275
15708	-1905.144	-2094.314	189.1702	1.434497	1.91895
15714	-1907.976	-2097.4	189.4238	1.417098	1.756641
15720	-1917.287	-2107.311	190.0247	1.683585	1.079481
15726	-1922.97	-2112.797	189.8264	1.579013	1.338404
15732	-1924.56	-2113.957	189.3972	1.570421	1.667163
15738	-1932.712	-2122.279	189.5673	1.594429	1.525746
15744	-1922.48	-2111.81	189.3299	1.524432	1.747228
15750	-1918.228	-2107.754	189.5265	1.555481	1.584589
15756	-1908.735	-2098.446	189.7113	1.577986	1.429376
15762	-1920.155	-2110.047	189.892	1.8691	1.029248
15768	-1919.629	-2109.637	190.0075	1.957353	0.8037541
15774	-1919.321	-2108.842	189.5208	1.625822	1.536977
15780	-1921.092	-2111.163	190.0704	1.900058	0.7962412
15786	-1908.861	-2098.846	189.9848	1.889023	0.9129251
15792	-1926.885	-2116.782	189.897	1.837748	1.05461
15798	-1922.458	-2112.378	189.9206	2.035168	0.8156012
15804	-1905.628	-2095.539	189.9115	1.868539	1.010732
15810	-1917.365	-2107.093	189.7279	1.970207	1.08894
15816	-1913.305	-2103.17	189.8646	1.800888	1.118739
15822	-1917.901	-2107.693	189.7911	1.754451	1.223461
15828	-1913.102	-2103.012	189.9093	2.012815	0.8574483
15834	-1922.291	-2112.217	189.9261	1.995961	0.8574483
15840	-1926.053	-2115.92	189.8665	1.973103	0.9498835
15846	-1915.347	-2105.237	189.8897	2.204173	0.5445554
15852	-1921.377	-2111.269	189.8918	2.188946	0.5974839
15858	-1925.778	-2115.5	189.7223	2.353177	0.4019801
15864	-1900.294	-2090.237	189.9437	1.988042	0.8457601
15870	-1903.615	-2093.368	189.7524	1.797256	1.220006
15876	-1909.048	-2098.361	189.3135	1.720957	1.619072
15882	-1902.027	-2091.836	189.8097	1.720957	1.23601
15888	-1903.06	-2092.695	189.6343	1.777435	1.333361
15894	-1925.872	-2115.713	189.8403	1.880149	1.068087
15900	-1898.607	-2088.474	189.8672	1.992219	0.9287269
15906	-1908.661	-2098.289	189.6273	1.75012	1.360656
15912	-1908.145	-2098.109	189.964	1.985494	0.8236186
15918	-1909.41	-2099.453	190.0434	1.998767	0.6855834
15924	-1901.27	-2091.168	189.8973	2.041565	0.8370005
15930	-1911.865	-2101.8	189.9343	2.048	0.7799762
15936	-1917.456	-2107.262	189.8059	1.651053	1.296931
15942	-1924.926	-2114.902	189.9767	1.994375	0.7953451
15948	-1906.734	-2096.68	189.9457	1.931698	0.908991
15954	-1902.301	-2092.219	189.9185	1.931698	0.9386604
15960	-1906.919	-2096.953	190.0336	1.968905	0.7509156
15966	-1916.155	-2105.988	189.8331	2.064777	0.8857933
15972	-1921.009	-2110.956	189.947	1.963995	0.8706227
15978	-1912.197	-2102.211	190.0141	1.933948	0.825423
15984	-1904.275	-2094.295	190.0196	2.024936	0.681136
15990	-1904.974	-2094.936	189.9616	2.054671	0.729732
15996	-1898.229	-2088.154	189.9248	1.996059	0.8588966
16002	-1912.873	-2102.8	189.9278	1.818259	1.043765
16008	-1911.126	-2101.12	189.994	1.918412	0.8689789
16014	-1914.473	-2103.996	189.5235	1.836748	1.374195
16020	-1934.867	-2124.636	189.7691	1.812091	1.193056
16026	-1923.435	-2113.194	189.7587	1.764442	1.242295
16032	-1911.59	-2101.448	189.8585	2.106344	0.8037561
16038	-1915.608	-2105.553	189.9456	2.102305	0.6746354
16044	-1925.962	-2115.795	189.8333	2.075537	0.873104
16050	-1921.802	-2111.54	189.7376	1.91631	1.129184
16056	-1940.819	-2130.585	189.7663	1.710772	1.280433
16062	-1919.981	-2109.734	189.7525	1.700666	1.300017
16068	-1924.151	-2113.861	189.7103	1.742866	1.300017
16074	-1925.438	-2115.16	189.721	1.648577	1.366839
16080	-1927.465	-2117.337	189.8715	1.927374	0.9919219
16086	-1922.876	-2112.704	189.8278	2.102584	0.8474642
16092	-1923.469	-2113.318	189.8486	1.811067	1.12405
16098	-1921.941	-2111.667	189.7264	1.814239	1.227618
16104	-1913.871	-2103.783	189.9128	1.791628	1.083064
16110	-1908.386	-2098.266	189.8808	1.852279	1.056219
16116	-1920.957	-2110.539	189.5813	1.672212	1.456713
16122	-1917.763	-2107.506	189.7424	1.640558	1.356302
16128	-1908.794	-2098.203	189.4083	1.653754	1.599085
16134	-1913.444	-2103.206	189.762	1.705231	1.288492
16140	-1919.842	-2109.547	189.7043	1.663482	1.368252
16146	-1912.447	-2102.081	189.6339	1.600458	1.471274
16152	-1938.318	-2127.838	189.5198	1.587438	1.566017
16158	-1929.061	-2118.493	189.4312	1.561878	1.648884
16164	-1933.543	-2122.77	189.2269	1.585758	1.776371
16170	-1928.051	-2117.61	189.559	1.641985	1.496483
16176	-1930.124	-2119.331	189.2074	1.5622	1.806176
16182	-1930.243	-2119.354	189.1108	1.453972	1.945824
16188	-1937.829	-2124.582	186.7538	1.347194	3.466454
16194	-1930.788	-2119.59	188.8019	1.361207	2.210459
16200	-1909.952	-2099.881	189.9289	1.822848	1.038284
16206	-1922.137	-2111.859	189.7217	1.667393	1.351421
16212	-1918.915	-2108.572	189.6571	1.779471	1.313389
16218	-1915.794	-2105.221	189.4273	1.431116	1.744366
16224	-1925.55	-2114.933	189.383	1.511887	1.718752
16230	-1932.622	-2122.208	189.5863	1.816329	1.340642
16236	-1925.405	-2114.726	189.3209	1.694013	1.633197
16242	-1928.31	-2118.113	189.8036	1.793324	1.179455
16248	-1929.354	-2119.138	189.7837	1.813217	1.179455
16254	-1916.446	-2105.971	189.5252	1.719681	1.463301
16260	-1910.798	-2100.282	189.484	1.634694	1.557635
16266	-1917.776	-2107.28	189.5034	1.883716	1.353009
16272	-1909.634	-2099.054	189.4203	1.833407	1.45658
16278	-1906.745	-2096.681	189.9351	1.823281	1.031861
16284	-1908.59	-2098.45	189.86	1.858015	1.070377
16290	-1904.589	-2094.244	189.6543	1.731645	1.353887
16296	-1919.962	-2109.707	189.745	1.854054	1.177602
16302	-1915.194	-2105.164	189.97	1.812747	1.00799
16308	-1915.699	-2105.524	189.8251	1.952532	1.013056
16314	-1916.488	-2106.481	189.9938	1.939709	0.8436543
16320	-1917.641	-2106.966	189.3252	1.736222	1.599518
16326	-1912.671	-2102.335	189.6634	1.810826	1.282807
16332	-1914.38	-2103.786	189.4064	1.746656	1.532258
16338	-1910.318	-2099.689	189.3709	1.714943	1.581727
16344	-1909.619	-2099.384	189.7653	1.659187	1.323143
16350	-1916.388	-2105.792	189.4034	1.668193	1.592116
16356	-1916.375	-2105.887	189.5117	1.650554	1.525405
16362	-1916.29	-2106.241	189.9513	1.994232	0.82862
16368	-1901.119	-2090.994	189.8753	2.138266	0.7339786
16374	-1903.159	-2093.103	189.9441	2.012859	0.8140366
16380	-1907.652	-2097.625	189.9729	2.068797	0.6863715
16386	-1914.563	-2104.49	189.9271	2.072896	0.7545993
16392	-1923.389	-2112.834	189.4445	1.481697	1.696603
16398	-1916.079	-2105.266	189.1872	1.598399	1.795129
16404	-1903.969	-2093.442	189.4737	1.651828	1.552597
16410	-1909.474	-2098.965	189.4915	1.863149	1.378641
16416	-1906.07	-2095.871	189.801	1.781819	1.191617
16422	-1930.911	-2120.784	189.8727	2.223518	0.5271575
16428	-1927.45	-2117.361	189.9112	2.141539	0.6651855
16434	-1911.812	-2101.836	190.0236	1.853343	0.909496
16440	-1909.427	-2099.212	189.7855	1.853343	1.14265
16446	-1912.692	-2102.456	189.7638	1.962769	1.062343
16452	-1911.338	-2101.231	189.8929	2.091868	0.7765433
16458	-1911.866	-2101.822	189.956	1.988079	0.8305097
16464	-1908.127	-2098.047	189.9207	2.029388	0.8229065
16470	-1925.671	-2115.347	189.6769	1.645829	1.403515
16476	-1909.171	-2098.974	189.8024	1.739365	1.226687
16482	-1909.088	-2098.654	189.5656	1.685948	1.458257
16488	-1901.851	-2091.782	189.9314	1.975527	0.8754277
16494	-1912.145	-2102.089	189.944	2.04549	0.7698527
16500	-1917.519	-2107.421	189.902	1.819545	1.067063
16506	-1907.103	-2096.933	189.8299	1.871731	1.085684
16512	-1907.426	-2097.412	189.986	1.794003	1.010745
16518	-1914.436	-2104.305	189.8691	1.910857	1.010745
16524	-1917.4	-2107.396	189.9967	1.823892	0.9697641
16530	-1918.26	-2107.586	189.3254	1.615635	1.686074
16536	-1917.457	-2107.098	189.6406	1.565162	1.492831
16542	-1919.049	-2108.499	189.4507	1.7712	1.48071
16548	-1915.234	-2104.98	189.7457	1.651625	1.344877
16554	-1922.668	-2112.394	189.7265	1.670815	1.344877
16560	-1919.003	-2108.972	189.9694	1.950855	0.8596555
16566	-1902.987	-2092.838	189.8511	1.906728	1.032394
16572	-1909.366	-2098.998	189.6319	1.591148	1.479808
16578	-1913.868	-2103.461	189.5931	1.644025	1.469153
16584	-1906.164	-2095.679	189.5147	1.589025	1.568643
16590	-1908.752	-2098.554	189.8024	1.589025	1.34959
16596	-1900.652	-2090.086	189.4335	1.709184	1.539908
16602	-1907.052	-2096.761	189.709	1.77136	1.277735
16608	-1903.064	-2092.821	189.7578	1.701278	1.295211
16614	-1905.543	-2095.488	189.9447	1.691818	1.144692
16620	-1899.346	-2088.901	189.5553	1.711439	1.446651
16626	-1905.167	-2094.599	189.4315	1.638731	1.593156
16632	-1909.86	-2099.295	189.4352	1.550454	1.654202
16638	-1909.768	-2099.177	189.4089	1.741515	1.534192
16644	-1906.252	-2095.732	189.4795	1.724519	1.494158
16650	-1895.305	-2084.702	189.3969	1.530184	1.695995
16656	-1898.195	-2087.313	189.1187	1.4835	1.920642
16662	-1910.678	-2100.53	189.8524	1.910982	1.027011
16668	-1904.264	-2094.036	189.772	1.745122	1.24737
16674	-1917.361	-2107.263	189.9024	1.859495	1.028505
16680	-1913.586	-2103.376	189.79	1.883356	1.111625
16686	-1928.779	-2118.518	189.7389	1.925548	1.119662
16692	-1922.78	-2112.7	189.9204	1.916016	0.9532844
16698	-1925.724	-2115.654	189.9303	1.843771	1.016606
16704	-1922.274	-2112.044	189.7695	2.324707	0.4597474
16710	-1933.253	-2123.004	189.7509	1.738689	1.270186
16716	-1916.205	-2105.84	189.6348	1.61734	1.457801
16722	-1922.77	-2112.689	189.9192	1.865416	1.006185
16728	-1910.065	-2099.965	189.9002	1.933187	0.9564175
16734	-1914.224	-2103.848	189.6232	1.782861	1.337907
16740	-1910.252	-2100.092	189.8397	1.740958	1.193485
16746	-1919.004	-2108.801	189.7966	1.945537	1.047509
16752	-1906.873	-2096.765	189.8925	1.931825	0.9658516
16758	-1915.411	-2105.334	189.9227	2.002733	0.8533743
16764	-1922.943	-2112.986	190.043	1.870124	0.8681305
16770	-1923.374	-2113.236	189.862	2.103769	0.8025221
16776	-1920.865	-2110.782	189.9172	2.070568	0.7723896
16782	-1917.168	-2106.983	189.8149	2.167658	0.7796855
16788	-1911.122	-2101.165	190.0427	1.908378	0.8215489
16794	-1905.714	-2095.564	189.8497	1.922037	1.018848
16800	-1911.338	-2100.952	189.6143	1.613519	1.476205
16806	-1907.484	-2096.989	189.5056	1.722241	1.476205
16812	-1903.69	-2093.081	189.3908	1.656491	1.609812
16818	-1916.363	-2106.183	189.8201	1.675009	1.265619
16824	-1917.753	-2107.487	189.7335	1.775521	1.25411
16830	-1910.128	-2099.805	189.6777	1.700261	1.36025
16836	-1903.764	-2093.327	189.5635	1.591962	1.530447
16842	-1908.61	-2098.25	189.6397	1.783112	1.324466
16848	-1914.014	-2103.634	189.6193	1.717016	1.392913
16854	-1920.969	-2110.631	189.6613	1.791202	1.300512
16860	-1919.405	-2109.22	189.8143	1.795721	1.168091
16866	-1924.295	-2114.089	189.7942	1.90755	1.085569
16872	-1921.312	-2110.996	189.6832	1.735226	1.327991
16878	-1926.407	-2116.261	189.8549	1.679	1.233317
16884	-1930.136	-2119.861	189.7251	1.62056	1.385672
16890	-1914.094	-2103.899	189.8048	1.907807	1.075471
16896	-1924.922	-2114.908	189.9864	1.906925	0.8910835
16902	-1915.729	-2105.675	189.9465	1.745174	1.094835
16908	-1908.291	-2098.207	189.9163	2.040994	0.8136115
16914	-1901.787	-2091.879	190.0923	1.854103	0.8275651
16920	-1913.765	-2103.639	189.874	2.169959	0.6821462
16926	-1920.496	-2110.481	189.9843	1.977131	0.8081837
16932	-1922.377	-2112.344	189.9663	1.803783	1.020457
16938	-1927.836	-2117.665	189.8285	1.941042	1.021064
16944	-1915.226	-2104.979	189.7531	1.815191	1.204084
16950	-1910.817	-2100.71	189.893	2.010665	0.879138
16956	-1914.741	-2104.629	189.8883	2.150174	0.6921881
16962	-1914.043	-2104.028	189.9848	2.009247	0.763298
16968	-1907.288	-2097.257	189.9688	1.93259	0.8817846
16974	-1912.117	-2101.983	189.8659	1.774955	1.140845
16980	-1913.496	-2103.282	189.7854	1.771881	1.213511
16986	-1914.823	-2104.738	189.9153	1.703998	1.15989
16992	-1919.205	-2109.181	189.9755	1.930851	0.8760725
16998	-1918.249	-2108.175	189.9255	1.930851	0.9319928
17004	-1913.389	-2103.287	189.8977	1.958686	0.9319928
17010	-1914.009	-2103.956	189.9465	1.930206	0.9097603
17016	-1909.093	-2099.043	189.95	1.718231	1.116235
17022	-1911.793	-2101.802	190.0087	1.882189	0.893792
17028	-1908.096	-2097.989	189.893	2.077227	0.7965391
17034	-1909.357	-2099.319	189.9622	2.057779	0.7237381
17040	-1903.434	-2093.259	189.8255	2.26862	0.5429463
17046	-1909.893	-2099.615	189.7222	2.374203	0.4758506
17052	-1921.25	-2111.25	190.0001	2.090475	0.5619186
17058	-1920.763	-2110.404	189.6419	2.441373	0.4199658
17064	-1918.464	-2108.021	189.5571	2.505337	0.378824
17070	-1907.511	-2097.147	189.6361	2.457544	0.4564506
17076	-1911.145	-2100.886	189.7409	2.35622	0.4842132
17082	-1918.527	-2108.25	189.7236	2.370407	0.4583818
17088	-1912.553	-2102.27	189.7171	2.376915	0.4583818
17094	-1919.938	-2109.609	189.6707	2.426432	0.4848031
17100	-1906.394	-2096.025	189.6307	2.448985	0.4111416
17106	-1910.593	-2100.201	189.6075	2.468177	0.4024393
17112	-1909.719	-2099.287	189.5682	2.507447	0.4024393
17118	-1909.566	-2099.261	189.6956	2.380137	0.4024393
17124	-1913.841	-2103.724	189.8827	1.912087	0.9960022
17130	-1910.863	-2100.421	189.5577	2.474636	0.3404161
17136	-1913.09	-2102.788	189.6989	2.394059	0.4529829
17142	-1911.791	-2101.718	189.9268	2.166713	0.5468887
17148	-1910.927	-2100.88	189.9525	2.117423	0.627007
17154	-1912.13	-2101.986	189.8558	1.883585	1.050216
17160	-1917.286	-2107.199	189.9125	1.710874	1.156288
17166	-1921.146	-2110.801	189.6549	1.80784	1.292233
17172	-1919.664	-2109.25	189.586	1.59627	1.510495
17178	-1908.401	-2098.036	189.6348	1.620601	1.455302
17184	-1904.619	-2094.319	189.6997	1.6749	1.362936
17190	-1917.087	-2106.789	189.7017	2.383278	0.424685
17196	-1912.214	-2101.953	189.7392	2.352574	0.4479346
17202	-1908.96	-2098.803	189.8436	2.253975	0.5049603
17208	-1912.621	-2102.495	189.8737	2.223644	0.4870545
17214	-1904.555	-2094.361	189.8061	2.291223	0.4882991
17220	-1901.731	-2091.55	189.8188	2.278392	0.5147331
17226	-1902.155	-2091.995	189.84	2.257608	0.5011857
17232	-1912.82	-2102.636	189.8153	2.246238	0.6466873
17238	-1907.357	-2097.164	189.8066	2.282687	0.5674011
17244	-1903.095	-2092.958	189.8627	2.227521	0.5632289
17250	-1915.932	-2105.689	189.7575	2.324763	0.5928346
17256	-1916.287	-2106.251	189.9635	2.120404	0.5875579
17262	-1908.646	-2098.523	189.8765	2.217508	0.5438717
17268	-1904.748	-2094.539	189.7913	2.301387	0.4518066
17274	-1917.119	-2106.658	189.5386	2.497816	0.3448513
17280	-1914.04	-2103.796	189.7559	2.340373	0.4747071
17286	-1913.669	-2103.414	189.7447	2.340373	0.424807
17292	-1904.012	-2093.761	189.7485	2.336577	0.424807
17298	-1909.007	-2098.661	189.6537	2.439318	0.4537059
17304	-1910.701	-2100.15	189.4491	1.66137	1.563665
17310	-1909.066	-2098.933	189.8671	2.217823	0.5840331
17316	-1909.746	-2099.445	189.6998	2.397571	0.4878346
17322	-1897.571	-2087.536	189.9653	2.12541	0.561334
17328	-1896.126	-2086.088	189.9628	2.05725	0.7236343
17334	-1894.589	-2084.504	189.9148	2.151049	0.6368185
17340	-1896.817	-2086.736	189.9193	2.168265	0.5741896
17346	-1901.803	-2091.719	189.9164	2.120115	0.6956906
17352	-1902.684	-2092.639	189.9551	2.104788	0.6501724
17358	-1911.482	-2101.367	189.8843	2.131997	0.7296166
17364	-1909.042	-2099.022	189.9804	2.019763	0.7544226
17370	-1906.447	-2096.206	189.7589	2.334205	0.5492205
17376	-1916.969	-2106.663	189.6933	2.404288	0.497013
17382	-1915.373	-2105.185	189.812	2.278671	0.5614536
17388	-1910.415	-2100.205	189.7899	2.300084	0.5645849
17394	-1916.912	-2106.724	189.8115	2.278285	0.5652625
17400	-1911.07	-2100.912	189.842	2.241076	0.5903072
17406	-1928.77	-2118.612	189.8424	2.254531	0.4817989
17412	-1908.886	-2098.867	189.9809	1.884062	0.9226248
17418	-1906.648	-2096.51	189.862	1.825194	1.099026
17424	-1907.955	-2097.879	189.9247	1.834715	1.030886
17430	-1916.072	-2105.751	189.6794	2.405883	0.4254282
17436	-1908.434	-2098.112	189.6781	2.400968	0.4097066
17442	-1914.012	-2103.21	189.198	1.47993	1.869198
17448	-1917.321	-2106.198	188.8768	1.346056	2.171737
17454	-1921.133	-2110.914	189.7815	2.316119	0.4995344
17460	-1911.458	-2100.532	189.0742	1.417158	1.995047
17466	-1916.165	-2105.536	189.371	1.453498	1.768108
17472	-1915.11	-2104.661	189.5516	1.628895	1.511776
17478	-1916.179	-2105.236	189.0571	1.565837	1.906549
17484	-1913.341	-2103.338	189.9975	2.024283	0.7208269
17490	-1915.882	-2105.373	189.4917	1.691081	1.510107
17496	-1908.408	-2098.176	189.768	1.713927	1.276454
17502	-1904.186	-2093.941	189.7548	1.787888	1.225837
17508	-1922.415	-2112.352	189.9372	2.039322	0.7880631
17514	-1911.757	-2101.84	190.083	1.819576	0.8804671
17520	-1908.822	-2098.966	190.1441	1.88208	0.7135375
17526	-1899.198	-2089.185	189.9871	2.015417	0.7508999
17532	-1910.702	-2100.692	189.9908	1.854653	0.9436891
17538	-1907.453	-2097.475	190.022	1.942561	0.8040984
17544	-1911.201	-2101.093	189.8915	2.026011	0.8628838
17550	-1904.115	-2094.135	190.0199	1.959867	0.7835374
17556	-1908.486	-2098.229	189.7431	2.345315	0.4352982
17562	-1908.793	-2098.603	189.8094	2.287399	0.5213384
17568	-1914.335	-2104.201	189.8657	2.225733	0.5576446
17574	-1917.831	-2107.7	189.8685	2.219413	0.5729773
17580	-1920.054	-2109.884	189.8301	2.262409	0.5521634
17586	-1914.878	-2104.789	189.911	2.175869	0.5770796
17592	-1916.44	-2106.408	189.9687	2.112033	0.5975119
17598	-1906.836	-2096.729	189.8933	2.10627	0.7552678
17604	-1899.177	-2089.095	189.9181	2.100185	0.7264801
17610	-1897.174	-2087.009	189.8354	2.259324	0.5393399
17616	-1902.309	-2092.175	189.8659	2.208096	0.6166132
17622	-1916.52	-2106.446	189.926	2.138429	0.640063
17628	-1909.498	-2099.458	189.9594	1.974024	0.8436889
17634	-1910.855	-2100.627	189.7726	2.318154	0.5609142
17640	-1916.438	-2106.338	189.8997	2.189885	0.5659872
17646	-1913.794	-2103.682	189.8881	2.183304	0.6235456
17652	-1916.001	-2106.041	190.0407	1.940366	0.7816954
17658	-1910.07	-2100.026	189.9558	1.844519	0.9903783
17664	-1910.314	-2100.22	189.9054	1.679627	1.189708
17670	-1917.124	-2106.978	189.8539	1.731178	1.189708
17676	-1911.441	-2101.308	189.8677	1.617137	1.274093
17682	-1918.036	-2107.613	189.5766	1.607417	1.509131
17688	-1913.841	-2103.183	189.342	1.477281	1.771745
17694	-1912.869	-2102.343	189.4741	1.460142	1.690933
17700	-1905.033	-2094.479	189.4456	1.452928	1.716161
17706	-1911.633	-2100.802	189.1687	1.511729	1.8675
17712	-1913.83	-2103.094	189.2636	1.565857	1.764651
17718	-1917.192	-2106.665	189.4728	1.451061	1.698287
17724	-1917.054	-2106.341	189.2874	1.430769	1.841661
17730	-1911.151	-2100.344	189.1933	1.544978	1.827811
17736	-1924.611	-2114.206	189.5947	1.516789	1.56294
17742	-1919.502	-2109.115	189.6124	1.643184	1.455193
17748	-1918.622	-2108.456	189.8344	1.660385	1.265915
17754	-1919.591	-2109.531	189.9398	2.135223	0.6138706
17760	-1909.056	-2098.934	189.878	2.163641	0.6863993
17766	-1913.589	-2103.468	189.8789	2.202857	0.5944764
17772	-1918.187	-2107.933	189.7464	2.336794	0.5899156
17778	-1922.694	-2112.522	189.8284	2.198627	0.7121462
17784	-1924.873	-2114.668	189.7945	1.764113	1.212372
17790	-1919.858	-2109.688	189.8302	1.848241	1.106959
17796	-1920.24	-2110.185	189.9458	1.866316	0.9783939
17802	-1915.249	-2104.681	189.4328	1.559863	1.64921
17808	-1915.972	-2105.586	189.6139	1.628577	1.465111
17814	-1914.075	-2103.795	189.72	1.55845	1.437657
17820	-1909.038	-2098.272	189.2335	1.386436	1.908627
17826	-1910.395	-2099.614	189.2198	1.400158	1.908627
17832	-1913.908	-2103.084	189.176	1.70848	1.726085
17838	-1916.133	-2105.604	189.4707	1.521231	1.649718
17844	-1923.833	-2113.452	189.6192	1.57033	1.50501
17850	-1923.78	-2113.492	189.7124	1.610289	1.403545
17856	-1905.907	-2095.588	189.6816	1.610289	1.427389
17862	-1924.827	-2114.571	189.7444	1.758291	1.259374
17868	-1921.31	-2111.047	189.7362	1.81423	1.219328
17874	-1912.505	-2102.258	189.7523	1.682101	1.315192
17880	-1919.022	-2109.004	189.9813	1.909405	0.8940169
17886	-1904.013	-2093.93	189.9175	1.802982	1.068096
17892	-1907.741	-2097.584	189.8432	1.893254	1.053001
17898	-1902.029	-2092.082	190.0523	1.942821	0.761843
17904	-1908.72	-2098.709	189.989	1.776831	1.024679
17910	-1913.176	-2103.163	189.9866	1.887049	0.9131418
17916	-1908.842	-2098.875	190.0334	1.879258	0.8687029
17922	-1919.022	-2108.978	189.9556	1.856705	0.9781983
17928	-1913.518	-2103.438	189.9201	1.999566	0.8603989
17934	-1913.814	-2103.764	189.9494	1.987288	0.839683
17940	-1914.95	-2104.826	189.8756	2.075615	0.8214128
17946	-1917.691	-2107.582	189.8914	2.061404	0.8194383
17952	-1905.143	-2095.114	189.9712	2.098421	0.6279623
17958	-1915.997	-2105.851	189.8535	2.240336	0.4577047
17964	-1906.619	-2096.44	189.8209	1.856485	1.107945
17970	-1920.106	-2110.075	189.9688	1.899168	0.9193864
17976	-1918.924	-2108.726	189.8021	1.800893	1.174189
17982	-1922.067	-2111.811	189.7443	1.887012	1.149321
17988	-1921.72	-2111.712	189.9916	1.833564	0.9650314
17994	-1918.902	-2108.833	189.9317	2.070458	0.7514708
18000	-1923.264	-2113.277	190.0121	1.928093	0.8353453
18006	-1926.368	-2116.333	189.9656	1.854979	0.9697064
18012	-1917.266	-2107.185	189.9195	2.029994	0.8236547
18018	-1907.105	-2096.94	189.8345	1.753474	1.187215
18024	-1917.25	-2106.957	189.707	1.803587	1.252821
18030	-1923.947	-2113.831	189.8839	1.584945	1.287167
18036	-1922.076	-2111.467	189.3914	1.408692	1.785086
18042	-1923.004	-2112.617	189.6123	1.66296	1.440127
18048	-1906.707	-2096.185	189.4779	1.645192	1.554377
18054	-1906.215	-2095.864	189.6495	1.582066	1.473395
18060	-1906.725	-2096.359	189.6335	1.747856	1.357565
18066	-1919.511	-2109.162	189.6507	1.730654	1.357565
18072	-1918.511	-2108.356	189.8449	1.671137	1.248254
18078	-1910.495	-2100.325	189.8294	1.645098	1.282571
18084	-1908.226	-2097.865	189.6387	1.8276	1.289325
18090	-1909.247	-2098.727	189.4801	1.742208	1.480374
18096	-1919.699	-2109.261	189.5625	1.659789	1.480374
18102	-1903.627	-2092.786	189.1585	1.606236	1.809547
18108	-1912.167	-2101.459	189.2923	1.676396	1.6664
18114	-1914.563	-2104.309	189.7459	1.546191	1.427242
18120	-1918.933	-2107.856	188.9231	1.530868	2.019967
18126	-1922.302	-2111.942	189.6402	1.540186	1.511902
18132	-1935.848	-2124.15	188.3015	1.298454	2.566708
18138	-1921.978	-2110.849	188.8706	1.391439	2.1462
18144	-1932.314	-2121.058	188.7438	1.179523	2.363877
18150	-1918.433	-2108.296	189.8623	2.122884	0.7760156
18156	-1929.986	-2119.725	189.7397	2.033385	1.017566
18162	-1906.09	-2095.863	189.7733	1.991239	1.02593
18168	-1906.834	-2096.693	189.8591	2.172048	0.7051959
18174	-1908.814	-2098.779	189.9655	1.934659	0.8832422
18180	-1914.721	-2104.606	189.8844	1.715115	1.177214
18186	-1909.29	-2099.095	189.8049	1.839205	1.137971
18192	-1936.993	-2126.089	189.0961	1.489631	1.931726
18198	-1925.041	-2113.952	188.911	1.384739	2.124224
18204	-1923.968	-2113.152	189.1847	1.389502	1.939526
18210	-1913.28	-2102.962	189.6813	1.549499	1.473975
18216	-1912.975	-2102.278	189.3028	1.343285	1.890874
18222	-1909.581	-2098.865	189.2846	1.488497	1.803821
18228	-1918.513	-2107.879	189.3664	1.676971	1.612656
18234	-1921.064	-2110.373	189.309	1.621158	1.693808
18240	-1910.248	-2099.964	189.716	1.74485	1.29376
18246	-1908.673	-2098.336	189.6632	1.73604	1.343384
18252	-1919.953	-2109.345	189.3915	1.668069	1.600907
18258	-1913.552	-2102.833	189.2811	1.583652	1.739955
18264	-1910.037	-2099.957	189.9207	1.817466	1.051315
18270	-1913.285	-2103.256	189.9704	1.654991	1.154537
18276	-1925.007	-2115.035	190.0281	1.857906	0.8993632
18282	-1919.306	-2109.123	189.8165	2.118273	0.8420606
18288	-1912.827	-2102.817	189.9903	2.072622	0.6435877
18294	-1918.427	-2108.353	189.9258	2.137137	0.6435877
18300	-1915.699	-2105.64	189.9411	1.895538	0.9529666
18306	-1911.296	-2101.351	190.0559	1.910718	0.8013425
18312	-1916.439	-2106.456	190.0166	2.013659	0.706679
18318	-1910.191	-2100.184	189.9924	2.062614	0.6604885
18324	-1911.404	-2100.987	189.5827	1.612278	1.500919
18330	-1905.131	-2095.019	189.8873	1.822017	1.078501
18336	-1911.922	-2101.743	189.8216	1.826534	1.134365
18342	-1912.798	-2102.73	189.9318	1.830308	1.028289
18348	-1914.128	-2103.785	189.6571	1.915921	1.200052
18354	-1913.495	-2103.293	189.7984	2.03951	0.9516308
18360	-1912.157	-2102.021	189.8645	2.183877	0.6737846
18366	-1915.541	-2105.52	189.9784	1.939116	0.8628779
18372	-1937.357	-2127.17	189.8129	2.284716	0.4941886
18378	-1930.523	-2120.204	189.6811	2.413159	0.5424084
18384	-1924.04	-2113.848	189.8081	1.97665	1.006052
18390	-1911.21	-2101.232	190.0215	1.97665	0.7573072
18396	-1915.205	-2105.13	189.9244	2.144488	0.6297062
18402	-1915.032	-2104.884	189.8522	2.070595	0.8565695
18408	-1908.257	-2098.192	189.935	1.987807	0.8565695
18414	-1910.186	-2100.016	189.8299	1.995303	0.9649887
18420	-1907.766	-2097.65	189.8838	2.050914	0.8421533
18426	-1906.308	-2096.228	189.9193	1.9933	0.8687123
18432	-1907.532	-2097.369	189.8366	2.253869	0.5623556
18438	-1927.427	-2117.314	189.8864	2.158587	0.6803322
18444	-1909.347	-2099.145	189.7984	1.896585	1.091802
18450	-1912.344	-2102.198	189.8545	1.826121	1.105041
18456	-1913.444	-2103.347	189.9025	1.77805	1.105041
18462	-1917.387	-2107.181	189.7935	1.96954	1.027407
18468	-1919.655	-2109.465	189.8103	2.047307	0.9306898
18474	-1922.842	-2112.511	189.6685	1.823153	1.268493
18480	-1921.876	-2111.558	189.6822	1.976241	1.125108
18486	-1913.12	-2103.07	189.9503	1.991758	0.8330486
18492	-1911.995	-2101.886	189.8916	1.904369	0.9947837
18498	-1917.149	-2106.929	189.7806	1.918092	1.088443
18504	-1920.392	-2110.434	190.0421	1.860728	0.880111
18510	-1923.805	-2113.736	189.9306	1.935339	0.9216258
18516	-1924.217	-2114.153	189.9361	2.070574	0.7446589
18522	-1927.526	-2117.478	189.9522	1.98841	0.8348392
18528	-1915.387	-2105.333	189.9467	2.053869	0.7538055
18534	-1912.948	-2102.871	189.923	1.972233	0.888901
18540	-1907.419	-2097.274	189.8552	1.851646	1.080864
18546	-1901.504	-2091.294	189.7896	1.917206	1.080864
18552	-1916.486	-2106.229	189.743	2.167738	0.8709638
18558	-1909.657	-2099.472	189.8146	1.917612	1.056982
18564	-1918.252	-2108.167	189.9158	1.854485	1.020291
18570	-1903.18	-2093.068	189.8882	1.835995	1.064593
18576	-1912.392	-2102.211	189.8194	1.842087	1.122392
18582	-1919.257	-2109.312	190.0552	1.91583	0.7954126
18588	-1914.325	-2104.26	189.9355	2.076062	0.7370378
18594	-1922.367	-2112.193	189.8255	2.137372	0.8063616
18600	-1907.831	-2097.351	189.5199	1.728098	1.460946
18606	-1914.19	-2103.931	189.7415	1.578513	1.405603
18612	-1913.32	-2103.127	189.8068	2.247867	0.6612001
18618	-1919.195	-2109.13	189.9346	2.105698	0.6888704
18624	-1921.219	-2110.783	189.5639	1.741467	1.416935
18630	-1911.274	-2101.128	189.8536	1.874368	1.060993
18636	-1906.57	-2096.458	189.888	1.839955	1.060993
18642	-1899.041	-2088.93	189.8896	1.81184	1.085838
18648	-1904.974	-2094.687	189.7125	1.739498	1.30094
18654	-1921.578	-2111.321	189.7435	1.869221	1.165674
18660	-1916.834	-2106.719	189.8851	1.739243	1.155463
18666	-1918.644	-2108.47	189.8254	1.763191	1.186658
18672	-1924.168	-2114.107	189.9388	1.7339	1.112251
18678	-1916.116	-2105.909	189.793	1.664749	1.29625
18684	-1913.177	-2103.131	189.9538	1.786644	1.049157
18690	-1907.777	-2097.77	189.9933	1.90564	0.8846698
18696	-1915.078	-2105.034	189.9563	1.942625	0.8846698
18702	-1920.388	-2110.321	189.9327	2.042944	0.7891717
18708	-1914.471	-2104.352	189.8811	2.159097	0.6892054
18714	-1933.041	-2122.934	189.8938	2.074033	0.7996981
18720	-1929.574	-2119.137	189.5633	1.658675	1.480652
18726	-1928.311	-2117.483	189.1726	1.559657	1.831921
18732	-1928.542	-2118.34	189.7984	2.272005	0.6260052
18738	-1911.05	-2100.745	189.6951	2.402357	0.4896979
18744	-1912.449	-2102.035	189.5856	2.496438	0.4168579
18750	-1899.51	-2089.402	189.8926	2.180555	0.6190208
18756	-1899.529	-2089.434	189.9045	2.090553	0.7618816
18762	-1917.475	-2107.324	189.8481	2.141961	0.7690418
18768	-1907.591	-2097.542	189.9512	1.988983	0.8352987
18774	-1906.315	-2096.148	189.8333	2.103887	0.8390292
18780	-1921.245	-2111.093	189.848	2.167018	0.7317315
18786	-1920.623	-2110.443	189.8204	2.13588	0.8149175
18792	-1913.387	-2103.071	189.6842	2.145804	0.9599955
18798	-1920.334	-2110.168	189.8337	2.030602	0.923337
18804	-1928.43	-2118.245	189.8156	2.161104	0.7878093
18810	-1914.766	-2104.672	189.9059	2.121153	0.712032
18816	-1914.393	-2104.326	189.9332	2.093878	0.712032
18822	-1913.616	-2103.594	189.9782	2.052283	0.7062504
18828	-1913.282	-2103.191	189.9095	2.082647	0.7660736
18834	-1926.71	-2116.469	189.7592	1.935871	1.091715
18840	-1948.583	-2137.912	189.3291	1.609373	1.687914
18846	-1938.527	-2128.237	189.7107	1.590887	1.419907
18852	-1923.662	-2113.185	189.5232	1.720723	1.464061
18858	-1919.14	-2108.767	189.6266	1.617243	1.464061
18864	-1919.394	-2109.109	189.7156	1.82039	1.231487
18870	-1927.291	-2115.951	188.6605	1.400411	2.276187
18876	-1921.342	-2110.691	189.3486	1.433071	1.797886
18882	-1923.07	-2112.554	189.4844	1.764379	1.46031
18888	-1921.828	-2111.517	189.6883	1.859436	1.22157
18894	-1912.253	-2102.069	189.8154	1.583327	1.343757
18900	-1915.868	-2105.802	189.9346	2.054305	0.7707174
18906	-1906.812	-2096.74	189.928	2.060201	0.7717577
18912	-1904.831	-2094.69	189.8592	2.11562	0.7903822
18918	-1901.004	-2090.894	189.8905	1.901729	0.9985945
18924	-1912.145	-2102.055	189.9106	1.976217	0.8984293
18930	-1913.841	-2103.628	189.787	2.099862	0.8984293
18936	-1907.56	-2097.428	189.8675	1.991543	0.9291123
18942	-1910.611	-2100.594	189.9831	2.006054	0.7703614
18948	-1909.921	-2099.774	189.8523	2.166442	0.7257919
18954	-1905.916	-2095.923	190.0064	1.994127	0.7538625
18960	-1923.387	-2113.159	189.7715	2.318904	0.4423908
18966	-1914.545	-2104.112	189.5672	2.506616	0.3985588
18972	-1931.96	-2120.772	188.8119	1.537023	2.089366
18978	-1924.192	-2111.537	187.345	1.251054	3.175022
18984	-1937.697	-2126.345	188.6475	1.205939	2.408063
18990	-1907.733	-2097.608	189.8757	2.197834	0.6180072
18996	-1913.348	-2103.193	189.8445	2.220298	0.6392697
19002	-1917.235	-2105.338	188.1032	1.256464	2.714929
19008	-1921.225	-2110.661	189.4361	1.604277	1.614804
19014	-1919.4	-2109.33	189.9294	2.115441	0.6804438
19020	-1915.055	-2104.909	189.854	2.202868	0.6567083
19026	-1909.715	-2099.536	189.8204	2.265403	0.5808839
19032	-1920.05	-2109.905	189.8557	2.02651	0.9036517
19038	-1920.26	-2109.961	189.7003	2.397299	0.494411
19044	-1912.956	-2102.722	189.7656	2.320049	0.5813749
19050	-1917.615	-2107.497	189.8819	1.931176	0.9774719
19056	-1909.95	-2099.898	189.9482	2.00935	0.8133299
19062	-1917.167	-2107.075	189.9078	2.171704	0.6013023
19068	-1924.746	-2114.675	189.9287	2.155774	0.5856161
19074	-1914.966	-2105.029	190.0626	1.906861	0.7975551
19080	-1917.697	-2107.625	189.9286	1.860873	1.001286
19086	-1912.676	-2102.659	189.9828	2.065207	0.6744582
19092	-1913.912	-2103.733	189.8209	2.064759	0.8996964
19098	-1918.6	-2108.524	189.9238	2.173622	0.5107035
19104	-1918.546	-2108.436	189.8906	2.173622	0.6406064
19110	-1932.098	-2121.797	189.6993	1.752682	1.300913
19116	-1916.448	-2106.332	189.8842	1.694928	1.194862
19122	-1918.521	-2108.051	189.5296	1.71925	1.460251
19128	-1922.006	-2112.078	190.072	1.765377	0.9522718
19134	-1912.61	-2102.585	189.9749	1.999043	0.7915358
19140	-1923.387	-2113.309	189.9219	1.85862	1.01019
19146	-1915.805	-2105.741	189.9356	1.821163	1.033505
19152	-1930.219	-2120.081	189.8625	1.845188	1.080087
19158	-1916.263	-2106.073	189.81	1.952123	1.028241
19164	-1924.244	-2114.113	189.8693	1.854837	1.064675
19170	-1906.763	-2096.723	189.9598	1.787657	1.042413
19176	-1904.897	-2094.781	189.8844	1.863105	1.042413
19182	-1915.119	-2105.069	189.9496	1.797869	1.042413
19188	-1944.636	-2134.415	189.7793	1.606983	1.353688
19194	-1930.827	-2119.649	188.8219	1.435996	2.14893
19200	-1925.945	-2114.836	188.891	1.366893	2.14893
19206	-1940.135	-2128.619	188.4842	1.222	2.500572
19212	-1930.914	-2120.156	189.2428	1.28724	1.969176
19218	-1919.441	-2108.371	188.9299	1.608778	1.963363
19224	-1915.704	-2105.058	189.3542	1.541601	1.718125
19230	-1916.386	-2106.022	189.636	1.529518	1.522945
19236	-1922.459	-2112.136	189.677	1.550013	1.47683
19242	-1915.283	-2105.056	189.7733	2.316715	0.4406586
19248	-1902.257	-2091.945	189.6882	2.402423	0.4429416
19254	-1907.319	-2097.105	189.786	2.305163	0.5591806
19260	-1912.274	-2102.061	189.7868	2.305163	0.5551857
19266	-1905.413	-2095.22	189.8069	2.279486	0.5788576
19272	-1911.739	-2101.326	189.5879	2.4916	0.4106714
19278	-1912.546	-2102.387	189.8411	2.245022	0.579686
19284	-1908.008	-2097.896	189.8882	2.173706	0.6457743
19290	-1899.297	-2089.243	189.9467	2.066038	0.7353137
19296	-1903.939	-2093.888	189.949	1.993634	0.8323055
19302	-1906.435	-2096.441	190.006	1.931714	0.8383832
19308	-1916.886	-2106.775	189.8892	2.098574	0.7723024
19314	-1922.14	-2112.027	189.8869	2.117035	0.7487241
19320	-1917.605	-2107.48	189.8749	1.991598	0.9209797
19326	-1917.699	-2107.746	190.0477	1.890281	0.8380981
19332	-1914.849	-2104.791	189.9416	1.988328	0.8479308
19338	-1920.47	-2110.434	189.9631	2.078743	0.6861669
19344	-1908.149	-2098.034	189.8842	1.885384	1.020982
19350	-1900.838	-2090.855	190.017	1.832646	0.9392047
19356	-1907.182	-2097.113	189.9305	1.917657	0.940831
19362	-1893.539	-2083.447	189.9076	1.804359	1.076062
19368	-1890.571	-2080.338	189.7666	1.721154	1.271708
19374	-1896.395	-2086.179	189.7832	1.682489	1.289782
19380	-1906.979	-2096.745	189.7654	1.894866	1.12351
19386	-1907.564	-2097.496	189.9318	1.716416	1.134272
19392	-1899.163	-2088.97	189.8068	1.638034	1.306774
19398	-1906.944	-2096.748	189.8044	1.763991	1.204059
19404	-1907.032	-2097.057	190.0251	1.802513	0.962464
19410	-1900.403	-2090.376	189.9725	1.949279	0.8578428
19416	-1911.33	-2101.212	189.8821	1.835833	1.07049
19422	-1923.806	-2113.589	189.7832	1.983968	1.023321
19428	-1910.213	-2099.872	189.6592	1.787322	1.305371
19434	-1911.17	-2100.977	189.807	1.73545	1.226086
19440	-1909.806	-2099.654	189.8485	1.783396	1.148846
19446	-1909.415	-2099.303	189.8874	1.651092	1.229383
19452	-1905.972	-2095.966	189.9931	1.884182	0.9091407
19458	-1908.349	-2098.329	189.98	1.979223	0.8111307
19464	-1925.957	-2115.343	189.3865	1.481257	1.737854
19470	-1907.862	-2097.657	189.7952	1.631069	1.321761
19476	-1911.2	-2100.828	189.628	1.728144	1.37743
19482	-1896.302	-2086.214	189.9121	2.173079	0.5829918
19488	-1899.452	-2089.389	189.9372	2.142214	0.6017545
19494	-1901.53	-2091.505	189.9757	2.062916	0.6919257
19500	-1912.167	-2101.842	189.6749	1.851002	1.240027
19506	-1898.858	-2088.758	189.9008	1.86964	1.020132
19512	-1911.646	-2101.633	189.9876	1.945773	0.8437591
19518	-1922.333	-2112.374	190.0411	1.772202	0.9772506
19524	-1908	-2097.898	189.8973	2.066471	0.805179
19530	-1899.319	-2089.251	189.9314	2.07935	0.7382841
19536	-1897.502	-2087.39	189.8878	2.128113	0.7301751
19542	-1896.854	-2086.698	189.8437	1.638514	1.276286
19548	-1905.262	-2094.613	189.3506	1.522115	1.734361
19554	-1910.2	-2099.771	189.5711	1.670549	1.465744
19560	-1913.282	-2102.656	189.3741	1.520154	1.719179
19566	-1917.604	-2107.282	189.6775	1.730612	1.336276
19572	-1927.179	-2116.998	189.8182	1.912779	1.058201
19578	-1916.3	-2106.036	189.7359	1.872543	1.169408
19584	-1925.293	-2115.238	189.9456	1.657901	1.173773
19590	-1919.184	-2109.025	189.8416	1.872574	1.073996
19596	-1908.992	-2098.963	189.9714	1.904521	0.9106031
19602	-1903.239	-2093.136	189.8972	1.960852	0.9301201
19608	-1903.495	-2093.342	189.8467	1.840378	1.099137
19614	-1905.835	-2095.701	189.8656	1.605201	1.285631
19620	-1907.494	-2096.656	189.1624	1.49863	1.880695
19626	-1909.678	-2099.474	189.7967	1.626864	1.323863
19632	-1903.324	-2093.218	189.8936	1.709759	1.17383
19638	-1907.872	-2097.11	189.2376	1.626482	1.740409
19644	-1904.709	-2093.971	189.2618	1.602311	1.740409
19650	-1918.777	-2108.648	189.8716	1.907433	1.011662
19656	-1912.777	-2102.672	189.895	1.957188	0.9364881
19662	-1919.896	-2109.165	189.2685	1.606003	1.733105
19668	-1923.718	-2112.744	189.0264	1.557456	1.933018
19674	-1922.319	-2111.217	188.8987	1.553683	2.020978
19680	-1915.778	-2105.206	189.427	1.632649	1.600801
19686	-1925.027	-2114.618	189.5906	1.709021	1.421382
19692	-1904.368	-2094.358	189.9899	1.92723	0.8634002
19698	-1909.366	-2099.303	189.9365	2.112706	0.6721484
19704	-1921.318	-2111.302	189.9845	1.970607	0.8164923
19710	-1911.393	-2101.295	189.9023	1.932185	0.9552661
19716	-1926.498	-2116.41	189.9126	2.010979	0.8556845
19722	-1917.754	-2107.678	189.9242	1.904467	0.9613298
19728	-1912.122	-2101.983	189.8612	1.884309	1.0443
19734	-1907.971	-2097.864	189.893	1.810263	1.08419
19740	-1904.817	-2094.516	189.6984	1.721897	1.326506
19746	-1909.439	-2099.321	189.8816	1.7774	1.124586
19752	-1919.046	-2108.422	189.3755	1.799389	1.515972
19758	-1917.615	-2106.987	189.3724	1.802463	1.515972
19764	-1909.041	-2098.729	189.6884	1.746398	1.314851
19770	-1917.443	-2107.018	189.5752	1.644347	1.482511
19776	-1922.133	-2111.834	189.7012	1.724857	1.321864
19782	-1915.485	-2105.394	189.9087	1.827556	1.053145
19788	-1922.862	-2112.625	189.7628	1.984993	1.042103
19794	-1913.78	-2103.59	189.8102	1.950216	1.029957
19800	-1914.13	-2103.945	189.815	1.907239	1.066412
19806	-1920.77	-2110.648	189.8787	1.755635	1.146668
19812	-1923.21	-2112.869	189.6591	1.678752	1.391753
19818	-1920.075	-2109.863	189.7882	1.646131	1.315233
19824	-1921.626	-2111.071	189.4455	1.743359	1.505549
19830	-1938.823	-2128.301	189.478	1.690463	1.520733
19836	-1926.883	-2116.81	189.9269	1.698669	1.154364
19842	-1929.439	-2119.074	189.6352	1.802157	1.312761
19848	-1938.881	-2128.75	189.8684	1.797679	1.11823
19854	-1920.578	-2110.417	189.8388	1.876841	1.072623
19860	-1913.63	-2103.63	190.0004	1.997065	0.7583838
19866	-1913.753	-2103.576	189.8236	1.868143	1.094845
19872	-1916.949	-2106.856	189.9074	1.948547	0.9324255
19878	-1917.465	-2107.417	189.9523	1.872987	0.9649102
19884	-1907.103	-2097.048	189.9453	1.879899	0.9649102
19890	-1923.342	-2113.451	190.1088	1.905082	0.7334162
19896	-1916.499	-2106.305	189.8058	2.253122	0.6522884
19902	-1904.64	-2094.065	189.4256	1.574893	1.643605
19908	-1907.384	-2097.001	189.6172	1.585213	1.495351
19914	-1909.767	-2099.485	189.7186	1.760367	1.278885
19920	-1909.664	-2099.32	189.6556	1.798239	1.29942
19926	-1908.026	-2097.999	189.9728	1.735219	1.079715
19932	-1918.382	-2108.225	189.8425	2.180615	0.7186909
19938	-1937.038	-2127.01	189.9717	1.980848	0.8196651
19944	-1919.709	-2109.404	189.6956	1.855189	1.218992
19950	-1909.043	-2099.005	189.9622	1.940209	0.8806072
19956	-1903.885	-2093.747	189.8617	2.040746	0.8806072
19962	-1908.869	-2098.624	189.7554	2.192867	0.8252374
19968	-1916.246	-2106.013	189.7672	2.330083	0.5127683
19974	-1915.41	-2105.201	189.7908	2.29654	0.5753305
19980	-1932.44	-2122.317	189.8771	2.116536	0.7638971
19986	-1922.651	-2112.63	189.9786	2.016926	0.7611279
19992	-1904.018	-2093.678	189.66	2.388119	0.3586693
19998	-1910.18	-2099.841	189.6612	2.388119	0.3602061
20004	-1916.568	-2106.499	189.9313	2.146564	0.6061608
20010	-1913.246	-2103.129	189.8829	2.186428	0.6285713
20016	-1909.838	-2099.736	189.8983	2.163261	0.6466993
20022	-1923.139	-2112.539	189.3995	1.360317	1.812985
20028	-1923.472	-2112.821	189.3487	1.394726	1.824285
20034	-1908.711	-2098.39	189.6784	1.611481	1.428878
20040	-1911.675	-2101.4	189.7252	1.845238	1.202267
20046	-1915.769	-2105.481	189.7125	1.755142	1.28823
20052	-1908.049	-2096.692	188.6432	1.50083	2.222725
20058	-1911.549	-2100.75	189.2007	1.583973	1.795766
20064	-1909.146	-2098.682	189.5361	1.562724	1.572242
20070	-1926.041	-2115.826	189.7848	2.308204	0.5494189
20076	-1924.703	-2114.621	189.9188	2.148403	0.6337907
20082	-1916.685	-2106.369	189.6839	1.864875	1.220703
20088	-1922.559	-2112.452	189.8929	1.935511	0.9615775
20094	-1914.804	-2104.677	189.873	1.955169	0.9618531
20100	-1916.151	-2106.024	189.873	2.013704	0.8985442
20106	-1910.263	-2099.95	189.6877	1.985594	1.111683
20112	-1903.045	-2093.062	190.0168	1.818986	0.9539174
20118	-1916.606	-2106.426	189.82	1.646129	1.289452
20124	-1913.863	-2102.97	189.1071	1.534366	1.894027
20130	-1912.01	-2101.143	189.1333	1.50809	1.894027
20136	-1924.765	-2114.601	189.836	1.657819	1.26671
20142	-1909.836	-2099.696	189.86	1.827425	1.098776
20148	-1909.387	-2099.292	189.906	2.052185	0.81248
20154	-1917.556	-2107.558	190.0019	1.928177	0.8477881
20160	-1913.641	-2103.394	189.7529	2.344683	0.5022291
20166	-1909.046	-2098.887	189.8411	2.255914	0.5184657
20172	-1924.748	-2114.47	189.7222	2.375403	0.495536
20178	-1919.576	-2109.279	189.7026	2.377568	0.4123509
20184	-1922.762	-2112.559	189.7973	2.300201	0.4920091
20190	-1931.707	-2121.525	189.8183	1.832243	1.132202
20196	-1932.509	-2122.383	189.8739	1.794848	1.115812
20202	-1932.19	-2121.929	189.7393	1.929429	1.115812
20208	-1914.711	-2104.62	189.9093	2.009427	0.8614142
20214	-1918.074	-2107.834	189.7607	2.011806	1.018086
20220	-1912.203	-2102.043	189.8404	2.099992	0.8351057
20226	-1927.941	-2117.802	189.8608	2.042366	0.8797631
20232	-1919.481	-2109.388	189.907	1.954033	0.9269455
20238	-1924.825	-2114.63	189.8046	2.035803	0.9489867
20244	-1912.283	-2102.104	189.8208	1.828451	1.133338
20250	-1902.93	-2092.821	189.8906	1.858621	1.040757
20256	-1907.088	-2097.065	189.9765	1.969383	0.8282276
20262	-1914.673	-2104.765	190.0917	1.957675	0.6718233
20268	-1909.117	-2098.916	189.7992	2.0948	0.8902772
20274	-1909.77	-2099.798	190.0273	1.82271	0.9388324
20280	-1924.787	-2113.481	188.6936	1.599796	2.125755
20286	-1908.504	-2097.812	189.3087	1.587913	1.717528
20292	-1915.52	-2105.515	189.9954	2.050258	0.6790088
20298	-1918.078	-2108.005	189.9275	2.140439	0.6320305
20304	-1917.268	-2106.512	189.2439	1.618126	1.741887
20310	-1910.545	-2099.707	189.1626	1.51535	1.869168
20316	-1909.697	-2099.02	189.3233	1.513291	1.759682
20322	-1909.373	-2098.058	188.6847	1.380717	2.273318
20328	-1909.687	-2099.098	189.4106	1.473174	1.726597
20334	-1913.054	-2101.933	188.8794	1.451448	2.101209
20340	-1915.228	-2104.225	188.9977	1.54684	1.959423
20346	-1913.667	-2102.26	188.5927	1.426175	2.303093
20352	-1914.284	-2104.191	189.9067	2.13015	0.6952488
20358	-1923.545	-2113.382	189.837	2.186599	0.7178563
20364	-1906.693	-2096.102	189.4082	1.582487	1.650602
20370	-1911.396	-2101.242	189.8456	2.224212	0.6274356
20376	-1924.243	-2114.04	189.7966	2.224212	0.7224254
20382	-1913.909	-2103.748	189.8389	2.253149	0.5547237
20388	-1910.77	-2100.616	189.8456	2.234603	0.5991241
20394	-1908.969	-2098.966	189.9967	1.974546	0.7951798
20400	-1909.856	-2099.87	190.0136	1.957683	0.7951798
20406	-1914.642	-2104.543	189.9004	2.125124	0.714656
20412	-1929.272	-2118.983	189.7103	2.386953	0.5131374
20418	-1920.86	-2110.39	189.5298	2.50736	0.3456918
20424	-1920.208	-2109.852	189.6433	2.434227	0.406214
20430	-1917.505	-2107.209	189.7037	2.389539	0.4545118
20436	-1923.359	-2113.03	189.671	2.413191	0.4223049
20442	-1913.11	-2102.885	189.7752	2.314241	0.5669706
20448	-1902.546	-2092.399	189.8534	2.233633	0.5764101
20454	-1914.394	-2104.146	189.7521	2.315681	0.6322315
20460	-1916.01	-2105.638	189.6277	1.712998	1.389519
20466	-1910.714	-2100.655	189.9413	1.826172	1.023054
20472	-1908.101	-2097.87	189.7697	2.325523	0.5358249
20478	-1905.25	-2094.996	189.7465	2.347794	0.4602011
20484	-1918.544	-2108.371	189.8274	2.263327	0.5610139
20490	-1917.982	-2107.786	189.8044	2.289552	0.5438849
20496	-1918.232	-2108.054	189.8222	2.271762	0.5438849
20502	-1919.532	-2109.447	189.9148	2.108985	0.7175115
20508	-1911.546	-2101.424	189.8784	2.13749	0.7303583
20514	-1909.546	-2099.496	189.9497	2.007297	0.814016
20520	-1917.199	-2107.167	189.9684	2.056434	0.7158165
20526	-1920.767	-2110.749	189.9823	2.038554	0.7222595
20532	-1913.223	-2103.191	189.968	2.063769	0.7040958
20538	-1908.655	-2098.431	189.7761	2.255677	0.7040958
20544	-1901.754	-2091.647	189.8928	2.159896	0.6653232
20550	-1903.843	-2093.67	189.8268	2.201139	0.7105614
20556	-1918.345	-2108.17	189.8251	2.233302	0.6535395
20562	-1910.155	-2100.066	189.9118	2.150336	0.6453719
20568	-1913.995	-2103.84	189.8452	2.243917	0.5681718
20574	-1927.812	-2117.609	189.7964	1.823208	1.159634
20580	-1917.567	-2107.481	189.9138	2.02861	0.8325881
20586	-1914.507	-2104.598	190.0911	1.890254	0.7814097
20592	-1905.198	-2094.946	189.7482	1.514957	1.449396
20598	-1902.871	-2092.476	189.6043	1.611526	1.485278
20604	-1929.132	-2118.977	189.8449	1.451778	1.423673
20610	-1910.679	-2099.66	188.9811	1.526422	1.984257
20616	-1918.04	-2106.982	188.9421	1.350862	2.126057
20622	-1933.03	-2122.841	189.8112	1.739851	1.218758
20628	-1924.303	-2114.095	189.7924	1.83873	1.149502
20634	-1919.201	-2109.042	189.8417	1.828885	1.114123
20640	-1923.558	-2113.412	189.8536	2.229027	0.5916002
20646	-1929.559	-2119.378	189.8189	2.104678	0.8556763
20652	-1924.248	-2114.126	189.8781	1.825006	1.084275
20658	-1932.674	-2121.871	189.1978	1.489921	1.862489
20664	-1917.147	-2106.906	189.7592	2.333242	0.4507189
20670	-1927.292	-2117.006	189.7141	2.378167	0.4500305
20676	-1924.771	-2114.504	189.7332	2.35904	0.4500305
20682	-1918.446	-2108.2	189.7545	2.337743	0.4500305
20688	-1912.516	-2102.355	189.8398	2.256291	0.5287346
20694	-1921.684	-2111.449	189.7649	2.325564	0.5621874
20700	-1937.265	-2126.301	189.0356	1.561183	1.924253
20706	-1927.144	-2114.904	187.7595	1.141563	2.992975
20712	-1919.31	-2107.153	187.8434	1.311681	2.839697
20718	-1933.984	-2122.739	188.7549	1.421958	2.201516
20724	-1923.485	-2113.294	189.8096	2.254958	0.6397794
20730	-1911.598	-2101.48	189.8828	2.192666	0.6128438
20736	-1919.029	-2108.85	189.8206	2.242334	0.643479
20742	-1925.21	-2115.025	189.8155	2.243138	0.6529517
20748	-1918.649	-2108.475	189.8261	2.261804	0.5728941
20754	-1922.917	-2112.673	189.7557	2.32698	0.5914994
20760	-1921.406	-2111.067	189.6611	2.420966	0.4168877
20766	-1908.566	-2098.235	189.6695	2.420966	0.4425413
20772	-1907.385	-2097.097	189.712	2.378444	0.4425413
20778	-1905.681	-2095.425	189.7443	2.351941	0.5267226
20784	-1905.876	-2095.722	189.8465	2.247029	0.5465777
20790	-1910.609	-2100.377	189.7676	2.329768	0.4880911
20796	-1908.896	-2098.612	189.7157	2.363366	0.6027763
20802	-1907.536	-2097.331	189.7952	2.283812	0.6027763
20808	-1907.639	-2097.379	189.7405	2.356875	0.5115287
20814	-1917.771	-2107.646	189.8751	1.872496	1.042329
20820	-1907.886	-2097.486	189.5995	2.454625	0.3666854
20826	-1915.2	-2104.632	189.432	2.603705	0.344033
20832	-1912.239	-2101.8	189.5615	2.526493	0.4337477
20838	-1920.86	-2110.528	189.6682	2.419793	0.4337477
20844	-1918.847	-2108.817	189.9696	2.014742	0.7771828
20850	-1921.35	-2111.313	189.9633	2.003362	0.8013264
20856	-1909.801	-2099.806	190.0049	1.992663	0.7581753
20862	-1924.013	-2113.689	189.6761	2.408334	0.4231376
20868	-1915.777	-2105.252	189.4755	2.546579	0.3299422
20874	-1907	-2096.949	189.9495	2.005977	0.816009
20880	-1903.115	-2092.999	189.8836	2.071826	0.816009
20886	-1912.877	-2102.738	189.8612	2.094252	0.816009
20892	-1911.497	-2101.394	189.897	2.165815	0.6439128
20898	-1913.491	-2103.442	189.9511	2.096205	0.6759175
20904	-1909.149	-2099.075	189.9264	2.088032	0.7326084
20910	-1900.894	-2090.873	189.9783	2.006999	0.7758684
20916	-1902.053	-2091.98	189.9265	2.083148	0.7401018
20922	-1922.199	-2112.184	189.9855	1.97959	0.8033604
20928	-1922.237	-2112.162	189.9245	2.076156	0.7536859
20934	-1899.461	-2089.432	189.9709	2.009686	0.7824417
20940	-1904.027	-2094.031	190.0043	2.044862	0.6722851
20946	-1920.276	-2110.169	189.893	2.152227	0.6797189
20952	-1912.483	-2102.266	189.7828	2.307788	0.5616881
20958	-1913.017	-2102.744	189.7275	2.36433	0.448242
20964	-1912.009	-2101.945	189.9364	2.085371	0.7209105
20970	-1916.334	-2106.225	189.8915	2.171839	0.6425948
20976	-1919.605	-2109.531	189.9263	2.142389	0.630145
20982	-1919.394	-2109.191	189.7977	2.298907	0.5234216
20988	-1939.969	-2129.651	189.6819	2.414159	0.4720857
20994	-1907.778	-2097.72	189.9422	2.134738	0.6086645
21000	-1912.262	-2102.287	190.0243	2.03108	0.6598212
21006	-1920.179	-2110.053	189.8744	2.137075	0.737205
21012	-1904.348	-2094.285	189.9368	2.08983	0.7127458
21018	-1903.485	-2093.389	189.9039	2.122749	0.7127458
21024	-1910.357	-2100.144	189.787	2.30164	0.4360276
21030	-1915.068	-2104.592	189.5238	2.557917	0.4159603
21036	-1905.664	-2095.222	189.558	2.488162	0.3563035
21042	-1920.408	-2110.433	190.0252	1.859857	0.900435
21048	-1922.853	-2112.767	189.9136	1.930471	0.9451711
21054	-1919.251	-2108.905	189.654	2.436151	0.4411361
21060	-1926.474	-2116.126	189.6521	2.42146	0.3982011
21066	-1925.692	-2115.389	189.6973	2.399949	0.5141489
21072	-1913.782	-2103.527	189.7449	2.350935	0.4703719
21078	-1915.897	-2105.54	189.6435	2.428972	0.3959844
21084	-1909.18	-2098.835	189.6548	2.428729	0.4206688
21090	-1907.781	-2097.579	189.7982	2.299045	0.5140496
21096	-1920.349	-2110.295	189.9464	2.126615	0.6192017
21102	-1916.467	-2106.324	189.8571	2.224166	0.5960761
21108	-1913.352	-2103.393	190.0419	1.959939	0.7519267
21114	-1917.006	-2106.847	189.8409	2.140564	0.7811882
21120	-1906.714	-2096.491	189.777	2.309644	0.5777644
21126	-1910.03	-2099.798	189.7682	2.328849	0.4837228
21132	-1911.861	-2101.628	189.7668	2.33026	0.4837228
21138	-1909.236	-2099.048	189.8125	2.28367	0.5279467
21144	-1911.227	-2100.987	189.7598	2.337782	0.5025979
21150	-1907.486	-2097.236	189.7497	2.347904	0.5025979
21156	-1901.617	-2091.424	189.8071	2.288042	0.5361973
21162	-1919.105	-2108.927	189.8211	2.27539	0.5240525
21168	-1926.903	-2116.696	189.7932	2.207555	0.7535385
21174	-1914.415	-2104.265	189.8501	1.92578	1.014831
21180	-1909.239	-2099.167	189.928	1.847893	1.014831
21186	-1913.843	-2103.546	189.7031	1.587453	1.428365
21192	-1921.46	-2110.697	189.2371	1.6095	1.752683
21198	-1923.598	-2112.525	188.9267	1.457987	2.065792
21204	-1912.911	-2102.647	189.7368	1.775736	1.251152
21210	-1909.453	-2099.169	189.7158	1.723766	1.311024
21216	-1913.548	-2103.256	189.7079	1.731613	1.311024
21222	-1911.546	-2100.934	189.3884	1.467986	1.745828
21228	-1909.892	-2099.465	189.5733	1.486782	1.600527
21234	-1915.512	-2105.102	189.5908	1.589544	1.51189
21240	-1923.37	-2113.105	189.735	1.481747	1.484572
21246	-1913.197	-2102.971	189.7743	1.739619	1.250003
21252	-1917.862	-2107.165	189.3023	1.639051	1.685847
21258	-1912.884	-2102.666	189.782	1.473299	1.455384
21264	-1912.139	-2101.837	189.6987	1.493427	1.503101
21270	-1902.528	-2092.48	189.9522	1.776737	1.060137
21276	-1904.859	-2094.582	189.7238	1.842654	1.205701
21282	-1908.333	-2098.034	189.7011	1.554414	1.455213
21288	-1914.838	-2103.986	189.1474	1.491057	1.896036
21294	-1918.25	-2107.801	189.5514	1.525558	1.588247
21300	-1908.928	-2098.719	189.7909	1.65241	1.308003
21306	-1917.386	-2107.058	189.6719	1.742614	1.331194
21312	-1918.107	-2107.4	189.2931	1.575191	1.737436
21318	-1917.595	-2106.995	189.4	1.631982	1.620892
21324	-1919.799	-2109.559	189.7603	2.001393	1.028648
21330	-1917.339	-2107.253	189.9141	1.87186	1.004841
21336	-1921.68	-2111.573	189.8937	1.836587	1.058807
21342	-1937.813	-2126.797	188.9834	1.57695	1.94881
21348	-1928.676	-2118.045	189.3684	1.29844	1.876753
21354	-1921.098	-2110.675	189.577	1.651174	1.475945
21360	-1917.347	-2107.2	189.853	1.739451	1.183353
21366	-1923.245	-2113.094	189.8486	1.815549	1.119946
21372	-1902.97	-2092.924	189.9545	2.084276	0.6917773
21378	-1907.38	-2097.332	189.9523	2.058534	0.7382812
21384	-1909.337	-2099.205	189.8684	1.660025	1.237921
21390	-1907.174	-2097.155	189.9816	1.818632	0.9904641
21396	-1912.255	-2102.242	189.9869	1.893697	0.905446
21402	-1900.773	-2090.79	190.0177	1.88578	0.8794028
21408	-1916.135	-2106.069	189.9335	2.026518	0.8100558
21414	-1909.096	-2099.063	189.9669	2.040805	0.7430653
21420	-1925.052	-2114.91	189.8583	2.155402	0.7336661
21426	-1912.349	-2102.118	189.7694	2.328186	0.5043312
21432	-1910.558	-2100.383	189.8248	2.266761	0.5573455
21438	-1918.206	-2108.028	189.8225	2.275037	0.5051016
21444	-1912.041	-2101.864	189.8229	2.255998	0.6032623
21450	-1902.655	-2092.482	189.8273	2.263868	0.559087
21456	-1905.075	-2095.014	189.9387	2.148551	0.5756822
21462	-1909.433	-2099.305	189.872	2.220297	0.5534949
21468	-1903.934	-2093.828	189.8948	2.19699	0.5560006
21474	-1929.681	-2119.419	189.7384	2.359077	0.4899818
21480	-1912.025	-2101.727	189.7013	2.39605	0.4885283
21486	-1915.47	-2105.192	189.7212	2.374059	0.5354485
21492	-1913.596	-2103.462	189.8662	2.203002	0.6288092
21498	-1902.877	-2092.7	189.8233	2.248783	0.6215976
21504	-1917.53	-2107.455	189.9255	2.152687	0.6051065
21510	-1912.412	-2102.344	189.9322	2.156168	0.5712852
21516	-1915.88	-2105.735	189.8549	2.235099	0.5642599
21522	-1921.695	-2111.474	189.7786	2.318987	0.4991675
21528	-1920.063	-2109.838	189.7752	2.321316	0.477032
21534	-1920.934	-2110.823	189.8893	2.186825	0.610897
21540	-1915.645	-2105.578	189.933	2.057679	0.7682401
21546	-1922.738	-2112.618	189.88	2.110696	0.7682401
21552	-1914.116	-2103.932	189.8156	2.152495	0.7994227
21558	-1906.04	-2096.02	189.9802	1.761946	1.047559
21564	-1906.701	-2096.514	189.8132	1.834191	1.135059
21570	-1905.338	-2095.081	189.7425	1.783263	1.240101
21576	-1903.15	-2092.665	189.5155	1.569341	1.582427
21582	-1920.084	-2109.2	189.1157	1.637079	1.817844
21588	-1904.934	-2093.906	188.9718	1.421575	2.060092
21594	-1911.516	-2100.728	189.2128	1.558143	1.805245
21600	-1906.893	-2096.399	189.5064	1.602261	1.565015
21606	-1904.606	-2094.235	189.6299	1.675601	1.416869
21612	-1909.063	-2098.888	189.8257	1.869752	1.091418
21618	-1914.39	-2104.415	190.0247	1.786134	0.9797583
21624	-1908.925	-2098.728	189.8034	2.293904	0.5126628
21630	-1916.221	-2105.939	189.7183	2.37445	0.4519972
21636	-1918.995	-2108.749	189.7545	2.335458	0.4406733
21642	-1908.381	-2098.323	189.9422	1.844953	1.003602
21648	-1907.866	-2097.475	189.6092	1.737535	1.384811
21654	-1911.777	-2101.422	189.645	1.722361	1.368617
21660	-1916.255	-2106.111	189.856	1.815537	1.1133
21666	-1909.295	-2099.168	189.8729	1.909008	1.008803
21672	-1928.9	-2118.755	189.8552	2.10277	0.8126895
21678	-1927.659	-2117.665	190.0064	2.003597	0.7394833
21684	-1918.645	-2108.674	190.0288	1.933117	0.8076303
21690	-1919.869	-2109.352	189.483	1.708939	1.503198
21696	-1922.165	-2111.922	189.7567	1.854739	1.166767
21702	-1908.033	-2097.936	189.9034	1.775551	1.106573
21708	-1925.075	-2115.061	189.9861	1.814601	0.9900323
21714	-1919.304	-2109.213	189.9094	1.715203	1.155246
21720	-1917.91	-2107.75	189.8399	1.784706	1.155246
21726	-1911.975	-2101.723	189.7483	1.756676	1.257452
21732	-1920.729	-2110.792	190.0627	1.979805	0.6849308
21738	-1910.546	-2100.4	189.8535	2.188946	0.6849308
21744	-1907.229	-2096.476	189.2465	1.510329	1.814994
21750	-1918.406	-2107.813	189.4072	1.630814	1.616503
21756	-1925.055	-2114.38	189.3244	1.472385	1.787339
21762	-1924.549	-2114.313	189.7632	2.018595	1.008923
21768	-1916.47	-2106.387	189.9169	1.873775	1.000145
21774	-1900.761	-2090.768	190.0067	1.954292	0.8088398
21780	-1908.549	-2098.297	189.7478	1.751401	1.262207
21786	-1914.56	-2104.421	189.8615	2.00195	0.9243509
21792	-1910.505	-2100.314	189.8095	1.733603	1.22556
21798	-1910.023	-2100.047	190.0237	1.882574	0.8761594
21804	-1907.908	-2097.954	190.0455	1.876094	0.8580258
21810	-1910.494	-2100.281	189.7874	1.806437	1.182104
21816	-1903.923	-2093.734	189.8116	1.773332	1.189802
21822	-1911.038	-2100.956	189.9182	2.04981	0.7995723
21828	-1912.476	-2102.332	189.8561	2.024622	0.9052442
21834	-1903.501	-2093.357	189.8567	2.053968	0.8710568
21840	-1909.042	-2099	189.9579	1.95913	0.863463
21846	-1915.147	-2104.979	189.8329	2.019825	0.9359529
21852	-1914.101	-2103.989	189.888	1.971003	0.9291861
21858	-1923.219	-2113.004	189.7851	2.004624	1.001083
21864	-1916.419	-2105.96	189.5411	1.833766	1.362668
21870	-1921.704	-2111.206	189.5018	1.744054	1.462535
21876	-1926.484	-2116.201	189.7165	1.698616	1.330683
21882	-1923.728	-2113.353	189.6248	1.638192	1.449519
21888	-1915.704	-2105.365	189.6609	1.716821	1.360423
21894	-1915.269	-2105.209	189.9403	2.148512	0.569379
21900	-1923.322	-2113.142	189.8206	2.276017	0.5234232
21906	-1923.052	-2112.872	189.8201	2.276502	0.5234232
21912	-1928.071	-2115.881	187.8104	1.214683	2.918355
21918	-1935.438	-2123.262	187.8242	1.200939	2.918355
21924	-1926.376	-2116.215	189.8385	2.25161	0.4411104
21930	-1921.286	-2110.913	189.6271	2.462954	0.4411104
21936	-1916.12	-2105.545	189.425	2.600056	0.3328642
21942	-1923.86	-2113.543	189.6828	1.474212	1.529261
21948	-1918.5	-2107.91	189.4094	1.448081	1.745007
21954	-1929.79	-2119.699	189.9098	1.769756	1.105978
21960	-1921.208	-2110.663	189.4553	1.502257	1.674315
21966	-1917.708	-2107.183	189.4758	1.568073	1.612315
21972	-1922.446	-2112.11	189.6638	2.428613	0.4506819
21978	-1917.934	-2107.772	189.8381	2.258121	0.4735671
21984	-1928.176	-2117.479	189.3032	1.3603	1.87899
21990	-1911.678	-2100.693	189.015	2.834115	0.2249954
21996	-1930.111	-2119.262	189.151	2.757962	0.252251
22002	-1927.004	-2116.416	189.4122	2.590492	0.3125206
22008	-1915.315	-2104.875	189.5599	2.500279	0.3753414
22014	-1924.253	-2113.942	189.6892	1.849391	1.229293
22020	-1913.291	-2103.238	189.9474	1.832205	1.011163
22026	-1918.31	-2108.162	189.8519	2.136616	0.7712237
22032	-1894.985	-2084.816	189.8304	2.255269	0.5814517
22038	-1904.534	-2094.431	189.897	2.187567	0.585323
22044	-1928.895	-2118.63	189.7349	2.35482	0.5655106
22050	-1922.136	-2111.955	189.8193	2.202453	0.7208588
22056	-1917.913	-2107.687	189.7739	2.297281	0.6238986
22062	-1920.391	-2110.036	189.6452	1.5729	1.483551
22068	-1910.877	-2100.626	189.7494	1.733836	1.275413
22074	-1914.166	-2104.051	189.8855	1.940375	0.9642233
22080	-1915.921	-2105.929	190.0081	2.072151	0.599041
22086	-1909.997	-2099.973	189.9755	2.056355	0.7039759
22092	-1906.81	-2096.068	189.2579	1.59236	1.750115
22098	-1902.031	-2091.683	189.652	1.654031	1.41649
22104	-1925.109	-2115.027	189.9176	1.967446	0.900475
22110	-1922.182	-2109.42	187.2382	1.268265	3.228087
22116	-1916.829	-2104.882	188.0525	1.174598	2.795944
22122	-1918.41	-2108.049	189.6394	1.630807	1.443987
22128	-1907.673	-2097.256	189.5838	1.567555	1.533509
22134	-1916.869	-2106.028	189.1584	1.552483	1.846658
22140	-1916.818	-2106.095	189.2766	1.529126	1.781139
22146	-1908.758	-2097.302	188.5446	1.39294	2.354867
22152	-1903.352	-2091.805	188.4531	1.374908	2.424116
22158	-1897.03	-2085.082	188.0519	1.293379	2.723759
22164	-1904.433	-2093.154	188.7212	1.461119	2.198024
22170	-1907.263	-2096.258	188.9945	1.439257	2.033364
22176	-1906.689	-2096.207	189.5187	1.435596	1.676666
22182	-1915.114	-2104.887	189.773	1.761167	1.233083
22188	-1916.482	-2106.236	189.7541	1.691868	1.305799
22194	-1909.599	-2098.972	189.3734	1.611542	1.654767
22200	-1911.543	-2101.393	189.8502	1.870623	1.067779
22206	-1912.084	-2102.001	189.9169	1.803935	1.067779
22212	-1903.213	-2092.402	189.1886	1.499583	1.862183
22218	-1903.078	-2092.284	189.2057	1.482441	1.862183
22224	-1902.087	-2092.069	189.9814	1.605385	1.188234
22230	-1909.325	-2099.046	189.7218	1.573235	1.424951
22236	-1904.494	-2094.289	189.795	1.652749	1.304421
22242	-1902.932	-2092.366	189.434	1.879478	1.410673
22248	-1908.099	-2097.641	189.542	1.771525	1.410673
22254	-1900.652	-2089.702	189.0502	1.608105	1.882545
22260	-1911.425	-2101.43	190.0055	1.802236	0.982928
22266	-1907.577	-2097.651	190.0738	1.887144	0.8088002
22272	-1898.517	-2088.557	190.0406	1.882552	0.8561551
22278	-1901.646	-2091.776	190.1291	1.811581	0.8346751
22284	-1898.908	-2088.869	189.9607	1.86705	0.9623419
22290	-1900.888	-2090.805	189.9171	1.919212	0.9533591
22296	-1904.671	-2094.55	189.8787	1.863165	1.047819
22302	-1918.261	-2108.302	190.041	1.855947	0.8869105
22308	-1922.93	-2112.935	190.0055	1.900369	0.8766687
22314	-1914.562	-2104.519	189.9566	1.788213	1.044952
22320	-1917.91	-2107.83	189.9195	1.747081	1.117776
22326	-1930.306	-2119.885	189.5783	1.738993	1.407711
22332	-1922.702	-2112.567	189.8645	1.685955	1.219266
22338	-1936.95	-2126.817	189.8672	1.705763	1.200155
22344	-1918.987	-2108.567	189.58	1.71317	1.426359
22350	-1927.579	-2117.652	190.0736	1.757089	0.9592931
22356	-1915.146	-2105.046	189.8998	1.801529	1.085938
22362	-1909.842	-2099.763	189.9206	1.823935	1.045297
22368	-1920.713	-2110.594	189.8804	1.864085	1.045297
22374	-1920.744	-2110.024	189.28	1.641975	1.699571
22380	-1922.873	-2112.737	189.8641	1.857612	1.066962
22386	-1918.23	-2108.195	189.9645	1.843571	0.9825139
22392	-1919.451	-2109.436	189.9848	1.897859	0.9031314
22398	-1919.868	-2109.712	189.8434	2.0047	0.9408756
22404	-1916.881	-2106.745	189.8645	1.779487	1.138078
22410	-1915.308	-2105.231	189.9236	1.720399	1.138078
22416	-1920.194	-2110.087	189.8931	1.825731	1.069647
22422	-1919.701	-2109.746	190.0457	1.826294	0.9149324
22428	-1917.388	-2107.248	189.8602	1.746692	1.170808
22434	-1925.183	-2114.997	189.8139	1.584455	1.344065
22440	-1914.419	-2103.728	189.3093	1.492449	1.783915
22446	-1911.392	-2100.911	189.5187	1.524908	1.612505
22452	-1914.873	-2104.834	189.9603	1.670056	1.150139
22458	-1909.879	-2099.577	189.6979	1.619194	1.407887
22464	-1909.587	-2099.056	189.4684	1.642455	1.563404
22470	-1909.512	-2099.274	189.7618	1.660695	1.32473
22476	-1901.449	-2091.044	189.595	1.567477	1.525189
22482	-1905.594	-2095.135	189.5415	1.667077	1.490718
22488	-1918.939	-2108.33	189.3914	1.711997	1.568874
22494	-1921.827	-2111.353	189.5254	1.699738	1.478284
22500	-1914.706	-2104.08	189.3735	1.553756	1.695851
22506	-1902.608	-2092.07	189.4619	1.456959	1.701778
22512	-1915.442	-2105.003	189.5609	1.788197	1.382949
22518	-1915.402	-2105.311	189.9088	1.936282	0.9440854
22524	-1928.137	-2118.047	189.9104	1.846375	1.033508
22530	-1913.207	-2102.649	189.4427	1.581125	1.626781
22536	-1907.465	-2097.058	189.593	1.584418	1.51411
22542	-1919.391	-2109.172	189.7811	1.80274	1.190796
22548	-1920.515	-2110.297	189.7817	1.802145	1.190796
22554	-1918.383	-2107.88	189.4976	1.792584	1.42864
22560	-1914.603	-2104.284	189.6815	1.647039	1.399005
22566	-1917.441	-2107.067	189.6255	1.756325	1.357187
22572	-1923.735	-2113.505	189.7699	1.885837	1.127587
22578	-1914.749	-2104.494	189.7456	1.817912	1.208182
22584	-1918.378	-2108.212	189.8338	1.741362	1.198196
22590	-1913.921	-2103.827	189.9062	2.163672	0.6272429
22596	-1911.218	-2101.023	189.8049	2.264999	0.6272429
22602	-1914.336	-2104.27	189.9339	2.14995	0.5876009
22608	-1906.803	-2096.652	189.8491	2.23052	0.6009707
22614	-1913.336	-2103.246	189.9106	1.978684	0.8956902
22620	-1923.778	-2113.701	189.9235	2.022198	0.8284315
22626	-1915.295	-2105.287	189.9919	2.005483	0.7584932
22632	-1917.67	-2107.551	189.881	2.116408	0.7584932
22638	-1922.2	-2112.14	189.94	2.114053	0.6624813
22644	-1911.897	-2101.896	189.9994	2.007151	0.7447448
22650	-1919.752	-2109.587	189.8351	2.157096	0.7660099
22656	-1908.848	-2098.724	189.8766	2.136897	0.7339882
22662	-1914.879	-2104.724	189.8446	1.796367	1.14073
22668	-1915.16	-2104.887	189.727	1.839655	1.205532
22674	-1908.244	-2098.182	189.9374	1.837275	1.015964
22680	-1906.268	-2095.986	189.7177	1.729061	1.305189
22686	-1898.825	-2088.433	189.6082	1.595227	1.494635
22692	-1918.902	-2108.368	189.4659	1.737487	1.494635
22698	-1927.911	-2117.782	189.8707	1.645377	1.248243
22704	-1925.015	-2114.733	189.7184	1.957263	1.109533
22710	-1921.534	-2111.178	189.6447	1.691161	1.393323
22716	-1924.457	-2113.99	189.5328	1.677204	1.489681
22722	-1913.267	-2103.152	189.8851	1.775512	1.123166
22728	-1911.218	-2100.98	189.7622	1.852109	1.164265
22734	-1906.567	-2096.349	189.7828	2.309393	0.554085
22740	-1907.357	-2097.207	189.8502	2.21935	0.6280471
22746	-1911.905	-2101.841	189.9366	2.060912	0.7583088
22752	-1907.799	-2097.681	189.8818	2.179319	0.6476599
22758	-1905.34	-2095.354	190.0135	2.011622	0.7152835
22764	-1918.312	-2108.19	189.8784	2.145292	0.7177308
22770	-1917.439	-2107.41	189.9709	1.670406	1.140442
22776	-1912.982	-2102.772	189.79	1.80731	1.179107
22782	-1920.01	-2109.815	189.8047	1.71899	1.241843
22788	-1920.837	-2110.067	189.2308	1.597061	1.765746
22794	-1921.124	-2110.426	189.3027	1.682311	1.654682
22800	-1919.074	-2108.647	189.5732	1.411824	1.654682
22806	-1909.793	-2098.228	188.4347	1.440469	2.394351
22812	-1908.424	-2096.672	188.2474	1.284504	2.608897
22818	-1911.449	-2099.685	188.2361	1.263193	2.62903
22824	-1904.864	-2093.208	188.3435	1.313534	2.531218
22830	-1908.437	-2098.243	189.8055	1.684202	1.270092
22836	-1908.376	-2097.923	189.5463	1.563358	1.564257
22842	-1911.099	-2100.858	189.7591	1.755142	1.249702
22848	-1913.904	-2103.69	189.7856	1.68694	1.284143
22854	-1919.099	-2109.048	189.949	1.825883	1.015775
22860	-1900.557	-2090.479	189.9218	1.606419	1.238026
22866	-1901.677	-2091.716	190.0392	1.751097	1.000496
22872	-1898.623	-2088.654	190.0318	1.871188	0.8800017
22878	-1909.269	-2099.267	189.9978	1.805501	0.987365
22884	-1904.58	-2094.448	189.8681	2.02596	0.8901827
22890	-1900.761	-2090.753	189.9915	1.902565	0.8901827
22896	-1896.46	-2086.434	189.9736	2.005775	0.7840581
22902	-1903.769	-2093.728	189.9599	1.907723	0.9198006
22908	-1907.538	-2097.513	189.9745	1.832893	0.9832093
22914	-1917.172	-2106.937	189.7647	2.295212	0.6500912
22920	-1907.293	-2097.258	189.9642	2.123065	0.5755082
22926	-1917.321	-2107.268	189.9472	2.123065	0.6262072
22932	-1908.187	-2098.057	189.8705	2.194513	0.6387513
22938	-1924.596	-2114.422	189.8255	2.118182	0.8309485
22944	-1925.979	-2115.908	189.9294	2.038053	0.8002981
22950	-1912.059	-2101.939	189.8792	2.127125	0.7451643
22956	-1913.127	-2103.063	189.9357	2.098929	0.6991059
22962	-1915.845	-2105.661	189.8162	2.255061	0.6238657
22968	-1914.289	-2104.187	189.8979	2.008069	0.8764599
22974	-1911.212	-2101.135	189.9224	1.983644	0.8764599
22980	-1923.009	-2112.277	189.2686	1.401147	1.874725
22986	-1923.986	-2113.206	189.2209	1.327596	1.956807
22992	-1918.217	-2108.072	189.855	2.188038	0.6839552
22998	-1915.941	-2105.854	189.913	2.171285	0.5861815
23004	-1926.213	-2116.145	189.9323	2.098464	0.7057669
23010	-1921.852	-2111.804	189.9516	2.040209	0.7666502
23016	-1920.051	-2109.978	189.9264	2.029861	0.8149198
23022	-1921.106	-2110.823	189.7167	2.028888	1.044253
23028	-1924.815	-2114.713	189.8978	2.108639	0.7449783
23034	-1919.606	-2107.844	188.2374	1.206938	2.662916
23040	-1927.654	-2117.429	189.775	1.781154	1.214436
23046	-1921.88	-2111.85	189.9704	1.681096	1.131315
23052	-1922.568	-2112.341	189.7729	1.87859	1.131315
23058	-1925.773	-2115.562	189.7884	1.882966	1.113436
23064	-1917.874	-2107.078	189.2034	1.478462	1.866472
23070	-1911.053	-2100.991	189.9382	1.988728	0.8516267
23076	-1909.811	-2099.712	189.9008	1.918711	0.970802
23082	-1911.448	-2101.272	189.8238	1.955521	1.011422
23088	-1925.937	-2115.795	189.8587	2.090578	0.823961
23094	-1911.431	-2101.33	189.8994	2.043045	0.8325123
23100	-1905.256	-2095.238	189.9821	1.957878	0.8356078
23106	-1909.377	-2099.277	189.9001	1.873798	1.016768
23112	-1904.312	-2094.227	189.915	1.845865	1.029513
23118	-1897.391	-2087.157	189.7656	1.714697	1.277809
23124	-1913.392	-2103.273	189.8806	2.061012	0.8336179
23130	-1908.656	-2098.553	189.8979	1.795821	1.092997
23136	-1909.336	-2099.178	189.8421	1.717087	1.211911
23142	-1908.109	-2097.898	189.7891	1.789888	1.194987
23148	-1906.374	-2096.287	189.9129	1.843126	1.034187
23154	-1907.276	-2097.073	189.7968	1.80881	1.171922
23160	-1915.888	-2105.748	189.8598	1.936742	0.9942611
23166	-1918.828	-2108.811	189.9829	1.848414	0.9585654
23172	-1909.183	-2099.086	189.9028	1.932352	0.9545921
23178	-1919.211	-2109.127	189.9155	1.987145	0.8803375
23184	-1906.242	-2096.146	189.9047	2.178127	0.5909701
23190	-1899.969	-2089.861	189.8919	2.184949	0.6091086
23196	-1903.156	-2093.052	189.8962	2.087881	0.7775961
23202	-1906.691	-2096.588	189.8968	1.971278	0.9193113
23208	-1903.155	-2093.052	189.8969	1.882083	1.011748
23214	-1901.483	-2091.256	189.7734	1.852109	1.154406
23220	-1924.88	-2114.865	189.9852	1.98404	0.7979132
23226	-1920.481	-2110.415	189.9335	1.956823	0.894472
23232	-1928.926	-2118.653	189.727	1.768294	1.265483
23238	-1910.028	-2099.612	189.584	1.731235	1.409299
23244	-1898.364	-2087.967	189.6033	1.609808	1.487354
23250	-1893.608	-2083.126	189.5171	1.690699	1.491313
23256	-1900.475	-2089.688	189.2131	1.690699	1.712446
23262	-1903.048	-2092.311	189.2631	1.467335	1.833233
23268	-1903.61	-2092.871	189.261	1.545793	1.7804
23274	-1916.523	-2105.879	189.3565	1.640685	1.645983
23280	-1916.113	-2105.629	189.516	1.571163	1.580734
23286	-1911.142	-2100.64	189.4975	1.744009	1.46582
23292	-1901.643	-2091.619	189.9759	1.909157	0.9003805
23298	-1901.915	-2091.912	189.9969	2.014712	0.7369439
23304	-1927.917	-2117.495	189.5772	1.686767	1.448727
23310	-1898.26	-2088.208	189.9484	2.001776	0.822758
23316	-1913.823	-2103.694	189.8706	1.960618	0.9587055
23322	-1913.035	-2102.451	189.4163	1.452506	1.737082
23328	-1924.714	-2112.978	188.2647	1.186686	2.658621
23334	-1897.769	-2087.694	189.9242	2.124716	0.6726378
23340	-1893.765	-2083.766	190.0009	1.972845	0.7917461
23346	-1905.237	-2095.255	190.018	1.844462	0.9253747
23352	-1902.067	-2091.902	189.8343	1.788053	1.157194
23358	-1904.95	-2094.541	189.5915	1.675408	1.44653
23364	-1904.807	-2093.823	189.0151	1.52518	1.962304
23370	-1907.403	-2096.935	189.5324	1.668835	1.496248
23376	-1913.554	-2103.593	190.0395	1.725127	1.025867
23382	-1921.559	-2111.484	189.9248	1.67792	1.174419
23388	-1912.403	-2101.908	189.5052	1.544171	1.60832
23394	-1913.471	-2102.597	189.1259	1.590758	1.84264
23400	-1909.576	-2098.952	189.3757	1.604786	1.657906
23406	-1919.144	-2108.977	189.8334	1.845402	1.106712
23412	-1907.235	-2097.1	189.8642	1.738618	1.174369
23418	-1903.325	-2093.106	189.7808	1.821941	1.174369
23424	-1910.105	-2099.998	189.8934	1.799457	1.093787
23430	-1928.99	-2118.827	189.837	1.971464	0.9822085
23436	-1921.965	-2111.852	189.8871	2.00647	0.8907972
23442	-1908.04	-2097.908	189.8682	1.629689	1.263315
23448	-1912.204	-2101.993	189.7882	1.811175	1.177303
23454	-1911.476	-2101.492	190.0162	1.75058	1.023724
23460	-1916.208	-2105.617	189.4083	1.654246	1.598702
23466	-1914.046	-2103.707	189.6612	1.72973	1.349931
23472	-1913.17	-2103.047	189.8767	1.822229	1.088192
23478	-1909.708	-2099.516	189.8081	1.969886	1.012746
23484	-1908.26	-2097.981	189.7212	1.737147	1.295792
23490	-1899.951	-2089.166	189.2155	1.605841	1.770265
23496	-1901.103	-2090.481	189.3784	1.537717	1.703778
23502	-1901.357	-2090.679	189.3224	1.531522	1.74756
23508	-1917.053	-2106.035	188.9818	1.430907	2.047321
23514	-1905.611	-2095.683	190.072	1.819774	0.892789
23520	-1900.288	-2089.473	189.1858	1.483125	1.875344
23526	-1902.655	-2091.975	189.3202	1.535237	1.746477
23532	-1907.712	-2097.641	189.9295	1.959956	0.8954069
23538	-1915.587	-2105.593	190.0058	2.056061	0.6458738
23544	-1914.337	-2104.281	189.9442	2.107343	0.6675762
23550	-1911.16	-2100.794	189.6336	1.624398	1.45334
23556	-1912.65	-2102.209	189.5586	1.699379	1.45334
23562	-1911.307	-2101.34	190.0335	1.979747	0.7344923
23568	-1912.059	-2102.093	190.0339	1.887853	0.8578139
23574	-1927.98	-2117.755	189.7754	1.661979	1.312793
23580	-1920.686	-2109.795	189.1088	1.588587	1.855894
23586	-1928.122	-2117.873	189.7503	1.536708	1.431125
23592	-1903.101	-2093.097	189.9962	1.993638	0.7694128
23598	-1895.189	-2085.099	189.9099	2.151806	0.6462884
23604	-1903.629	-2093.615	189.9859	2.0182	0.7484659
23610	-1911.329	-2101.36	190.0317	1.958742	0.7684746
23616	-1908.809	-2098.805	189.9959	1.997725	0.7639793
23622	-1921.717	-2111.504	189.7869	1.679631	1.289122
23628	-1923.387	-2112.819	189.4319	1.534505	1.667988
23634	-1908.624	-2098.177	189.5525	1.495955	1.608976
23640	-1914.089	-2103.694	189.605	1.57853	1.509522
23646	-1909.518	-2099.086	189.5688	1.634277	1.494864
23652	-1913.583	-2103.492	189.9095	1.845996	1.03474
23658	-1909.961	-2099.747	189.7852	1.785139	1.20237
23664	-1917.988	-2107.17	189.1816	1.604009	1.795095
23670	-1912.751	-2102.279	189.5285	1.548271	1.588383
23676	-1921.944	-2111.411	189.467	1.526445	1.648646
23682	-1918.852	-2108.699	189.8472	1.86219	1.078474
23688	-1930.174	-2119.982	189.8076	1.833112	1.140977
23694	-1917.51	-2106.533	189.0238	1.37673	2.055383
23700	-1921.998	-2111.268	189.2695	1.524308	1.789449
23706	-1913.823	-2103.467	189.644	1.49763	1.540674
23712	-1917.647	-2106.493	188.8455	1.425943	2.140093
23718	-1915.36	-2104.183	188.8238	1.325331	2.219428
23724	-1922.334	-2112.13	189.7962	1.651025	1.304805
23730	-1929.82	-2118.356	188.5356	1.430489	2.336692
23736	-1925.964	-2114.636	188.6716	1.317961	2.321787
23742	-1920.442	-2109.334	188.8919	1.264149	2.215001
23748	-1912.808	-2101.567	188.7586	1.200536	2.341174
23754	-1907.272	-2097.135	189.8632	1.845367	1.07925
23760	-1904.403	-2093.951	189.5476	1.701835	1.459843
23766	-1913.745	-2103.431	189.6864	1.614914	1.420091
23772	-1914.322	-2102.724	188.4017	1.249171	2.53509
23778	-1917.552	-2106.045	188.4935	1.256982	2.472863
23784	-1904.866	-2094.484	189.6185	1.737836	1.3773
23790	-1909.114	-2098.876	189.7622	1.729254	1.268672
23796	-1907.835	-2097.661	189.8267	1.844871	1.113239
23802	-1909.32	-2099.144	189.824	1.715164	1.228815
23808	-1907.29	-2097.181	189.8917	1.815713	1.080271
23814	-1906.84	-2096.743	189.9036	1.803881	1.080271
23820	-1913.455	-2103.246	189.7909	1.625753	1.329428
23826	-1909.143	-2098.903	189.7595	1.771736	1.235496
23832	-1912.902	-2102.713	189.8109	1.864976	1.109323
23838	-1915.722	-2105.68	189.9579	1.805219	1.027283
23844	-1909.36	-2099.218	189.8583	1.841124	1.087743
23850	-1918.798	-2108.249	189.4504	1.473793	1.698009
23856	-1918.756	-2107.552	188.7961	1.446911	2.158602
23862	-1919.91	-2109.485	189.5746	1.80188	1.361444
23868	-1916.957	-2106.758	189.8008	1.826046	1.153233
23874	-1902.174	-2091.57	189.3958	1.474282	1.736204
23880	-1907.189	-2097.072	189.8829	1.776143	1.124584
23886	-1916.828	-2106.284	189.456	1.647784	1.568599
23892	-1912.072	-2102.084	190.0117	1.577737	1.185956
23898	-1906.48	-2096.292	189.8124	1.777041	1.185956
23904	-1911.303	-2101.115	189.8114	1.813971	1.154597
23910	-1899.614	-2089.588	189.9737	1.817707	0.9994129
23916	-1908.122	-2098.092	189.9692	1.976421	0.8284715
23922	-1917.746	-2107.117	189.3716	1.386013	1.814485
23928	-1917.772	-2106.895	189.1223	1.619493	1.825364
23934	-1914.232	-2103.603	189.3706	1.450975	1.770156
23940	-1916.377	-2105.819	189.4426	1.636644	1.586565
23946	-1930.874	-2120.272	189.3983	1.799494	1.498855
23952	-1911.668	-2100.894	189.2257	1.715449	1.685986
23958	-1918.776	-2108.159	189.3831	1.599546	1.656411
23964	-1927.11	-2116.841	189.7314	1.747059	1.279355
23970	-1908.594	-2098.409	189.8147	1.71932	1.233188
23976	-1904.421	-2094.088	189.6672	1.633841	1.420306
23982	-1914.789	-2104.425	189.6354	1.825507	1.293654
23988	-1909.483	-2099.174	189.6916	1.687447	1.359366
23994	-1915.818	-2105.363	189.5448	1.399813	1.683537
24000	-1914.076	-2103.592	189.5164	1.463513	1.658373
24006	-1907.66	-2097.407	189.7471	1.524142	1.443168
24012	-1902.957	-2092.273	189.316	1.549729	1.739234
24018	-1912.109	-2101.315	189.2061	1.554791	1.812203
24024	-1912.364	-2102.089	189.7255	1.642564	1.368076
24030	-1903.389	-2093.24	189.8515	1.832668	1.101788
24036	-1909.882	-2099.666	189.7843	1.798779	1.191458
24042	-1911.444	-2101.306	189.862	1.721084	1.191458
24048	-1916.463	-2106.36	189.8974	1.844011	1.048261
24054	-1918.382	-2107.855	189.4723	1.599397	1.592056
24060	-1909.759	-2099.811	190.0517	1.754034	0.9848948
24066	-1913.242	-2103.106	189.8634	2.085589	0.8242398
24072	-1902.375	-2092.242	189.8674	2.131986	0.7554813
24078	-1909.667	-2099.641	189.974	2.028183	0.751401
24084	-1908.544	-2098.451	189.9071	2.129599	0.6954675
24090	-1904.717	-2094.606	189.8892	2.07608	0.8031486
24096	-1908.94	-2098.894	189.9536	2.011706	0.8031486
24102	-1926.449	-2116.285	189.8364	1.770239	1.171041
24108	-1911.153	-2100.964	189.8116	1.886577	1.08887
24114	-1895.61	-2085.51	189.8997	2.17794	0.6067931
24120	-1894.837	-2084.743	189.9051	2.039802	0.8294745
24126	-1895.536	-2085.339	189.8021	1.934097	1.053205
24132	-1891.175	-2080.872	189.697	1.903315	1.176499
24138	-1901.835	-2091.67	189.8348	1.874929	1.078191
24144	-1917.706	-2107.585	189.8792	2.045592	0.8542262
24150	-1904.75	-2094.705	189.9554	1.82151	1.013761
24156	-1908.475	-2098.173	189.6981	1.675266	1.363872
24162	-1916.095	-2105.847	189.7515	1.704925	1.297344
24168	-1910.438	-2099.931	189.4933	1.661411	1.531016
24174	-1910.906	-2100.43	189.5245	1.606338	1.548652
24180	-1925.071	-2113.864	188.7938	1.404096	2.187904
24186	-1915.692	-2104.072	188.3801	1.283745	2.526963
24192	-1918.397	-2108.057	189.6598	1.55992	1.482374
24198	-1918.858	-2108.22	189.3617	1.506871	1.73727
24204	-1914.179	-2102.436	188.2572	1.410344	2.524703
24210	-1913.114	-2101.996	188.8813	1.439707	2.107664
24216	-1913.678	-2102.646	188.9678	1.491444	2.016445
24222	-1911.632	-2101.268	189.6361	1.560235	1.499945
24228	-1917.895	-2107.421	189.5266	1.549416	1.588888
24234	-1916.667	-2106.14	189.4723	1.603761	1.588888
24240	-1903.514	-2092.895	189.3816	1.54394	1.697052
24246	-1908.453	-2098.221	189.7677	1.659807	1.320766
24252	-1928.978	-2118.814	189.8356	2.13618	0.7944271
24258	-1921.928	-2111.856	189.9289	2.133979	0.643584
24264	-1926.535	-2116.444	189.9094	1.706245	1.163117
24270	-1937.317	-2127.054	189.7369	2.360606	0.5071746
24276	-1929.512	-2119.375	189.8633	2.183221	0.677351
24282	-1925.505	-2115.37	189.865	2.209242	0.616172
24288	-1930.104	-2119.892	189.7879	2.159304	0.8265154
24294	-1917.164	-2106.913	189.7492	1.721151	1.285948
24300	-1922.862	-2112.67	189.808	2.015706	0.9665257
24306	-1922.338	-2112.149	189.8112	1.986289	0.9932843
24312	-1923.091	-2112.572	189.4817	1.650584	1.547607
24318	-1913.128	-2102.811	189.683	1.823384	1.256236
24324	-1905.409	-2095.337	189.928	1.804713	1.056551
24330	-1924.575	-2114.404	189.829	1.993547	0.9677381
24336	-1927.627	-2117.471	189.8439	1.823091	1.117382
24342	-1919.895	-2109.818	189.9235	2.13955	0.6432014
24348	-1915.1	-2104.964	189.8634	2.187008	0.66977
24354	-1903.089	-2092.934	189.8447	2.252164	0.5199206
24360	-1903.351	-2093.161	189.8102	2.279547	0.5654928
24366	-1915.351	-2105.111	189.7593	2.338283	0.5040176
24372	-1895.618	-2085.274	189.6551	2.43489	0.4406827
24378	-1894.036	-2083.804	189.7678	2.325259	0.4538738
24384	-1904.264	-2094.076	189.8115	2.268733	0.4124377
24390	-1902.324	-2091.973	189.6489	2.44275	0.4472274
24396	-1899.486	-2089.186	189.6996	2.394048	0.45644
24402	-1910.957	-2100.71	189.7526	2.344542	0.4847384
24408	-1894.263	-2084.016	189.753	2.344542	0.5053765
24414	-1919.923	-2109.027	189.1046	1.406327	1.98197
24420	-1914.267	-2103.012	188.745	1.372387	2.239904
24426	-1922.98	-2111.115	188.1343	1.306507	2.665127
24432	-1919.879	-2108.473	188.5943	1.272024	2.399927
24438	-1925.697	-2113.681	187.9842	1.205828	2.818506
24444	-1908.087	-2097.967	189.8799	2.217652	0.4954957
24450	-1915.219	-2103.896	188.677	1.18229	2.404411
24456	-1910.611	-2099.403	188.792	1.243441	2.292519
24462	-1905.851	-2094.841	188.9898	1.229821	2.173847
24468	-1923.301	-2110.51	187.2087	1.274407	3.241944
24474	-1924.155	-2111.376	187.2206	0.9439163	3.429291
24480	-1915.426	-2103.291	187.8654	1.222129	2.880637
24486	-1927.706	-2116.789	189.0826	1.46199	1.959434
24492	-1927.479	-2116.842	189.3626	1.667274	1.622403
24498	-1915.322	-2104.985	189.6629	1.635923	1.421993
24504	-1917.237	-2106.931	189.6942	1.781311	1.281758
24510	-1910.221	-2099.798	189.5776	1.897892	1.281758
24516	-1915.048	-2104.872	189.8233	1.823415	1.135646
24522	-1914.195	-2104.018	189.8233	2.270723	0.5437444
24528	-1907.54	-2097.504	189.9633	1.980458	0.8308709
24534	-1920.618	-2110.432	189.8145	1.940204	1.03545
24540	-1924.268	-2114.019	189.7508	2.341321	0.449088
24546	-1915.379	-2105.113	189.7342	2.362771	0.4817763
24552	-1919.316	-2109.198	189.8822	1.977916	0.9279364
24558	-1914.809	-2104.489	189.6794	1.735919	1.330544
24564	-1922.138	-2111.652	189.514	1.644799	1.527927
24570	-1936.891	-2126.679	189.7885	2.307527	0.5288513
24576	-1930.191	-2119.975	189.7841	2.311896	0.5288513
24582	-1925.152	-2115.024	189.8718	2.22133	0.5491259
24588	-1919.853	-2109.727	189.8733	2.22133	0.5399758
24594	-1922.818	-2112.512	189.6946	1.731161	1.322144
24600	-1919.881	-2109.492	189.6109	1.676282	1.430948
24606	-1912.247	-2102.114	189.8666	1.733642	1.176582
24612	-1928.387	-2117.598	189.2109	2.755148	0.2853607
24618	-1913.305	-2102.835	189.5301	2.539691	0.3910355
24624	-1917.06	-2106.47	189.4095	2.587292	0.3077098
24630	-1920.661	-2110.495	189.8339	2.260407	0.4603313
24636	-1922.869	-2112.686	189.8161	2.280763	0.4807553
24642	-1912.983	-2102.731	189.748	1.725857	1.283133
24648	-1923.301	-2112.976	189.6751	1.689449	1.370804
24654	-1918.011	-2107.718	189.7072	1.657365	1.370804
24660	-1911.024	-2100.889	189.8653	2.20635	0.6228247
24666	-1913.816	-2103.723	189.9069	2.164742	0.6228247
24672	-1910.876	-2100.72	189.8445	1.617842	1.292549
24678	-1910.331	-2099.901	189.5697	1.6399	1.489935
24684	-1916.808	-2106.588	189.7793	2.315571	0.5379395
24690	-1901.169	-2090.814	189.6453	1.720607	1.369734
24696	-1919.435	-2109.023	189.5879	1.87715	1.290279
24702	-1922.168	-2111.712	189.544	1.598474	1.540064
24708	-1922.934	-2112.211	189.2765	1.522525	1.785833
24714	-1909.343	-2098.891	189.547	1.619404	1.522279
24720	-1916.697	-2106.404	189.7076	1.727288	1.314758
24726	-1916.508	-2106.11	189.6021	1.640098	1.465318
24732	-1912.79	-2102.429	189.639	1.603229	1.465318
24738	-1910.437	-2100.088	189.6506	1.59159	1.465318
24744	-1914.529	-2103.409	188.8797	1.609715	1.996312
24750	-1916.008	-2105.607	189.599	1.532459	1.548194
24756	-1909.572	-2099.261	189.6892	1.778793	1.287903
24762	-1899.199	-2089.026	189.8273	1.737998	1.206694
24768	-1917.446	-2107.45	190.0031	1.898121	0.8820493
24774	-1925.09	-2115.054	189.9635	2.094335	0.6546188
24780	-1924.276	-2114.178	189.9016	1.953251	0.9336164
24786	-1910.25	-2100.296	190.0461	1.963615	0.7398712
24792	-1912.89	-2103.025	190.1351	1.89998	0.6983603
24798	-1907.259	-2097.262	190.0028	1.985316	0.7718908
24804	-1913.772	-2103.301	189.5287	1.553398	1.584436
24810	-1904.674	-2094.744	190.07	1.908428	0.7854088
24816	-1905.594	-2095.372	189.7787	1.950271	1.060114
24822	-1919.569	-2109.571	190.0022	1.936388	0.8372855
24828	-1914.848	-2104.752	189.9041	1.964484	0.9187239
24834	-1928.098	-2117.865	189.7662	2.010335	1.014198
24840	-1908.397	-2098.264	189.8668	1.644213	1.252441
24846	-1917.389	-2107.205	189.8152	1.645924	1.293474
24852	-1915.701	-2105.821	190.1199	1.723283	0.9460612
24858	-1903.565	-2093.404	189.8392	1.751924	1.184488
24864	-1911.491	-2101.346	189.8554	1.804899	1.123462
24870	-1914.382	-2104.111	189.7287	2.368361	0.5170928
24876	-1922.784	-2112.374	189.5905	2.486186	0.4044424
24882	-1909.788	-2099.304	189.5158	2.571339	0.4311484
24888	-1904.214	-2093.503	189.2891	2.695666	0.2984574
24894	-1902.85	-2092.294	189.4442	2.598198	0.351703
24900	-1918.104	-2108.057	189.9531	2.127391	0.5982514
24906	-1922.045	-2111.872	189.827	2.246978	0.6168549
24912	-1916.987	-2106.857	189.8701	2.166202	0.696084
24918	-1909.731	-2099.71	189.9787	2.055577	0.6996454
24924	-1917.281	-2106.829	189.5473	2.534173	0.4153818
24930	-1911.833	-2101.403	189.5707	2.502949	0.3982681
24936	-1907.281	-2096.841	189.5594	2.509246	0.3890625
24942	-1901.489	-2091.062	189.5726	2.509246	0.4162278
24948	-1916.513	-2106.153	189.6394	2.444586	0.4217884
24954	-1905.609	-2094.74	189.1309	1.40623	1.964395
24960	-1906.612	-2095.234	188.6223	1.328639	2.34637
24966	-1905.617	-2094.835	189.2172	1.494778	1.845912
24972	-1909.001	-2098.296	189.295	1.519013	1.775413
24978	-1911.58	-2100.871	189.291	1.650075	1.686052
24984	-1900.3	-2090.2	189.8996	2.192529	0.554162
24990	-1909.677	-2099.475	189.7974	2.197633	0.7619496
24996	-1909.134	-2098.864	189.7302	2.356981	0.5757513
25002	-1908.075	-2097.77	189.6955	2.394999	0.4425886
25008	-1901.717	-2091.587	189.8697	2.225037	0.4626752
25014	-1903.929	-2093.722	189.7935	2.302078	0.532506
25020	-1913.211	-2103.08	189.869	2.212301	0.5958459
25026	-1912.616	-2102.505	189.8888	2.126238	0.7317167
25032	-1902.981	-2092.988	190.0068	2.027645	0.6994675
25038	-1905.042	-2094.954	189.9123	2.121762	0.7000257
25044	-1931.001	-2120.433	189.4318	1.717676	1.534885
25050	-1922.099	-2111.835	189.7369	1.876396	1.165172
25056	-1913.789	-2103.612	189.8229	1.802458	1.15454
25062	-1911.431	-2101.468	190.0372	1.741135	1.012412
25068	-1905.984	-2095.856	189.8719	1.867951	1.049782
25074	-1909.121	-2099.013	189.892	1.787024	1.106476
25080	-1910.279	-2100.2	189.9216	1.861333	1.0078
25086	-1915.99	-2105.806	189.8161	1.8728	1.097459
25092	-1912.963	-2102.765	189.8018	1.650363	1.300833
25098	-1913.072	-2102.827	189.7551	1.757145	1.251411
25104	-1909.474	-2099.271	189.7963	1.859973	1.127039
25110	-1907.554	-2097.068	189.5139	1.703843	1.483832
25116	-1904.428	-2094.165	189.7372	1.744243	1.276852
25122	-1910.479	-2100.085	189.6058	1.51192	1.558342
25128	-1901.764	-2091.296	189.5313	1.586447	1.558342
25134	-1907.801	-2097.333	189.5318	1.62327	1.530765
25140	-1909.697	-2099.423	189.7259	1.720318	1.305618
25146	-1913.943	-2103.36	189.4171	1.420604	1.758858
25152	-1920.662	-2109.98	189.3179	1.579831	1.716772
25158	-1918.155	-2107.814	189.659	1.50396	1.524856
25164	-1912.853	-2101.933	189.08	1.364399	2.026276
25170	-1909.495	-2099.377	189.8818	1.625748	1.255327
25176	-1911.466	-2101.055	189.5883	1.577239	1.522944
25182	-1905.736	-2095.125	189.3895	1.652473	1.61365
25188	-1911.651	-2101.402	189.7503	1.71635	1.289009
25194	-1910.493	-2100.201	189.7076	2.072608	1.010557
25200	-1905.265	-2095.193	189.9279	1.897142	0.9651522
25206	-1915.246	-2105.148	189.9023	1.899494	0.9888957
25212	-1915.063	-2105.004	189.9406	1.963054	0.8791366
25218	-1919.952	-2109.86	189.9078	2.010891	0.861489
25224	-1920.501	-2110.403	189.9018	1.945573	0.9416396
25230	-1924.598	-2114.449	189.8511	1.938653	1.000988
25236	-1917.279	-2107.171	189.8922	1.897636	1.000988
25242	-1924.203	-2114.117	189.9139	1.819689	1.055671
25248	-1924.064	-2114.068	190.0033	1.837309	0.9487825
25254	-1929.487	-2119.295	189.808	1.884551	1.094055
25260	-1903.84	-2093.757	189.9167	1.926852	0.9457249
25266	-1904.992	-2094.935	189.9437	1.899841	0.9457249
25272	-1922.408	-2112.335	189.9273	1.945344	0.9142174
25278	-1922.15	-2112.013	189.8633	1.949863	0.9773522
25284	-1909.287	-2098.705	189.4182	1.739793	1.52853
25290	-1905.697	-2095.363	189.6657	1.892429	1.212767
25296	-1918.918	-2108.647	189.7292	1.861547	1.184781
25302	-1921.057	-2110.704	189.6465	1.883849	1.236262
25308	-1921.447	-2110.715	189.2682	1.534975	1.782927
25314	-1919.348	-2109.115	189.7672	1.768545	1.231738
25320	-1921.786	-2111.264	189.4781	1.591206	1.593818
25326	-1924.304	-2113.756	189.4519	1.549137	1.643184
25332	-1923.978	-2113.616	189.6386	1.443178	1.584692
25338	-1919.443	-2108.187	188.7441	1.405022	2.219469
25344	-1910.071	-2098.667	188.5966	1.552527	2.219469
25350	-1920.245	-2109.442	189.1971	1.736211	1.691529
25356	-1920.003	-2109.617	189.6143	1.681755	1.424148
25362	-1912.528	-2102.085	189.557	1.536458	1.576155
25368	-1916.49	-2106.162	189.6726	1.706322	1.359478
25374	-1917.301	-2107.182	189.8811	1.673804	1.215507
25380	-1919.36	-2109.108	189.7476	1.6945	1.308973
25386	-1913.647	-2103.278	189.6306	1.583826	1.486353
25392	-1910.916	-2100.48	189.5642	1.628486	1.502657
25398	-1912.251	-2101.847	189.5956	1.860536	1.297601
25404	-1912.978	-2102.386	189.408	1.490426	1.716266
25410	-1920.053	-2109.906	189.8528	1.929757	1.008192
25416	-1919.376	-2109.011	189.6356	1.734983	1.366066
25422	-1900.976	-2090.784	189.8088	1.625471	1.315308
25428	-1908.033	-2097.501	189.4678	1.477056	1.683387
25434	-1904.717	-2094.066	189.3489	1.595937	1.683387
25440	-1905.774	-2094.495	188.721	1.496325	2.175332
25446	-1908.907	-2098.52	189.6139	1.605834	1.482328
25452	-1925.322	-2114.941	189.6183	1.652247	1.443759
25458	-1925.47	-2115.109	189.6388	1.631701	1.443759
25464	-1923.396	-2112.949	189.5534	1.653445	1.492045
25470	-1928.674	-2117.687	189.0136	1.702095	1.843352
25476	-1919.087	-2107.117	188.0296	1.430437	2.653294
25482	-1922.993	-2111.173	188.1796	1.263609	2.663639
25488	-1929.888	-2117.469	187.5812	1.347249	2.976554
25494	-1927.96	-2117.133	189.1734	1.535741	1.847857
25500	-1921.519	-2111.041	189.5224	1.624983	1.536414
25506	-1918.202	-2107.88	189.6784	1.828285	1.255989
25512	-1916.006	-2105.828	189.8221	1.876967	1.088058
25518	-1932.405	-2122.13	189.7243	1.758191	1.275982
25524	-1926.425	-2116.043	189.6183	1.648668	1.446448
25530	-1917.716	-2107.289	189.5733	1.648668	1.480667
25536	-1916.087	-2105.85	189.763	1.583779	1.384789
25542	-1909.625	-2098.844	189.2191	1.537997	1.814848
25548	-1919.654	-2109.339	189.6854	1.477591	1.524849
25554	-1923.96	-2113.877	189.9176	1.789953	1.080194
25560	-1922.677	-2112.35	189.6731	1.720808	1.347604
25566	-1933.307	-2122.82	189.5127	1.690997	1.494395
25572	-1919.777	-2109.298	189.5212	1.693306	1.486242
25578	-1927.266	-2116.58	189.3143	1.653441	1.667013
25584	-1925.182	-2114.594	189.4114	1.553227	1.669242
25590	-1918.52	-2108.478	189.958	1.71119	1.115374
25596	-1919.729	-2109.424	189.6941	1.830916	1.240709
25602	-1923.669	-2113.514	189.8456	2.055093	0.8826598
25608	-1913.503	-2103.367	189.8637	1.946286	0.9806431
25614	-1915.084	-2104.913	189.8289	1.690467	1.245483
25620	-1914.672	-2104.672	190.0006	1.819177	0.9705383
25626	-1901.251	-2091.05	189.7995	1.871119	1.114082
25632	-1909.286	-2099.184	189.8977	2.053126	0.821989
25638	-1918.935	-2108.712	189.7767	2.21103	0.7723722
25644	-1919.561	-2109.413	189.8522	1.955073	0.9833261
25650	-1925.773	-2115.551	189.778	2.134035	0.869408
25656	-1919.314	-2109.176	189.8628	2.135368	0.7573317
25662	-1919.085	-2109.015	189.9306	2.067598	0.7573317
25668	-1920.224	-2110.185	189.9607	1.899654	0.9276797
25674	-1920.857	-2109.37	188.5128	1.217662	2.485347
25680	-1919.865	-2109.809	189.9436	1.839294	1.007891
25686	-1926.597	-2116.249	189.6522	1.614794	1.446426
25692	-1918.211	-2107.37	189.1587	1.395309	1.953119
25698	-1910.827	-2099.764	188.9366	1.478237	2.045906
25704	-1912.64	-2102.125	189.4859	1.664971	1.533872
25710	-1909.094	-2098.797	189.7031	1.650527	1.379396
25716	-1909.633	-2099.33	189.6975	1.799589	1.264015
25722	-1916.549	-2106.329	189.7803	1.628989	1.335306
25728	-1928.118	-2117.513	189.3952	1.438464	1.761679
25734	-1914.648	-2104.053	189.4045	1.490965	1.718311
25740	-1924.955	-2114.725	189.7701	1.970089	1.049409
25746	-1923.442	-2113.329	189.8864	1.850104	1.052948
25752	-1907.65	-2096.816	189.1656	1.427595	1.926685
25758	-1912.24	-2101.555	189.3151	1.617429	1.692152
25764	-1913.441	-2102.826	189.3853	1.530214	1.704185
25770	-1920.028	-2109.431	189.4037	1.699259	1.569208
25776	-1908.575	-2097.587	189.0126	1.571572	1.932782
25782	-1918.185	-2106.846	188.6601	1.41568	2.266646
25788	-1916.685	-2105.333	188.6487	1.428891	2.265517
25794	-1915.86	-2104.317	188.4578	1.403296	2.403248
25800	-1924.859	-2114.644	189.7852	1.703718	1.27074
25806	-1922.765	-2112.038	189.2724	1.563338	1.760221
25812	-1925.276	-2114.423	189.1475	1.412261	1.949238
25818	-1911.705	-2100.972	189.2674	1.555134	1.769439
25824	-1909.668	-2098.925	189.2568	1.565764	1.769439
25830	-1911.977	-2100.981	189.0038	1.268199	2.139724
25836	-1919.581	-2107.885	188.3038	1.406013	2.498308
25842	-1912.952	-2102.413	189.4615	1.46478	1.696575
25848	-1911.582	-2101.408	189.8254	1.671275	1.26431
25854	-1908.056	-2097.781	189.7251	1.621352	1.385053
25860	-1912.634	-2102.133	189.4989	1.550886	1.608014
25866	-1912.055	-2101.353	189.298	1.471015	1.806607
25872	-1911.002	-2100.383	189.3801	1.570464	1.679274
25878	-1899.392	-2088.954	189.5618	1.588805	1.534038
25884	-1898.464	-2088.279	189.815	1.622873	1.312386
25890	-1900.183	-2089.684	189.5018	1.613928	1.559836
25896	-1897.525	-2087.38	189.8555	1.757647	1.165319
25902	-1893.367	-2083.023	189.6565	1.757647	1.33145
25908	-1900.233	-2090.032	189.7991	1.765015	1.207715
25914	-1918.08	-2107.953	189.8726	1.697429	1.20267
25920	-1910.368	-2100.224	189.8556	1.809202	1.119379
25926	-1923.862	-2113.712	189.8502	1.744611	1.181319
25932	-1915.883	-2105.719	189.8359	1.717339	1.216971
25938	-1915.295	-2105.093	189.7988	1.778773	1.196169
25944	-1920.219	-2110.058	189.8395	1.738113	1.196169
25950	-1922.458	-2112.134	189.6762	1.595247	1.443077
25956	-1919.861	-2109.476	189.6156	1.570235	1.507823
25962	-1910.735	-2100.61	189.8743	1.618043	1.267879
25968	-1907.521	-2097.258	189.7368	1.641124	1.360296
25974	-1895.094	-2084.998	189.9041	1.871552	1.014988
25980	-1915.019	-2104.919	189.9002	1.80965	1.078021
25986	-1929.899	-2119.633	189.7342	1.789561	1.241764
25992	-1930.501	-2120.507	190.0064	1.824819	0.9586504
25998	-1933.466	-2123.484	190.0185	1.825125	0.9456484
26004	-1904.748	-2094.687	189.9393	2.068152	0.7434532
26010	-1907.606	-2097.563	189.9574	2.091928	0.6718767
26016	-1915.862	-2105.728	189.8657	2.185313	0.6686827
26022	-1918.625	-2108.583	189.9579	2.121208	0.6024748
26028	-1917.44	-2107.355	189.9149	2.121478	0.6959745
26034	-1928.976	-2118.907	189.93	2.128626	0.6529459
26040	-1908.75	-2098.585	189.8343	2.262831	0.5161112
26046	-1907.235	-2097.129	189.8936	2.16987	0.6423841
26052	-1917.05	-2106.701	189.6516	2.444587	0.4733705
26058	-1911.049	-2100.774	189.7251	2.370886	0.4720773
26064	-1907.259	-2097.187	189.9282	2.166745	0.4640233
26070	-1906.849	-2096.68	189.8302	2.094623	0.8541806
26076	-1902.798	-2092.681	189.8825	2.01032	0.8916312
26082	-1910.321	-2100.227	189.9064	2.053441	0.8102249
26088	-1902.741	-2092.685	189.9442	2.123475	0.632691
26094	-1894.486	-2084.435	189.9492	2.070297	0.7244939
26100	-1900.601	-2090.474	189.8728	2.146693	0.7244939
26106	-1903.429	-2093.445	190.0157	2.018848	0.6992789
26112	-1897.629	-2087.597	189.9686	2.003748	0.793701
26118	-1904.374	-2094.353	189.9782	1.944353	0.8569113
26124	-1906.043	-2095.815	189.7718	1.787359	1.211893
26130	-1916.369	-2106.181	189.8127	2.266678	0.6017853
26136	-1911.644	-2101.579	189.9354	2.092206	0.7112258
26142	-1905.109	-2094.978	189.8689	2.1187	0.7726322
26148	-1918.216	-2108.172	189.956	2.073059	0.708763
26154	-1910.212	-2100.207	189.9954	2.0405	0.6968702
26160	-1907.487	-2097.383	189.8956	2.151987	0.675249
26166	-1913.134	-2103.113	189.9784	2.069244	0.675249
26172	-1921.63	-2111.539	189.9087	1.968741	0.908965
26178	-1920.442	-2110.238	189.7955	2.094277	0.8951418
26184	-1908.823	-2098.791	189.9684	1.983069	0.8210842
26190	-1903.503	-2093.382	189.879	1.949278	0.9617949
26196	-1907.654	-2097.486	189.8313	1.952384	1.007084
26202	-1916.014	-2105.83	189.8167	1.854139	1.113944
26208	-1916.649	-2106.605	189.9561	1.593617	1.219894
26214	-1921.523	-2111.442	189.9188	1.911047	0.9601228
26220	-1923.345	-2113.258	189.9129	1.950081	0.9248224
26226	-1912.239	-2102.159	189.9202	1.801661	1.066741
26232	-1921.946	-2111.939	189.9936	1.863788	0.9308926
26238	-1926.017	-2115.928	189.911	1.722343	1.147508
26244	-1916.262	-2106.075	189.8136	1.812167	1.154238
26250	-1920.079	-2109.968	189.8896	1.812167	1.085557
26256	-1926.113	-2115.922	189.8091	1.855444	1.119601
26262	-1921.003	-2110.889	189.8858	1.938844	0.9655272
26268	-1913.123	-2103.064	189.9408	1.910054	0.9379132
26274	-1909.657	-2099.184	189.527	1.713158	1.466861
26280	-1923.654	-2113.548	189.8942	1.601312	1.265265
26286	-1902.784	-2092.313	189.5291	1.459931	1.651825
26292	-1918.065	-2108.006	189.9411	1.823045	1.026324
26298	-1909.338	-2099.321	189.9827	1.853957	0.9529526
26304	-1921.58	-2111.454	189.8734	1.694641	1.20433
26310	-1918.347	-2108.186	189.8387	2.021397	0.9280119
26316	-1916.059	-2105.85	189.7915	1.960449	1.03813
26322	-1911.56	-2101.021	189.4616	1.730489	1.503105
26328	-1903.09	-2092.618	189.528	1.664147	1.503105
26334	-1916.507	-2106.225	189.7182	1.737909	1.297603
26340	-1925.312	-2115.222	189.9097	1.724393	1.146843
26346	-1916.584	-2106.37	189.7853	1.667606	1.300202
26352	-1916.464	-2106.065	189.601	1.57768	1.513182
26358	-1920.659	-2110.345	189.6857	1.629203	1.409591
26364	-1917.135	-2107.018	189.883	1.663541	1.222612
26370	-1926.243	-2116.214	189.9708	1.972303	0.8316868
26376	-1917.179	-2107.013	189.8334	2.117393	0.8220097
26382	-1912.553	-2102.381	189.8275	2.060129	0.8975356
26388	-1921.913	-2111.909	189.9958	1.879827	0.9109335
26394	-1924.002	-2113.752	189.7494	1.978807	1.060764
26400	-1909.833	-2099.671	189.8376	1.978807	0.9740188
26406	-1917.398	-2107.312	189.9142	1.851747	1.024553
26412	-1916.902	-2106.868	189.9656	1.799426	1.025436
26418	-1921.706	-2111.55	189.8444	1.907882	1.037796
26424	-1905.632	-2095.077	189.4451	1.504361	1.680075
26430	-1908.646	-2097.636	188.9907	1.528632	1.976385
26436	-1913.473	-2102.578	189.1049	1.414416	1.976385
26442	-1906.88	-2095.985	189.1058	1.413488	1.976385
26448	-1919.498	-2108.025	188.5277	1.250185	2.455663
26454	-1910.967	-2099.287	188.3194	1.458421	2.455663
26460	-1912.346	-2101.142	188.7953	1.368669	2.209872
26466	-1914.939	-2103.814	188.875	1.510837	2.065042
26472	-1898.542	-2088.207	189.6649	1.684525	1.382718
26478	-1913.997	-2103.621	189.6234	1.726003	1.382718
26484	-1915.911	-2105.09	189.1794	1.604341	1.796387
26490	-1911.305	-2100.363	189.0579	1.410559	2.010287
26496	-1912.7	-2102.214	189.5145	1.677379	1.503266
26502	-1918.92	-2108.783	189.8624	2.122605	0.7762442
26508	-1920.655	-2110.507	189.8522	2.202758	0.660595
26514	-1916.676	-2106.525	189.849	1.747614	1.179689
26520	-1922.947	-2112.822	189.8751	2.008673	0.9018278
26526	-1914.042	-2103.966	189.9246	2.008673	0.8439105
26532	-1916.333	-2106.237	189.9039	2.15476	0.6528324
26538	-1924.841	-2114.615	189.7739	2.284735	0.6528324
26544	-1913.468	-2103.38	189.9126	2.116211	0.709127
26550	-1915.769	-2105.742	189.9733	2.045372	0.7259146
26556	-1916.766	-2106.641	189.8749	2.194056	0.6295379
26562	-1912.73	-2102.776	190.0465	1.661343	1.079871
26568	-1918.441	-2107.807	189.3653	1.656848	1.628007
26574	-1917.549	-2107.407	189.8577	1.915905	1.017016
26580	-1924.859	-2114.337	189.4781	1.690747	1.520447
26586	-1923.741	-2113.137	189.3967	1.550931	1.681387
26592	-1911.9	-2101.734	189.8348	2.223279	0.6541453
26598	-1918.733	-2108.563	189.8299	2.243396	0.6186972
26604	-1922.887	-2112.874	189.9867	2.026663	0.7342124
26610	-1916.345	-2106.251	189.9055	2.022076	0.8508422
26616	-1917.062	-2106.853	189.7903	2.022076	0.9781917
26622	-1937.597	-2126.908	189.311	1.5971	1.709418
26628	-1928.259	-2117.926	189.6669	1.589178	1.454774
26634	-1920.574	-2110.536	189.9624	1.955608	0.8623552
26640	-1922.581	-2111.894	189.3131	1.558272	1.735324
26646	-1930.068	-2118.884	188.8158	1.349028	2.209294
26652	-1943.938	-2132.795	188.8572	1.307703	2.209294
26658	-1932.268	-2120.962	188.6945	1.450525	2.222119
26664	-1906.258	-2096.018	189.7601	1.724718	1.27408
26670	-1908.864	-2098.64	189.7761	1.771789	1.221487
26676	-1919.659	-2109.502	189.8431	2.089164	0.8451396
26682	-1935.014	-2124.176	189.1624	1.601634	1.810065
26688	-1936.595	-2126.239	189.6442	1.699306	1.387335
26694	-1929.62	-2118.093	188.4732	1.29941	2.45894
26700	-1912.394	-2102.238	189.8435	1.73366	1.196547
26706	-1907.285	-2097.117	189.8315	1.731052	1.20906
26712	-1916.556	-2106.027	189.4715	1.746599	1.483568
26718	-1913.603	-2103.406	189.8032	1.878342	1.104209
26724	-1914.294	-2104.19	189.8966	1.828606	1.063635
26730	-1919.043	-2108.819	189.7763	1.95712	1.055825
26736	-1922.677	-2112.526	189.8485	1.948871	0.9934146
26742	-1917.498	-2107.161	189.6631	1.821047	1.274671
26748	-1911.174	-2101.1	189.9259	1.81227	1.051305
26754	-1913.335	-2103.158	189.8229	1.781912	1.172621
26760	-1925.839	-2115.256	189.4178	1.592948	1.636173
26766	-1916.11	-2105.683	189.5731	1.721985	1.424882
26772	-1920.522	-2110.014	189.4919	1.6679	1.527247
26778	-1922.345	-2111.46	189.115	1.566011	1.867089
26784	-1928.329	-2117.764	189.4349	1.550315	1.654571
26790	-1926.493	-2115.629	189.1366	1.452664	1.929359
26796	-1925.729	-2114.842	189.1128	1.476448	1.929359
26802	-1923.324	-2112.397	189.0727	1.391407	2.013229
26808	-1926.151	-2115.457	189.3054	1.497186	1.783371
26814	-1924.107	-2113.514	189.4071	1.596624	1.641246
26820	-1913.436	-2102.917	189.4811	1.562278	1.61264
26826	-1912.445	-2101.98	189.5349	1.55035	1.582131
26832	-1915.387	-2105.098	189.7106	1.832221	1.225774
26838	-1920.308	-2110.121	189.8132	1.988372	0.9891275
26844	-1931.351	-2120.882	189.5303	1.775266	1.416811
26850	-1922.944	-2112.635	189.6912	1.842066	1.233812
26856	-1922.228	-2112.161	189.9329	1.852471	1.005442
26862	-1926.666	-2116.481	189.8154	1.792314	1.170056
26868	-1914.277	-2103.742	189.4649	1.611201	1.588819
26874	-1920.646	-2110.149	189.503	1.548077	1.607057
26880	-1905.893	-2095.497	189.6046	1.644335	1.460207
26886	-1905.968	-2095.636	189.6676	1.724329	1.349193
26892	-1914.064	-2103.687	189.6235	1.727796	1.381199
26898	-1912.037	-2101.697	189.6598	1.691519	1.381199
26904	-1920.508	-2110.417	189.9093	1.946824	0.9322237
26910	-1916.519	-2106.406	189.8866	1.969588	0.9322237
26916	-1924.409	-2114.379	189.9704	1.969588	0.8355386
26922	-1927.472	-2117.446	189.9738	1.751271	1.063789
26928	-1919.171	-2109.131	189.9599	2.012774	0.7931829
26934	-1921.38	-2111.35	189.9694	2.003307	0.7931829
26940	-1914.361	-2104.239	189.878	2.150861	0.7090083
26946	-1916.246	-2106.174	189.9285	1.95724	0.8996545
26952	-1923.794	-2112.652	188.8582	1.388553	2.156191
26958	-1904.692	-2093.284	188.5916	1.396273	2.322834
26964	-1910.062	-2098.736	188.674	1.356609	2.295597
26970	-1907.648	-2096.59	188.9419	1.412873	2.085497
26976	-1903.73	-2092.803	189.0729	1.481612	1.952732
26982	-1907.45	-2097.067	189.6171	1.62618	1.464483
26988	-1909.628	-2098.936	189.3087	1.621386	1.693857
26994	-1910.912	-2100.198	189.2856	1.575627	1.742401
27000	-1918.65	-2108.674	190.0239	1.881986	0.8765786
27006	-1928.989	-2118.764	189.7746	1.820971	1.180642
27012	-1922.716	-2112.657	189.9405	1.993065	0.843551
27018	-1923.068	-2112.886	189.8185	1.866221	1.101293
27024	-1924.174	-2114.024	189.8507	1.869328	1.068527
27030	-1933.031	-2122.309	189.2779	1.614688	1.720393
27036	-1930.706	-2120.305	189.5987	1.741629	1.389817
27042	-1922.406	-2111.948	189.5412	1.840917	1.356955
27048	-1921.54	-2111.067	189.5269	1.61874	1.537709
27054	-1911.52	-2101.146	189.6262	1.628963	1.455507
27060	-1908.443	-2097.87	189.4274	1.625091	1.605993
27066	-1910.439	-2099.956	189.517	1.694491	1.488581
27072	-1904.52	-2094.262	189.7417	1.75038	1.268153
27078	-1912.965	-2102.875	189.9094	1.844315	1.036391
27084	-1906.984	-2096.921	189.937	2.126836	0.6415629
27090	-1923.065	-2113.038	189.973	1.932522	0.8769962
27096	-1912.136	-2102.12	189.9834	1.932522	0.8648635
27102	-1905.128	-2094.975	189.8467	2.060069	0.8755106
27108	-1905.309	-2095.258	189.9484	1.898256	0.9424351
27114	-1901.145	-2091.098	189.9533	1.772905	1.062669
27120	-1897.905	-2087.997	190.0919	1.875417	0.800426
27126	-1903.954	-2093.915	189.9616	2.005737	0.800426
27132	-1901.381	-2091.348	189.9669	1.943867	0.8708368
27138	-1911.188	-2101.197	190.0087	1.922727	0.8462037
27144	-1922.164	-2111.817	189.653	1.737613	1.350247
27150	-1912.057	-2101.704	189.6475	1.674247	1.404246
27156	-1907.053	-2097.018	189.9653	1.776911	1.047513
27162	-1905.86	-2095.721	189.8605	2.022068	0.9031582
27168	-1910.487	-2100.465	189.978	1.904656	0.9031582
27174	-1916.072	-2106.038	189.9656	1.812995	1.012125
27180	-1913.142	-2103.012	189.8699	1.862635	1.056699
27186	-1907.237	-2097.188	189.9507	1.855364	0.9845655
27192	-1893.455	-2083.535	190.0793	1.748047	0.9627276
27198	-1891.084	-2081.014	189.9303	1.781159	1.076549
27204	-1906.096	-2095.461	189.3656	1.681854	1.609709
27210	-1900.34	-2090.18	189.8403	1.745491	1.189117
27216	-1906.003	-2095.8	189.797	1.788726	1.189117
27222	-1910.637	-2100.602	189.9651	1.89875	0.923872
27228	-1914.326	-2104.211	189.8846	2.107944	0.7655224
27234	-1925.676	-2115.573	189.8971	2.033892	0.8466237
27240	-1920.856	-2110.659	189.8038	2.262582	0.6356018
27246	-1919.847	-2109.719	189.8722	2.216741	0.5690379
27252	-1912.923	-2102.873	189.9504	2.072346	0.7193058
27258	-1906.798	-2096.74	189.942	2.065571	0.7431637
27264	-1897.03	-2086.926	189.896	2.096727	0.7652227
27270	-1899.632	-2089.555	189.9233	2.15379	0.6082833
27276	-1894.553	-2084.442	189.8886	2.185751	0.6158598
27282	-1902.59	-2092.479	189.8886	2.185751	0.6158598
27288	-1905.922	-2096.005	190.0835	1.908079	0.76696
27294	-1909.826	-2099.512	189.6867	1.789738	1.280975
27300	-1915.495	-2105.22	189.7248	1.751653	1.280975
27306	-1908.295	-2098.263	189.9676	1.69453	1.121809
27312	-1913.343	-2102.867	189.5239	1.702521	1.4773
27318	-1913.593	-2103.059	189.4661	1.614509	1.585546
27324	-1918.963	-2108.286	189.3235	1.614509	1.688193
27330	-1916.854	-2106.475	189.6218	1.626697	1.460567
27336	-1915.69	-2104.889	189.1985	1.524413	1.838406
27342	-1925.937	-2115.195	189.2583	1.464549	1.838406
27348	-1920.887	-2110.125	189.2383	1.484552	1.838406
27354	-1918.066	-2107.665	189.5989	1.651018	1.459458
27360	-1925.427	-2115.363	189.9362	1.96302	0.8842896
27366	-1910.442	-2100.305	189.8625	1.968863	0.9585756
27372	-1918.582	-2108.402	189.8191	1.747756	1.205332
27378	-1911.892	-2101.516	189.6233	1.754664	1.360227
27384	-1914.206	-2103.992	189.7854	1.692995	1.279377
27390	-1919.795	-2109.694	189.8989	1.829349	1.060756
27396	-1911.195	-2101.087	189.8917	1.90807	0.9909469
27402	-1906.743	-2096.677	189.9338	1.936502	0.9168012
27408	-1908.85	-2098.745	189.8946	2.114238	0.7412741
27414	-1912.946	-2102.858	189.9123	2.096519	0.7412741
27420	-1913.94	-2103.759	189.8191	1.767233	1.188585
27426	-1912.727	-2102.553	189.8262	1.784003	1.167922
27432	-1914.404	-2104.139	189.7346	1.614861	1.382661
27438	-1928.911	-2118.298	189.3864	1.746774	1.546975
27444	-1917.076	-2106.953	189.8766	1.773822	1.132338
27450	-1916.359	-2105.635	189.2767	1.595066	1.73505
27456	-1916.299	-2106.096	189.7971	1.575199	1.364743
27462	-1920.755	-2110.633	189.8781	1.878175	1.033986
27468	-1917.547	-2107.287	189.7399	1.869241	1.168789
27474	-1920.085	-2109.964	189.879	1.977133	0.9322697
27480	-1910.879	-2100.735	189.8563	2.030318	0.8986749
27486	-1913.895	-2103.823	189.9283	2.087214	0.7309348
27492	-1919.14	-2109.065	189.9249	2.116341	0.6873122
27498	-1911.203	-2101.219	190.016	1.881361	0.8864152
27504	-1908.937	-2098.823	189.8861	1.821558	1.080078
27510	-1923.823	-2113.673	189.8503	1.929856	1.010604
27516	-1929.108	-2118.916	189.808	1.843128	1.131647
27522	-1911.772	-2101.482	189.7097	1.753813	1.291569
27528	-1902.758	-2092.606	189.8475	1.783002	1.150007
27534	-1913.182	-2103.049	189.8671	1.945384	0.9780561
27540	-1913.411	-2103.405	189.9939	1.88473	0.9076421
27546	-1911.997	-2101.712	189.7152	1.861311	1.197094
27552	-1908.537	-2098.399	189.8616	1.917344	1.011742
27558	-1921.721	-2111.548	189.8273	2.105887	0.8439682
27564	-1912.045	-2102.027	189.9824	1.922579	0.8775964
27570	-1917.862	-2107.768	189.906	1.894682	0.9900272
27576	-1916.528	-2106.449	189.9212	1.880374	0.9891303
27582	-1913.512	-2103.432	189.92	2.025004	0.8293199
27588	-1915.741	-2105.649	189.9078	2.076078	0.7778003
27594	-1907.638	-2097.422	189.7838	2.311741	0.532896
27600	-1910.119	-2099.942	189.8231	2.264384	0.5745987
27606	-1914.661	-2104.688	190.0265	1.967981	0.7627144
27612	-1905.257	-2095.284	190.0265	1.967981	0.7627144
27618	-1913.347	-2103.346	189.9996	1.931304	0.8467871
27624	-1916.069	-2106.038	189.9688	2.054374	0.7184626
27630	-1932.449	-2121.146	188.6969	1.458216	2.21557
27636	-1925.856	-2114.67	188.8145	1.334736	2.219394
27642	-1922.95	-2112.754	189.8042	2.290685	0.5383453
27648	-1914.613	-2104.415	189.8013	2.226469	0.7108918
27654	-1911.587	-2101.396	189.8088	2.288192	0.5180146
27660	-1909.268	-2099.153	189.8845	2.168148	0.6653434
27666	-1922.742	-2112.493	189.7507	2.345973	0.52176
27672	-1921.429	-2111.305	189.8761	1.641201	1.247209
27678	-1915.294	-2104.666	189.372	1.516024	1.723577
27684	-1904.306	-2094.005	189.6995	2.380611	0.4122395
27690	-1911.429	-2101.113	189.6831	1.710761	1.347617
27696	-1905.992	-2095.799	189.807	1.801201	1.169663
27702	-1916.552	-2106.232	189.6795	1.872564	1.217964
27708	-1905.177	-2095.069	189.8924	1.820375	1.07534
27714	-1906.808	-2096.805	189.9965	1.833021	0.9604796
27720	-1912.122	-2102.022	189.9001	1.752233	1.130639
27726	-1902.002	-2092.005	190.0028	1.795422	0.9925684
27732	-1916.408	-2106.097	189.689	1.824468	1.250385
27738	-1918.235	-2108.127	189.8915	1.918	0.98114
27744	-1924.835	-2114.79	189.9551	1.916622	0.9152241
27750	-1923.692	-2113.564	189.8724	2.111391	0.7779156
27756	-1929.032	-2118.935	189.9031	2.036243	0.8364004
27762	-1926.957	-2116.7	189.7435	1.966777	1.077655
27768	-1916.75	-2106.545	189.795	1.765599	1.21067
27774	-1916.1	-2105.676	189.5757	1.762236	1.391708
27780	-1915.512	-2105.103	189.5913	1.597463	1.505613
27786	-1907.111	-2097.002	189.8915	1.677583	1.203458
27792	-1908.234	-2098.023	189.7889	1.634326	1.324164
27798	-1903.638	-2093.169	189.5309	1.556187	1.580809
27804	-1908.294	-2097.45	189.1552	1.591215	1.822216
27810	-1905.413	-2094.691	189.2781	1.474079	1.818265
27816	-1909.833	-2099.096	189.2628	1.616963	1.729369
27822	-1908.992	-2098.984	189.9914	1.880756	0.914763
27828	-1911.206	-2101.119	189.9128	1.845658	1.031788
27834	-1919.94	-2109.397	189.4564	1.796209	1.457438
27840	-1916.76	-2106.598	189.8381	1.856062	1.092608
27846	-1901.999	-2091.915	189.9164	1.927945	0.944911
27852	-1920.521	-2109.978	189.457	1.632631	1.57899
27858	-1921.985	-2112.038	190.0531	1.632631	1.100347
27864	-1909.295	-2099.204	189.9093	2.122473	0.703999
27870	-1908.687	-2098.758	190.0713	1.910305	0.7809932
27876	-1909.992	-2100.094	190.1017	1.893734	0.7612996
27882	-1900.811	-2090.893	190.0812	1.752829	0.9557009
27888	-1909.554	-2099.423	189.8692	1.775338	1.137605
27894	-1911.473	-2101.304	189.8307	1.637519	1.287737
27900	-1920.8	-2110.542	189.7421	1.567333	1.413857
27906	-1907.331	-2097.135	189.8034	1.631692	1.314596
27912	-1904.024	-2093.968	189.9442	1.753041	1.089738
27918	-1912.931	-2102.871	189.9401	1.969757	0.8719258
27924	-1920.088	-2109.956	189.8678	1.822896	1.095788
27930	-1918.558	-2108.432	189.8746	1.98588	0.9274953
27936	-1927.161	-2117.171	190.0097	1.850843	0.9274953
27942	-1923.06	-2113.018	189.9575	1.888778	0.9428197
27948	-1923.104	-2113.08	189.9757	1.81623	0.998855
27954	-1908.61	-2098.572	189.9626	1.892737	0.933125
27960	-1909.336	-2099.238	189.9027	1.926288	0.9610203
27966	-1910.164	-2100.121	189.9575	1.694795	1.130589
27972	-1919.823	-2109.316	189.4927	1.679488	1.518026
27978	-1915.528	-2105.503	189.975	1.838817	0.9766902
27984	-1916.312	-2105.868	189.5559	1.517179	1.591031
27990	-1929.088	-2118.868	189.7797	1.766055	1.223317
27996	-1933.317	-2123.174	189.8574	1.688361	1.223317
28002	-1933.302	-2122.813	189.5108	1.681739	1.50281
28008	-1917.435	-2107.034	189.5989	1.743722	1.388031
28014	-1919.917	-2109.646	189.7289	1.620495	1.382698
28020	-1920.582	-2110.338	189.7563	1.669644	1.322005
28026	-1927.165	-2116.786	189.6209	1.690869	1.412026
28032	-1914.917	-2104.885	189.9673	2.070305	0.6937746
28038	-1906.726	-2096.722	189.9964	2.076745	0.6188943
28044	-1906.29	-2096.286	189.9963	2.050942	0.6758989
28050	-1903.389	-2093.439	190.0502	1.978354	0.709543
28056	-1907.352	-2097.277	189.9253	1.842618	1.022616
28062	-1907.483	-2097.453	189.9706	2.081124	0.6672631
28068	-1910.04	-2100	189.9603	2.06526	0.7145905
28074	-1927.503	-2117.174	189.6707	2.426676	0.5115534
28080	-1930.869	-2120.007	189.1379	1.461319	1.922651
28086	-1933.119	-2122.524	189.4045	1.461319	1.739168
28092	-1918.831	-2108.53	189.6986	2.394656	0.4548622
28098	-1918.454	-2107.943	189.489	2.573406	0.3788054
28104	-1917.733	-2107.369	189.6351	2.436403	0.3942888
28110	-1918.872	-2108.81	189.9379	1.969981	0.874275
28116	-1909.046	-2099.085	190.0397	1.981348	0.7220375
28122	-1928.075	-2117.95	189.875	2.149454	0.7164757
28128	-1905.84	-2095.533	189.6933	2.4023	0.468985
28134	-1905.115	-2094.7	189.5849	2.491638	0.4042544
28140	-1902.224	-2091.958	189.7344	2.326661	0.376689
28146	-1913.774	-2103.278	189.5044	2.512822	0.3253163
28152	-1913.287	-2103.19	189.9038	2.163533	0.6334406
28158	-1911.614	-2101.455	189.8409	2.229721	0.6253316
28164	-1913.281	-2102.824	189.5434	2.508282	0.3632667
28170	-1927.827	-2117.666	189.8398	2.154004	0.7636985
28176	-1924.093	-2114.082	189.9884	1.95192	0.8352052
28182	-1932.873	-2122.767	189.894	1.761137	1.128126
28188	-1933.155	-2122.816	189.6607	1.8817	1.22608
28194	-1910.942	-2100.852	189.9095	2.067431	0.787445
28200	-1912.024	-2101.875	189.8506	2.174612	0.7150928
28206	-1916.755	-2106.769	190.0146	2.03319	0.6749195
28212	-1907.759	-2097.724	189.9642	2.098127	0.6448539
28218	-1910.132	-2100.042	189.9096	2.152696	0.6448539
28224	-1913.153	-2102.973	189.8199	2.266082	0.5803409
28230	-1914.741	-2104.543	189.8023	2.291608	0.5443616
28236	-1915.643	-2105.435	189.7919	2.302013	0.5443616
28242	-1909.638	-2099.691	190.0532	1.917954	0.7953296
28248	-1912.127	-2101.949	189.8219	2.022552	0.9447811
28254	-1927.706	-2117.555	189.8492	1.776171	1.154575
28260	-1903.651	-2093.627	189.976	1.998535	0.7907309
28266	-1911.327	-2101.352	190.0244	1.976882	0.7527364
28272	-1900.875	-2090.786	189.9111	2.030457	0.8335709
28278	-1897.908	-2087.755	189.8465	1.911567	1.03218
28284	-1908.307	-2098.305	189.9979	1.879426	0.9090174
28290	-1905.841	-2095.74	189.8986	1.912849	0.9790971
28296	-1905.822	-2095.573	189.7504	1.78046	1.235812
28302	-1901.336	-2090.733	189.397	1.677423	1.590063
28308	-1905.469	-2095.256	189.7865	1.702736	1.270469
28314	-1917.306	-2107.202	189.8968	1.936253	0.9567372
28320	-1919.64	-2109.316	189.6756	1.81631	1.268288
28326	-1912.162	-2101.687	189.5248	1.700916	1.477788
28332	-1908.914	-2098.769	189.8551	1.956273	0.9791867
28338	-1917.493	-2107.395	189.9026	1.919273	0.9683611
28344	-1917.995	-2107.901	189.9062	1.987333	0.8908595
28350	-1915.432	-2104.143	188.7109	1.414293	2.234898
28356	-1909.36	-2098.8	189.4403	1.583204	1.626985
28362	-1906.579	-2095.854	189.2752	1.502969	1.800305
28368	-1906.268	-2095.502	189.2337	1.574629	1.779329
28374	-1928.085	-2118.1	190.0155	1.929246	0.8296216
28380	-1907.99	-2097.658	189.6684	1.747837	1.329758
28386	-1910.407	-2099.891	189.4839	1.6702	1.531452
28392	-1926.771	-2116.632	189.8614	1.891813	1.036947
28398	-1924.525	-2114.312	189.7866	1.895922	1.103312
28404	-1919.402	-2109.368	189.9664	1.71606	1.103287
28410	-1907.207	-2097.016	189.8092	1.734831	1.224772
28416	-1918.4	-2108.014	189.6143	1.634308	1.460468
28422	-1915.783	-2105.028	189.2454	1.505259	1.819316
28428	-1908.457	-2097.59	189.1328	1.488416	1.907715
28434	-1918.101	-2107.325	189.2248	1.411101	1.897818
28440	-1923.308	-2113.292	189.9839	1.849262	0.9566438
28446	-1913.347	-2103.02	189.6731	1.818165	1.268769
28452	-1922.606	-2112.416	189.8101	1.81103	1.158267
28458	-1924.611	-2114.324	189.7127	1.836965	1.219991
28464	-1914.609	-2104.399	189.7899	1.824634	1.16412
28470	-1917.76	-2107.022	189.2614	1.440229	1.852969
28476	-1907.207	-2096.516	189.3087	1.392942	1.852969
28482	-1920.574	-2110.224	189.6493	1.636152	1.432283
28488	-1922.734	-2112.396	189.6612	1.624269	1.432283
28494	-1929.255	-2118.114	188.8585	1.250208	2.245499
28500	-1920.838	-2109.468	188.63	1.385127	2.305494
28506	-1906.514	-2095.936	189.422	1.541024	1.670389
28512	-1923.612	-2112.884	189.2719	1.39154	1.879034
28518	-1923.549	-2112.491	188.9424	1.228567	2.205371
28524	-1933.717	-2122.248	188.5315	1.415608	2.348818
28530	-1925.936	-2115.704	189.7677	1.679579	1.304761
28536	-1923.168	-2112.955	189.7867	1.637542	1.32333
28542	-1913.832	-2103.49	189.6581	1.626223	1.433178
28548	-1913.013	-2102.769	189.7567	1.668759	1.322344
28554	-1912.865	-2102.612	189.7472	1.678344	1.322344
28560	-1918.217	-2108.075	189.8575	1.872636	1.058972
28566	-1925.284	-2115.36	190.0765	1.743879	0.9698982
28572	-1927.492	-2117.198	189.7055	1.535713	1.466108
28578	-1935.934	-2125.702	189.7686	1.51724	1.431995
28584	-1907.401	-2097.265	189.8641	1.835061	1.088002
28590	-1921.565	-2111.332	189.7666	1.932485	1.088002
28596	-1918.439	-2108.169	189.7304	1.699871	1.318484
28602	-1907.723	-2097.572	189.849	1.827189	1.10904
28608	-1907.21	-2097.008	189.7973	1.819015	1.162515
28614	-1923.935	-2113.485	189.5504	1.728783	1.437141
28620	-1913.702	-2103.6	189.8972	2.12223	0.7245501
28626	-1905.272	-2095.166	189.8945	2.167678	0.6452305
28632	-1910.807	-2100.73	189.9224	2.066748	0.7704261
28638	-1911.251	-2101.127	189.8764	2.169822	0.6778771
28644	-1919.143	-2108.404	189.2613	1.683552	1.683344
28650	-1911.718	-2101.099	189.3808	1.56412	1.683344
28656	-1923.259	-2112.735	189.4761	1.468789	1.683344
28662	-1908.073	-2097.39	189.3172	1.62291	1.686708
28668	-1918.233	-2107.826	189.5931	1.627561	1.481626
28674	-1913.198	-2102.931	189.733	1.790556	1.241962
28680	-1911.086	-2100.968	189.8822	1.922027	0.9864422
28686	-1903.493	-2093.475	189.9819	1.922027	0.8788521
28692	-1897.891	-2087.848	189.957	1.861359	0.9719794
28698	-1902.877	-2092.61	189.7325	1.848471	1.193251
28704	-1911.197	-2100.798	189.6005	1.83484	1.314451
28710	-1906.646	-2096.561	189.9145	1.832183	1.043192
28716	-1918.994	-2108.767	189.7726	1.880507	1.129949
28722	-1916.121	-2105.828	189.7065	1.724736	1.317713
28728	-1908.102	-2097.896	189.7935	1.714952	1.254543
28734	-1911.058	-2101.062	190.0033	1.934734	0.8380013
28740	-1918.583	-2108.129	189.5461	1.619156	1.52314
28746	-1928.211	-2117.599	189.388	1.658143	1.610644
28752	-1915.265	-2105.135	189.8709	2.15761	0.7096841
28758	-1915.632	-2105.648	190.0156	2.015966	0.7044137
28764	-1929.92	-2119.333	189.4126	1.602147	1.633333
28770	-1924.795	-2114.62	189.8254	1.966123	0.9992648
28776	-1928.543	-2118.399	189.8562	1.943795	0.9907852
28782	-1916.396	-2106.271	189.8749	1.997509	0.914547
28788	-1917.923	-2107.556	189.6331	1.659775	1.426613
28794	-1909.027	-2098.832	189.8056	1.568467	1.363317
28800	-1910.749	-2100.427	189.6783	1.633002	1.412369
28806	-1905.426	-2095.092	189.6659	1.670795	1.392677
28812	-1918.446	-2108.331	189.8841	2.082789	0.8010417
28818	-1924.875	-2114.762	189.887	2.079832	0.8010417
28824	-1927.257	-2117.129	189.8719	1.852643	1.064259
28830	-1924.826	-2114.761	189.9348	1.748797	1.102252
28836	-1920.591	-2110.616	190.0246	1.775793	0.9903145
28842	-1922.564	-2112.534	189.9694	1.763929	1.055904
28848	-1916.697	-2106.649	189.9515	1.842645	0.996649
28854	-1912.008	-2101.96	189.9523	1.859941	0.9782985
28860	-1908.904	-2098.783	189.8782	2.199166	0.6075937
28866	-1913.238	-2103.081	189.8426	2.215422	0.6542186
28872	-1922.333	-2112.238	189.9053	2.064852	0.7966528
28878	-1921.737	-2111.804	190.0672	1.902989	0.7966528
28884	-1923.622	-2113.268	189.6459	1.698168	1.386859
28890	-1918.243	-2108.101	189.8584	1.710921	1.203269
28896	-1929.726	-2119.411	189.6852	1.794116	1.27859
28902	-1928.952	-2119.003	190.0505	1.885953	0.8399994
28908	-1932.481	-2122.421	189.9403	2.104621	0.6804174
28914	-1922.552	-2112.359	189.8074	1.930831	1.051312
28920	-1904.739	-2094.738	189.9993	1.846442	0.9433431
28926	-1923.142	-2113.002	189.8605	1.846442	1.080743
28932	-1919.348	-2109.222	189.8737	1.833272	1.080743
28938	-1913.803	-2103.745	189.9415	1.723151	1.119543
28944	-1919.004	-2108.799	189.7955	2.300345	0.5307124
28950	-1930.73	-2119.699	188.9695	1.658594	1.90309
28956	-1921.078	-2110.395	189.3163	1.590296	1.710481
28962	-1917.308	-2107.029	189.7207	1.552092	1.442005
28968	-1921.645	-2110.94	189.2943	1.450585	1.823264
28974	-1921.407	-2110.521	189.114	1.451743	1.945176
28980	-1909.818	-2098.187	188.3684	1.190864	2.591974
28986	-1916.74	-2106.371	189.6313	1.388197	1.629902
28992	-1905.446	-2094.927	189.4807	1.538797	1.629902
28998	-1919.911	-2109.601	189.6898	1.584152	1.441126
29004	-1913.429	-2102.695	189.2652	1.507567	1.804018
29010	-1920.12	-2109.968	189.8487	1.709239	1.212917
29016	-1913.731	-2103.57	189.8387	1.918168	1.033333
29022	-1909.158	-2099.018	189.8605	1.675704	1.231347
29028	-1910.281	-2099.332	189.051	1.478432	1.969555
29034	-1923.593	-2112.186	188.5932	1.341474	2.356695
29040	-1910.843	-2100.845	190.0022	1.877331	0.9066025
29046	-1920.459	-2110.393	189.9343	1.899058	0.9564329
29052	-1917.871	-2107.706	189.8348	1.885952	1.067793
29058	-1918.025	-2107.893	189.8682	1.782626	1.131944
29064	-1915.792	-2105.685	189.8932	1.829586	1.065903
29070	-1925.918	-2114.614	188.696	1.35513	2.282435
29076	-1921.588	-2110.936	189.3474	1.485342	1.762323
29082	-1926.45	-2116.38	189.93	1.618328	1.221139
29088	-1916.795	-2106.221	189.4261	1.630318	1.603182
29094	-1909.994	-2099.621	189.6264	1.568945	1.500662
29100	-1915.888	-2105.051	189.1631	1.596637	1.813045
29106	-1914.022	-2103.221	189.1996	1.509049	1.848148
29112	-1929.594	-2118.639	189.0441	1.557627	1.920918
29118	-1923.104	-2112.567	189.4635	1.549061	1.634906
29124	-1908.923	-2098.492	189.5692	1.682367	1.45818
29130	-1911.378	-2101.034	189.6561	1.597987	1.456268
29136	-1922.882	-2112.639	189.7572	1.614517	1.365194
29142	-1907.886	-2096.885	188.9985	1.376255	2.072381
29148	-1914.945	-2104.031	189.0853	1.482474	1.943853
29154	-1912.896	-2102.318	189.4215	1.652938	1.590044
29160	-1905.461	-2095.103	189.6412	1.762259	1.340006
29166	-1899.517	-2089.176	189.6591	1.555392	1.486298
29172	-1906.453	-2096.133	189.6799	1.684338	1.371074
29178	-1906	-2095.579	189.5786	1.473619	1.606198
29184	-1918.832	-2108.521	189.6897	2.406939	0.4779323
29190	-1925.879	-2115.506	189.6274	1.523819	1.533588
29196	-1910.98	-2100.555	189.5744	1.523819	1.57269
29202	-1898.755	-2087.69	188.9352	1.464401	2.055993
29208	-1904.302	-2093.55	189.2483	1.440438	1.861809
29214	-1907.992	-2097.365	189.3732	1.493107	1.738843
29220	-1915.985	-2105.418	189.4336	2.582613	0.3243747
29226	-1910.524	-2100.042	189.5171	2.534811	0.3636148
29232	-1908.6	-2097.788	189.1885	1.472748	1.880543
29238	-1914.882	-2104.237	189.3553	1.661898	1.63156
29244	-1913.783	-2103.377	189.5941	1.511148	1.567537
29250	-1932.679	-2122.565	189.8865	1.959497	0.9430794
29256	-1919.651	-2109.503	189.8519	1.989764	0.9476553
29262	-1912.583	-2102.459	189.8759	1.793053	1.115633
29268	-1927.429	-2117.226	189.7978	2.015057	0.9777178
29274	-1908.793	-2098.182	189.3885	1.600274	1.652019
29280	-1914.411	-2103.989	189.5783	1.713216	1.427644
29286	-1905.673	-2095.197	189.524	1.701581	1.477927
29292	-1914.335	-2103.839	189.5034	1.435566	1.687531
29298	-1924.499	-2114.264	189.7645	1.72586	1.269544
29304	-1926.438	-2116.266	189.8288	2.2289	0.654881
29310	-1916.032	-2105.978	189.9456	2.113798	0.6511982
29316	-1913.312	-2103.185	189.8735	2.142214	0.7306398
29322	-1907.668	-2097.57	189.9016	2.114075	0.7306398
29328	-1904.543	-2094.555	190.0127	2.002944	0.7306398
29334	-1910.477	-2100.379	189.9013	1.887796	1.001706
29340	-1926.435	-2116.002	189.5664	1.503694	1.593252
29346	-1923.763	-2113.269	189.5055	1.645274	1.533916
29352	-1941.301	-2130.32	189.0197	1.573517	1.926709
29358	-1930.498	-2120.006	189.5089	1.612787	1.555442
29364	-1920.849	-2110.211	189.3621	1.436157	1.786345
29370	-1918.646	-2108.508	189.8621	2.003262	0.9222017
29376	-1909.183	-2099.089	189.9062	1.849791	1.034243
29382	-1901.293	-2091.092	189.7983	1.786375	1.190014
29388	-1897.375	-2087.358	189.9837	1.908992	0.8918208
29394	-1903.657	-2093.138	189.4811	1.652981	1.546251
29400	-1905.763	-2095.265	189.5019	1.665227	1.521759
29406	-1907.627	-2097.134	189.5072	1.612166	1.557104
29412	-1916.973	-2106.332	189.3589	1.46365	1.76943
29418	-1914.1	-2103.501	189.4003	1.422292	1.76943
29424	-1916.019	-2104.554	188.5356	1.297867	2.420714
29430	-1917.209	-2106.244	189.0353	1.451861	1.997819
29436	-1909.587	-2099.099	189.5113	1.605827	1.558799
29442	-1907.939	-2097.68	189.741	1.739543	1.277604
29448	-1894.211	-2083.847	189.6357	1.666933	1.419062
29454	-1901.805	-2091.307	189.5019	1.70929	1.488783
29460	-1907.325	-2096.898	189.5728	1.736572	1.413889
29466	-1914.878	-2104.8	189.9221	1.912828	0.9547936
29472	-1908.512	-2098.458	189.946	1.785691	1.057547
29478	-1910.042	-2099.485	189.4432	1.70163	1.538302
29484	-1904.727	-2094.494	189.766	1.611792	1.360366
29490	-1909.203	-2098.934	189.7312	1.534534	1.447407
29496	-1906.778	-2095.813	189.0349	1.376509	2.048153
29502	-1906.687	-2095.973	189.2866	1.497512	1.796178
29508	-1910.57	-2100.313	189.7428	1.649957	1.348498
29514	-1914.036	-2103.62	189.5845	1.404818	1.651633
29520	-1926.45	-2115.706	189.2557	1.526312	1.7976
29526	-1921.208	-2109.757	188.5493	1.4461	2.318065
29532	-1904.01	-2093.326	189.316	1.613153	1.694541
29538	-1916.337	-2105.887	189.5492	1.72797	1.438663
29544	-1916.404	-2106.017	189.6135	1.669233	1.434367
29550	-1912.316	-2101.809	189.4925	1.571823	1.597413
29556	-1908.237	-2097.833	189.5965	1.658425	1.455653
29562	-1914.713	-2104.203	189.4901	1.603351	1.576144
29568	-1909.204	-2098.675	189.4717	1.621811	1.576144
29574	-1913.539	-2103.221	189.6816	1.601516	1.434098
29580	-1911.121	-2100.756	189.6344	1.652312	1.43132
29586	-1917.621	-2106.828	189.2069	1.642975	1.750352
29592	-1917.786	-2107.441	189.6543	1.642784	1.423358
29598	-1909.763	-2098.84	189.0777	1.584255	1.880073
29604	-1904.337	-2094.166	189.8291	2.037659	0.9206589
29610	-1903.221	-2093.147	189.9262	1.93411	0.9277808
29616	-1909.318	-2099.178	189.8599	1.985383	0.9438247
29622	-1912.303	-2102.224	189.9213	1.93328	0.9338827
29628	-1920.544	-2110.381	189.8371	1.881214	1.070077
29634	-1913.497	-2102.327	188.8305	1.432502	2.145589
29640	-1907.769	-2096.991	189.2219	1.574558	1.78763
29646	-1901.505	-2091.282	189.7764	1.650732	1.321027
29652	-1906.862	-2096.161	189.2984	1.678155	1.660714
29658	-1901.819	-2090.777	188.9582	1.50831	2.011635
29664	-1907.665	-2096.984	189.3196	1.608066	1.695595
29670	-1906.381	-2095.727	189.3465	1.581129	1.695595
29676	-1912.024	-2101.47	189.4457	1.467184	1.706064
29682	-1916.666	-2105.452	188.7858	1.253186	2.290236
29688	-1920.969	-2110.099	189.1295	1.545176	1.871398
29694	-1913.731	-2102.86	189.1292	1.405728	1.965914
29700	-1910.064	-2099.681	189.617	1.523328	1.541674
29706	-1914.549	-2104.485	189.9361	1.947624	0.9019573
29712	-1921.695	-2111.335	189.6403	1.796408	1.313281
29718	-1916.206	-2105.932	189.7264	1.772274	1.262657
29724	-1928.343	-2118.071	189.7272	1.829464	1.213992
29730	-1924.275	-2114.317	190.042	1.679333	1.067293
29736	-1927.041	-2117.01	189.9689	2.006941	0.7889132
29742	-1925.875	-2115.77	189.8954	2.09651	0.7664359
29748	-1918.134	-2107.984	189.8502	2.208568	0.6525746
29754	-1920.863	-2110.753	189.8897	2.185844	0.612612
29760	-1908.731	-2098.635	189.9038	2.148806	0.6654156
29766	-1906.601	-2096.558	189.9577	2.062321	0.7237045
29772	-1906.084	-2096.024	189.9395	2.086883	0.713173
29778	-1906.258	-2096.194	189.9358	2.152848	0.5700869
29784	-1913.114	-2103.156	190.0413	2.003536	0.680492
29790	-1910.771	-2100.648	189.8766	1.799026	1.109541
29796	-1905.077	-2094.967	189.8899	1.984506	0.9123181
29802	-1916.979	-2106.872	189.8926	2.142141	0.6989386
29808	-1915.773	-2105.591	189.8181	2.243069	0.6473904
29814	-1919.75	-2109.503	189.7525	2.344983	0.4911226
29820	-1914.779	-2104.552	189.7729	2.32453	0.489502
29826	-1912.964	-2102.696	189.732	2.364804	0.4792964
29832	-1913.532	-2103.326	189.7944	2.276312	0.6251682
29838	-1921.859	-2111.654	189.7951	2.230243	0.7149946
29844	-1922.779	-2112.71	189.9307	1.7714	1.085217
29850	-1921.344	-2111.255	189.9107	2.185875	0.5231665
29856	-1921.566	-2111.406	189.8407	2.244527	0.5828071
29862	-1913.925	-2103.712	189.7877	2.297549	0.5828071
29868	-1911.709	-2101.656	189.947	2.14511	0.5542093
29874	-1904.874	-2094.707	189.8327	2.237603	0.6261071
29880	-1917.872	-2107.789	189.9172	2.1531	0.6261071
29886	-1921.296	-2111.249	189.9524	2.071907	0.7166751
29892	-1906.857	-2096.877	190.0194	2.052593	0.6218639
29898	-1909.23	-2099.15	189.9208	2.033383	0.8176303
29904	-1912.285	-2102.24	189.9553	2.055083	0.7389877
29910	-1905.154	-2095.139	189.9852	2.072002	0.6560699
29916	-1905.615	-2095.607	189.9928	1.983266	0.7886111
29922	-1908.56	-2098.564	190.0034	1.892846	0.8877505
29928	-1912.632	-2102.621	189.9888	1.844293	0.9567685
29934	-1904.95	-2094.846	189.896	2.020934	0.8636183
29940	-1915.077	-2105.045	189.9681	1.948834	0.8636183
29946	-1911.208	-2101.094	189.8859	2.043882	0.8481961
29952	-1919.874	-2109.71	189.8358	1.763781	1.177137
29958	-1915.841	-2105.834	189.9935	1.763781	1.033007
29964	-1916.827	-2106.664	189.8365	1.889109	1.063241
29970	-1900.574	-2090.549	189.975	2.034917	0.7396086
29976	-1903.73	-2093.796	190.0667	1.927307	0.7633954
29982	-1913.372	-2103.312	189.9403	2.141358	0.5947899
29988	-1908.53	-2098.477	189.9471	2.13492	0.5935074
29994	-1905.809	-2095.678	189.8688	2.208794	0.6070269
30000	-1901.458	-2091.401	189.9435	2.052502	0.760554
30006	-1908.44	-2098.403	189.9639	2.013925	0.786193
30012	-1896.685	-2086.722	190.0373	1.952743	0.7691509
30018	-1903.292	-2093.268	189.9764	2.013623	0.7691509
30024	-1925.091	-2114.727	189.6359	2.460382	0.4742307
30030	-1928.422	-2118.251	189.8287	2.267732	0.5247551
30036	-1931.104	-2120.651	189.5468	2.527788	0.4002203
30042	-1917.48	-2107.037	189.5572	2.515071	0.3956235
30048	-1908.809	-2098.392	189.5827	2.495224	0.4072285
30054	-1913.292	-2103.168	189.8764	2.218651	0.5370175
30060	-1912.788	-2102.796	190.0085	1.854816	0.9244999
30066	-1904.867	-2094.937	190.0701	1.879521	0.8234289
30072	-1926.998	-2116.84	189.8413	2.242736	0.5870062
30078	-1928.348	-2118.338	189.9905	2.08237	0.6197212
30084	-1907.717	-2097.68	189.9628	1.922616	0.9000216
30090	-1902.8	-2092.629	189.8296	2.244895	0.6153675
30096	-1915.421	-2105.257	189.8363	2.203264	0.6902818
30102	-1904.093	-2093.992	189.8989	2.140623	0.6902818
30108	-1896.418	-2086.31	189.8917	2.162366	0.6623925
30114	-1902.23	-2092.063	189.8339	2.244574	0.6043394
30120	-1903.708	-2093.424	189.7168	2.37277	0.4390085
30126	-1916.207	-2105.87	189.6626	2.426727	0.4382503
30132	-1893.181	-2083.099	189.9174	2.117394	0.6987401
30138	-1901.449	-2091.454	190.0054	1.974683	0.7830487
30144	-1904.604	-2094.508	189.9036	1.984221	0.8973338
30150	-1903.747	-2093.654	189.9067	2.124526	0.7049216
30156	-1901.866	-2091.862	189.9957	2.00815	0.7488046
30162	-1912.746	-2102.481	189.735	2.362203	0.4856745
30168	-1922.097	-2111.968	189.8716	2.21421	0.5807652
30174	-1929.46	-2119.339	189.8792	2.218352	0.504557
30180	-1903.083	-2092.991	189.9078	1.927597	0.9542867
30186	-1907.719	-2097.621	189.9015	1.863877	1.025124
30192	-1913.254	-2103.211	189.9574	2.100745	0.6539406
30198	-1916.675	-2106.636	189.9612	2.076649	0.6934536
30204	-1915.101	-2105.073	189.9727	2.076649	0.6719554
30210	-1900.632	-2090.562	189.9302	2.134892	0.6385419
30216	-1902.827	-2092.67	189.843	2.183204	0.7134418
30222	-1911.471	-2101.336	189.8652	2.183204	0.6738058
30228	-1916.245	-2106.146	189.9012	2.170369	0.6231324
30234	-1920.697	-2110.069	189.3724	1.60584	1.659569
30240	-1913.609	-2103.522	189.9131	2.178743	0.5559912
30246	-1915.365	-2105.224	189.8588	2.139844	0.756614
30252	-1923.054	-2112.217	189.1633	1.599212	1.811109
30258	-1912.553	-2102.041	189.4878	1.678653	1.522288
30264	-1912.468	-2102.168	189.7002	2.386954	0.4309788
30270	-1912.992	-2102.644	189.6516	2.419681	0.393898
30276	-1912.605	-2102.275	189.6702	2.4056	0.4025809
30282	-1909.185	-2098.75	189.5651	2.507791	0.3968998
30288	-1903.061	-2092.585	189.5238	2.507791	0.3395796
30294	-1930.479	-2120.075	189.5962	1.724551	1.405069
30300	-1931.778	-2121.346	189.5686	1.752115	1.405069
30306	-1915.035	-2104.737	189.7021	1.733539	1.31416
30312	-1909.666	-2099.454	189.7873	2.308544	0.4707129
30318	-1914.917	-2104.729	189.812	2.283894	0.4707129
30324	-1900.522	-2090.357	189.8351	2.262145	0.48599
30330	-1908.455	-2098.389	189.9338	2.128671	0.6445317
30336	-1908.669	-2098.506	189.837	2.214038	0.6684906
30342	-1921.744	-2111.316	189.5726	1.5544	1.551535
30348	-1923.995	-2113.512	189.5171	1.60987	1.551535
30354	-1926.045	-2115.814	189.7696	1.735106	1.257669
30360	-1916.197	-2106.009	189.8129	1.780722	1.18233
30366	-1910.057	-2099.685	189.6279	1.78387	1.333369
30372	-1907.617	-2097.42	189.8034	1.704997	1.254572
30378	-1905.491	-2094.888	189.3968	1.667292	1.59757
30384	-1927.356	-2117.211	189.8547	1.924554	1.011472
30390	-1920.649	-2110.323	189.6736	1.892939	1.205579
30396	-1911.11	-2101.012	189.9022	1.892939	0.9956191
30402	-1926.332	-2116.28	189.9472	2.043284	0.76841
30408	-1916.153	-2106.102	189.9494	2.081	0.706467
30414	-1914.011	-2103.795	189.7836	2.313954	0.5080516
30420	-1915.25	-2105.069	189.8189	2.278764	0.4999204
30426	-1916.739	-2106.62	189.8807	2.212644	0.5480465
30432	-1921.989	-2111.745	189.7561	1.716925	1.283758
30438	-1922.737	-2112.035	189.2982	1.466418	1.809672
30444	-1934.657	-2124.449	189.7927	2.269021	0.6462806
30450	-1918.905	-2108.728	189.8222	2.143869	0.802104
30456	-1921.718	-2111.583	189.8645	2.097446	0.8075565
30462	-1918.758	-2108.696	189.9381	2.027183	0.8031002
30468	-1921.478	-2111.413	189.9346	2.020796	0.8161143
30474	-1923.143	-2113.106	189.9627	2.048492	0.7377161
30480	-1915.329	-2104.616	189.2865	1.446967	1.831122
30486	-1921.136	-2110.435	189.2998	1.499855	1.785356
30492	-1925.137	-2114.86	189.7228	1.636147	1.375215
30498	-1920.956	-2110.917	189.9607	1.732892	1.093117
30504	-1918.345	-2108.232	189.887	2.150368	0.6941548
30510	-1910.18	-2100.058	189.8783	2.135877	0.7330375
30516	-1902.769	-2092.709	189.9407	2.014193	0.8167481
30522	-1919.809	-2109.705	189.896	1.822556	1.069881
30528	-1906.497	-2096.517	190.0197	1.891384	0.8705614
30534	-1906.172	-2096.044	189.8723	1.89666	1.021624
30540	-1912.756	-2102.69	189.9338	1.80677	1.049046
30546	-1913.742	-2103.656	189.9143	1.911523	0.9643014
30552	-1907.208	-2097.196	189.9879	1.890136	0.9082578
30558	-1896.531	-2086.436	189.9051	2.104331	0.7403751
30564	-1914.487	-2104.409	189.9219	1.733692	1.127658
30570	-1911.774	-2101.602	189.8281	2.004276	0.9575187
30576	-1916.821	-2106.649	189.8283	1.968849	0.9936401
30582	-1914.864	-2104.725	189.8604	2.0181	0.9076986
30588	-1913.309	-2103.252	189.9429	2.093792	0.6953733
30594	-1919.956	-2109.728	189.7721	1.957347	1.05958
30600	-1906.975	-2096.891	189.9165	2.143184	0.6506309
30606	-1918.545	-2108.346	189.8006	2.247937	0.6733791
30612	-1912.755	-2102.723	189.9681	2.00646	0.790692
30618	-1909.436	-2099.335	189.8984	2.125683	0.7170243
30624	-1910.36	-2100.342	189.9824	2.053516	0.6968991
30630	-1927.404	-2117.299	189.8954	2.149609	0.6801893
30636	-1926.043	-2115.907	189.8644	2.053916	0.8619335
30642	-1923.731	-2113.616	189.8854	1.975421	0.9271601
30648	-1918.444	-2108.25	189.8061	2.054709	0.9271601
30654	-1908.087	-2097.972	189.8851	2.016759	0.881301
30660	-1929.247	-2119.172	189.925	2.097983	0.7188204
30666	-1920.889	-2110.846	189.9572	2.02558	0.7793577
30672	-1914.411	-2104.35	189.9382	1.814021	1.037842
30678	-1912.819	-2102.792	189.9731	2.021837	0.7621222
30684	-1904.539	-2094.437	189.8978	2.000565	0.8853448
30690	-1917.694	-2107.669	189.9751	2.065869	0.6878021
30696	-1928.259	-2118.076	189.8166	2.276865	0.5469681
30702	-1912.87	-2102.716	189.8465	2.246949	0.5469681
30708	-1916.652	-2106.428	189.7763	2.314454	0.5609512
30714	-1915.278	-2104.996	189.7187	2.367414	0.5796326
30720	-1925.018	-2114.879	189.8609	1.912466	1.017316
30726	-1927.585	-2117.422	189.837	1.864712	1.085603
30732	-1919.852	-2109.513	189.6608	2.435404	0.4735618
30738	-1923.191	-2112.884	189.6927	2.40251	0.5355368
30744	-1928.759	-2118.629	189.8699	1.881204	1.038934
30750	-1914.409	-2104.112	189.7029	2.387079	0.5643434
30756	-1911.701	-2101.324	189.6229	2.467514	0.4422481
30762	-1928.921	-2118.826	189.9046	1.919502	0.9661044
30768	-1934.718	-2124.533	189.8151	1.971779	1.003867
30774	-1908.233	-2098.123	189.8903	1.902547	0.9978961
30780	-1909.467	-2099.417	189.9506	2.033563	0.7774282
30786	-1905.814	-2095.631	189.8171	2.233906	0.6685785
30792	-1909.736	-2099.754	190.0182	1.995437	0.7338747
30798	-1918.305	-2108.329	190.0233	1.972567	0.7607129
30804	-1922.083	-2112.15	190.0668	1.929076	0.7607129
30810	-1920.797	-2110.818	190.0204	1.853187	0.9131514
30816	-1905.694	-2095.54	189.8455	2.077324	0.8565217
30822	-1919.042	-2108.989	189.9469	1.860078	0.9836256
30828	-1920.248	-2110.198	189.9505	1.85649	0.9836256
30834	-1915.922	-2105.787	189.8647	1.798904	1.120505
30840	-1910.934	-2100.679	189.7449	1.719913	1.290481
30846	-1906.176	-2096.015	189.8389	1.887111	1.062884
30852	-1919.019	-2108.995	189.9764	1.919657	0.8879493
30858	-1913.738	-2103.604	189.8655	2.229391	0.5381736
30864	-1909.567	-2099.103	189.5357	2.519353	0.3678885
30870	-1914.189	-2103.789	189.6	2.481723	0.4161065
30876	-1911.264	-2100.854	189.5897	2.438308	0.3358925
30882	-1916.511	-2106.06	189.5495	2.52589	0.4019005
30888	-1924.711	-2114.374	189.6633	2.411273	0.400106
30894	-1900.037	-2089.966	189.929	1.932102	0.926866
30900	-1901.099	-2091.063	189.9634	2.049389	0.7351864
30906	-1897.674	-2087.557	189.8831	2.029118	0.8691549
30912	-1907.885	-2097.848	189.9628	1.809634	1.018166
30918	-1902.249	-2092.235	189.9859	1.948502	0.8425076
30924	-1905.478	-2095.278	189.7998	1.740354	1.228032
30930	-1909.29	-2099.28	189.9893	1.907226	0.8873445
30936	-1898.024	-2087.962	189.9387	1.828024	1.023757
30942	-1902.349	-2092.203	189.8544	1.708031	1.209121
30948	-1902.633	-2092.409	189.776	1.786398	1.209121
30954	-1922.592	-2112.528	189.9353	1.804027	1.050193
30960	-1904.953	-2094.943	189.9898	1.841849	0.9582604
30966	-1906.753	-2096.425	189.6716	1.722717	1.347312
30972	-1903.655	-2093.557	189.9019	1.696678	1.178034
30978	-1900.946	-2090.51	189.5637	1.65374	1.484073
30984	-1899.521	-2089.114	189.593	1.62443	1.484073
30990	-1933.508	-2121.798	188.2904	1.507844	2.442825
30996	-1917.868	-2106.949	189.0814	1.631815	1.845046
31002	-1914.253	-2103.93	189.6769	1.76138	1.312009
31008	-1919.681	-2109.677	189.9953	1.786387	1.009048
31014	-1908.571	-2098.028	189.4568	1.548145	1.640398
31020	-1906.273	-2095.645	189.3717	1.608147	1.65837
31026	-1919.874	-2109.282	189.4071	1.572778	1.65837
31032	-1922.844	-2112.175	189.3306	1.626164	1.67486
31038	-1922.904	-2112.158	189.2541	1.554069	1.779431
31044	-1939.866	-2129.86	189.9942	1.97635	0.796064
31050	-1918.46	-2106.916	188.4565	1.160157	2.556331
31056	-1922.709	-2110.655	187.9461	1.215144	2.83596
31062	-1916.459	-2105.519	189.0609	1.272281	2.099725
31068	-1918.337	-2106.71	188.3731	1.301889	2.52003
31074	-1947.8	-2136.325	188.5248	1.343386	2.398768
31080	-1943.098	-2131.863	188.7654	1.313739	2.264496
31086	-1932.535	-2121.073	188.5382	1.308849	2.412141
31092	-1903.109	-2092.95	189.841	1.736653	1.196121
31098	-1905.157	-2094.755	189.5985	1.668303	1.446568
31104	-1901.062	-2090.624	189.562	1.687903	1.459494
31110	-1908.881	-2098.758	189.8773	1.833087	1.077571
31116	-1912.655	-2102.654	189.9983	1.819886	0.9721922
31122	-1910.274	-2100.278	190.0039	1.741765	1.044193
31128	-1907.946	-2097.88	189.9344	1.828286	1.027749
31134	-1911.576	-2101.451	189.8753	1.800716	1.109192
31140	-1909.848	-2099.739	189.8911	1.784948	1.109192
31146	-1909.655	-2099.551	189.896	1.874776	1.019823
31152	-1908.374	-2098.293	189.9196	1.750602	1.114479
31158	-1919.572	-2109.321	189.7486	1.925556	1.110894
31164	-1914.707	-2104.539	189.8316	1.778247	1.168194
31170	-1912.229	-2102.046	189.8168	1.778247	1.181071
31176	-1916.156	-2106.026	189.8691	1.904682	1.016832
31182	-1914.063	-2102.471	188.4084	1.227299	2.544482
31188	-1915.857	-2104.109	188.2524	1.123204	2.705145
31194	-1926.038	-2115.209	189.1703	1.596893	1.807871
31200	-1935.574	-2122.928	187.3546	1.224823	3.184906
31206	-1919.685	-2107.052	187.3674	1.074657	3.266146
31212	-1920.328	-2110.09	189.7618	1.586837	1.383276
31218	-1919.635	-2108.864	189.2293	1.414364	1.892537
31224	-1919.277	-2108.942	189.6652	1.70116	1.369408
31230	-1916.469	-2106.116	189.6471	1.719242	1.369408
31236	-1918.557	-2107.989	189.4326	1.719242	1.533126
31242	-1915.99	-2105.386	189.3963	1.746156	1.540112
31248	-1924.65	-2114.22	189.5705	1.712715	1.434028
31254	-1910.905	-2100.819	189.9131	1.809686	1.065888
31260	-1907.035	-2096.963	189.9281	1.853254	1.009338
31266	-1909.301	-2099.205	189.9046	1.972452	0.9093944
31272	-1926.552	-2116.312	189.7597	1.787147	1.222363
31278	-1916.018	-2105.808	189.7903	1.725906	1.248122
31284	-1910.449	-2100.296	189.8462	1.706329	1.217535
31290	-1908.682	-2098.607	189.9249	1.901857	0.9633231
31296	-1910.734	-2100.605	189.8711	1.931295	0.9883002
31302	-1910.451	-2100.032	189.5805	1.711435	1.427316
31308	-1919.863	-2109.64	189.7768	1.634783	1.333467
31314	-1909.532	-2099.079	189.5463	1.759109	1.416932
31320	-1922.93	-2112.959	190.0284	2.011765	0.6891644
31326	-1917.894	-2107.892	189.9975	2.042657	0.6891644
31332	-1914.689	-2104.634	189.9449	1.768243	1.074992
31338	-1920.726	-2110.508	189.7827	1.931484	1.074007
31344	-1910.664	-2100.229	189.5658	1.613116	1.513001
31350	-1914.518	-2103.878	189.36	1.635101	1.647443
31356	-1914.876	-2103.204	188.3289	1.405931	2.482629
31362	-1918.786	-2107.115	188.3292	1.405615	2.482629
31368	-1917.898	-2106.294	188.3962	1.415528	2.434399
31374	-1910.417	-2100.216	189.7986	1.728752	1.238766
31380	-1918.524	-2108.331	189.8067	2.251616	0.6535754
31386	-1922.989	-2112.716	189.7262	2.370954	0.5151777
31392	-1918.471	-2107.515	189.0438	1.435278	2.003238
31398	-1909.214	-2098.357	189.1433	1.378249	1.974881
31404	-1892.087	-2081.92	189.8332	2.262839	0.5287144
31410	-1903.931	-2093.841	189.9096	2.177451	0.5763253
31416	-1909.251	-2099.167	189.9151	2.038881	0.8178628
31422	-1922.772	-2112.033	189.2611	1.434998	1.856727
31428	-1915.638	-2105.282	189.6438	1.581798	1.477869
31434	-1922.098	-2111.721	189.6228	1.673876	1.423651
31440	-1929.133	-2119.163	190.0301	1.947596	0.7863957
31446	-1919.131	-2108.667	189.5364	1.963093	1.26201
31452	-1915.711	-2105.329	189.618	1.576285	1.501486
31458	-1916.805	-2106.348	189.5436	1.723065	1.446688
31464	-1922.806	-2112.419	189.613	1.65368	1.446688
31470	-1916.074	-2105.96	189.8859	1.77371	1.1241
31476	-1916.337	-2106.246	189.909	1.887386	0.9943486
31482	-1913.816	-2103.817	190.0009	1.861949	0.9249698
31488	-1918.333	-2108.063	189.7308	1.878148	1.169029
31494	-1922.793	-2112.701	189.9081	1.911865	0.9703417
31500	-1920.018	-2109.932	189.9136	1.901747	0.9750847
31506	-1922.952	-2112.841	189.8893	2.050548	0.8358163
31512	-1916.516	-2106.187	189.671	1.795683	1.28895
31518	-1911.552	-2101.335	189.7832	1.683508	1.28895
31524	-1906.03	-2095.753	189.7227	1.767582	1.269595
31530	-1905.097	-2094.791	189.6935	1.68796	1.357459
31536	-1918.664	-2107.983	189.3197	1.622633	1.685145
31542	-1895.557	-2085.029	189.4717	1.612498	1.582935
31548	-1903.449	-2093.234	189.7853	1.844479	1.150706
31554	-1908.741	-2098.397	189.6558	2.425847	0.4158179
31560	-1915.909	-2105.6	189.6911	1.641546	1.395837
31566	-1922.332	-2112.095	189.7626	1.815287	1.195882
31572	-1918.895	-2108.756	189.8612	1.784222	1.136739
31578	-1919.218	-2109.131	189.9133	1.732175	1.136739
31584	-1920.92	-2110.47	189.5502	2.505379	0.3686304
31590	-1915.768	-2105.347	189.5789	2.456797	0.3440304
31596	-1909.853	-2099.422	189.5689	2.47874	0.3581113
31602	-1925.231	-2115.067	189.8352	2.169487	0.7476645
31608	-1929.18	-2119.02	189.8393	2.258331	0.4979111
31614	-1902.798	-2092.52	189.7223	2.365752	0.4338827
31620	-1900.144	-2089.648	189.5048	2.567831	0.3963979
31626	-1912.652	-2102.199	189.5471	2.482693	0.3376595
31632	-1905.18	-2094.723	189.543	2.520206	0.3800871
31638	-1899.708	-2089.411	189.7027	2.387757	0.5621246
31644	-1917.692	-2107.499	189.8065	2.027046	0.9562501
31650	-1905.872	-2095.778	189.9062	1.774782	1.10467
31656	-1905.742	-2095.542	189.7995	1.728494	1.238212
31662	-1913.676	-2103.409	189.7321	2.365021	0.4839898
31668	-1925.67	-2115.274	189.6039	2.488202	0.4493796
31674	-1920.564	-2110.398	189.8337	2.236926	0.6253873
31680	-1906.767	-2096.533	189.7655	2.332001	0.4914734
31686	-1920.846	-2110.628	189.7821	2.31538	0.4914734
31692	-1905.834	-2095.628	189.7944	2.302323	0.5221645
31698	-1919.294	-2109.068	189.7738	2.323791	0.4983351
31704	-1911.851	-2101.653	189.8024	2.293258	0.5317167
31710	-1920.671	-2110.445	189.7744	2.275708	0.6703383
31716	-1921.68	-2111.502	189.822	2.275223	0.4864377
31722	-1912.153	-2101.796	189.6427	2.434734	0.4062168
31728	-1912.604	-2102.411	189.8063	2.291263	0.4943803
31734	-1913.644	-2103.451	189.8063	2.291263	0.4943803
31740	-1916.674	-2106.214	189.5407	2.514889	0.3686598
31746	-1918.723	-2108.374	189.6509	2.434891	0.4269158
31752	-1910.509	-2100.354	189.8456	2.242782	0.5711019
31758	-1910.041	-2099.966	189.9256	2.17142	0.5184001
31764	-1907.463	-2097.281	189.8184	2.279189	0.5025577
31770	-1906.955	-2096.797	189.8427	2.253786	0.524778
31776	-1917.587	-2107.586	189.999	2.09745	0.5249206
31782	-1912.159	-2102.085	189.9257	2.152862	0.6040754
31788	-1913.282	-2103.146	189.8636	2.23408	0.5015674
31794	-1919.745	-2109.511	189.7662	2.331416	0.5041751
31800	-1911.005	-2100.988	189.9824	1.931436	0.8672446
31806	-1911.513	-2101.265	189.752	1.858398	1.167721
31812	-1914.115	-2104.126	190.0103	1.75698	1.023281
31818	-1907.087	-2096.853	189.7656	1.94632	1.076101
31824	-1908.885	-2098.846	189.961	1.952683	0.8674347
31830	-1915.856	-2105.695	189.8392	2.227897	0.6339229
31836	-1900.603	-2090.306	189.7029	2.384019	0.4303632
31842	-1911.667	-2101.298	189.6308	2.428555	0.3740478
31848	-1910.805	-2100.399	189.594	2.479137	0.3973946
31854	-1899.049	-2088.623	189.5744	2.507405	0.4161676
31860	-1902.373	-2092.085	189.7128	2.382679	0.4676963
31866	-1908.682	-2098.581	189.8991	2.190708	0.5651589
31872	-1913.291	-2103.141	189.8501	2.192548	0.6846884
31878	-1903.295	-2093.294	189.9991	1.938661	0.8383874
31884	-1909.057	-2099.072	190.015	1.996795	0.7366793
31890	-1917.941	-2107.347	189.4058	1.637689	1.612578
31896	-1923.864	-2112.791	188.9269	1.504011	2.035249
31902	-1915.918	-2105.218	189.3002	1.484714	1.795606
31908	-1916.284	-2104.857	188.5724	1.484714	2.278633
31914	-1908.736	-2098.628	189.8919	1.665989	1.213013
31920	-1902.389	-2092.361	189.9722	1.681578	1.12926
31926	-1894.75	-2084.646	189.8959	1.727382	1.156418
31932	-1899.577	-2089.452	189.8745	1.727382	1.175178
31938	-1899.312	-2089.21	189.898	1.82264	1.0679
31944	-1905.598	-2095.402	189.8045	1.778105	1.191802
31950	-1922.317	-2111.892	189.5754	1.638442	1.486771
31956	-1913.073	-2102.85	189.7773	1.724403	1.260176
31962	-1909.58	-2099.144	189.5641	1.766286	1.39756
31968	-1916.421	-2106.143	189.7221	1.501455	1.479432
31974	-1914.867	-2104.607	189.7393	1.694986	1.315255
31980	-1903.388	-2092.976	189.5881	1.704522	1.426789
31986	-1906.538	-2096.187	189.6488	1.545898	1.501168
31992	-1912.453	-2102.402	189.9497	1.775935	1.06325
31998	-1902.619	-2092.567	189.948	1.777644	1.06325
32004	-1925.964	-2114.966	189.0026	1.512584	1.979133
32010	-1924.451	-2113.941	189.4902	1.562521	1.60583
32016	-1921.06	-2110.585	189.5256	1.52712	1.60583
32022	-1918.563	-2108.025	189.4612	1.591545	1.60583
32028	-1914.91	-2103.622	188.7123	1.453851	2.208486
32034	-1921.617	-2110.322	188.7054	1.496195	2.185548
32040	-1915.137	-2104.49	189.3522	1.440341	1.790299
32046	-1918.803	-2107.401	188.5975	1.42822	2.298697
32052	-1913.203	-2102.326	189.1232	1.387186	1.982321
32058	-1929.138	-2119.065	189.9264	1.631665	1.212846
32064	-1915.125	-2104.803	189.6773	1.788075	1.29004
32070	-1917.37	-2107.204	189.8338	2.047081	0.9050789
32076	-1913.041	-2102.936	189.8951	1.967533	0.9251903
32082	-1909.61	-2099.525	189.9148	2.140941	0.6589889
32088	-1913.305	-2103.289	189.9843	2.071418	0.6589889
32094	-1919.821	-2109.776	189.9545	2.058429	0.7349132
32100	-1913.08	-2102.602	189.5216	1.657621	1.512716
32106	-1914.988	-2104.875	189.8863	1.664772	1.218756
32112	-1912.815	-2102.713	189.8978	1.749771	1.13483
32118	-1911.045	-2100.865	189.8201	1.805558	1.154334
32124	-1912.87	-2102.867	189.997	1.805546	0.988193
32130	-1909.836	-2099.769	189.933	1.954668	0.8974189
32136	-1914.904	-2104.825	189.9216	2.022727	0.8301405
32142	-1919.017	-2108.965	189.9488	2.045435	0.7631393
32148	-1899.828	-2089.812	189.9837	1.940568	0.8548119
32154	-1908.595	-2098.546	189.9511	1.97355	0.8543288
32160	-1908.377	-2098.314	189.9365	2.084818	0.7215109
32166	-1903.838	-2093.726	189.8871	2.012324	0.8840261
32172	-1912.386	-2102.286	189.8997	2.153557	0.6641154
32178	-1923.219	-2113.214	189.995	1.974589	0.7973479
32184	-1901.055	-2090.984	189.929	1.873407	0.9882822
32190	-1914.666	-2104.652	189.9867	1.982975	0.7972962
32196	-1910.497	-2100.415	189.9182	2.177132	0.5349912
32202	-1906.83	-2096.79	189.9597	2.030025	0.7696225
32208	-1900.459	-2090.386	189.9273	1.952049	0.9067722
32214	-1907.461	-2097.218	189.7573	2.096038	0.935286
32220	-1907.085	-2096.922	189.8362	1.91082	1.042838
32226	-1902.037	-2091.908	189.8705	1.966112	0.9530308
32232	-1908.168	-2097.83	189.6618	2.389029	0.362222
32238	-1914.551	-2104.125	189.5747	2.504383	0.4098317
32244	-1916.593	-2106.105	189.5122	2.545461	0.3716888
32250	-1903.326	-2093.236	189.9097	2.01614	0.8529418
32256	-1897.783	-2087.773	189.9891	2.01614	0.7467173
32262	-1899.995	-2089.707	189.7115	2.002778	1.073882
32268	-1898.592	-2088.492	189.8993	1.969007	0.9189937
32274	-1923.918	-2113.221	189.3027	1.703635	1.639402
32280	-1907.815	-2097.723	189.9076	2.015465	0.8562281
32286	-1913.783	-2103.726	189.9427	2.037951	0.7823563
32292	-1906.288	-2096.235	189.9473	2.118662	0.6365305
32298	-1914.452	-2104.36	189.9079	2.166155	0.6164751
32304	-1913.568	-2103.473	189.9057	2.156362	0.6455805
32310	-1918.954	-2108.894	189.9398	2.13882	0.6038456
32316	-1914.765	-2104.672	189.9065	2.172117	0.6038456
32322	-1909.704	-2099.711	190.0071	1.984367	0.767052
32328	-1913.715	-2103.659	189.9439	2.060263	0.7483394
32334	-1913.657	-2103.599	189.9415	2.062693	0.7483394
32340	-1914.501	-2104.051	189.5504	1.705409	1.454964
32346	-1922.2	-2111.592	189.3922	1.603194	1.647228
32352	-1909.547	-2099.647	190.0992	1.95423	0.6637877
32358	-1909.635	-2099.642	190.007	2.010773	0.7273078
32364	-1920.169	-2109.614	189.4446	1.653111	1.573028
32370	-1913.405	-2103.279	189.8733	2.181159	0.6615777
32376	-1917.709	-2107.628	189.919	2.105778	0.715965
32382	-1916.914	-2106.794	189.8806	2.175712	0.6577655
32388	-1910.425	-2100.314	189.8894	2.174561	0.6411274
32394	-1916.701	-2106.637	189.9361	1.92772	0.9239681
32400	-1916.546	-2106.469	189.9224	2.175168	0.5052773
32406	-1913.344	-2103.172	189.8279	2.269696	0.5052773
32412	-1907.055	-2096.708	189.6532	2.424974	0.4077591
32418	-1910.517	-2100.336	189.8188	2.278675	0.4906876
32424	-1911.461	-2101.205	189.7438	2.353768	0.5063844
32430	-1911.06	-2100.892	189.8324	2.265203	0.4961231
32436	-1918.042	-2107.803	189.7614	2.336211	0.4961231
32442	-1895.408	-2085.149	189.7404	2.349056	0.438583
32448	-1907.327	-2096.928	189.6012	2.476905	0.4075279
32454	-1897.824	-2087.323	189.4994	2.543628	0.3524678
32460	-1898.121	-2087.821	189.6995	2.38442	0.4216845
32466	-1897.412	-2087.221	189.8095	2.28667	0.4730652
32472	-1900.877	-2090.557	189.6805	2.390814	0.393932
32478	-1903.586	-2093.262	189.6756	2.390814	0.3852058
32484	-1909.93	-2099.47	189.5401	2.506343	0.3565444
32490	-1905.659	-2095.235	189.5762	2.483954	0.3753073
32496	-1911.264	-2100.861	189.5966	2.46357	0.3753073
32502	-1916.775	-2106.385	189.6107	2.452701	0.3802545
32508	-1919.893	-2109.501	189.6086	2.452701	0.377083
32514	-1912.024	-2101.794	189.7705	1.768885	1.228691
32520	-1911.836	-2101.769	189.9323	1.942926	0.9114164
32526	-1897.487	-2087.191	189.7033	1.739247	1.308615
32532	-1900.893	-2090.684	189.7906	1.651912	1.308615
32538	-1903.165	-2093.066	189.9003	1.963847	0.9235969
32544	-1917.637	-2106.901	189.2637	1.610909	1.733035
32550	-1915.693	-2105.353	189.6593	1.752722	1.33315
32556	-1916.986	-2106.654	189.6681	1.817091	1.273758
32562	-1924.448	-2114.311	189.8628	2.217068	0.6001999
32568	-1927.411	-2117.203	189.7917	2.288232	0.6001999
32574	-1910.375	-2100.087	189.7122	2.382978	0.4655731
32580	-1924.633	-2114.348	189.7147	2.382978	0.5008803
32586	-1908.347	-2097.915	189.5688	2.514459	0.4200649
32592	-1905.814	-2095.525	189.7109	2.373229	0.5867254
32598	-1900.102	-2089.89	189.7879	2.30945	0.4879327
32604	-1900.925	-2090.668	189.743	2.322469	0.6378306
32610	-1922.282	-2112.216	189.9335	1.936769	0.9168878
32616	-1916.038	-2105.909	189.8706	1.96174	0.9574871
32622	-1925.143	-2115.085	189.9424	2.099613	0.6858372
32628	-1918.123	-2108.027	189.9045	2.01942	0.8552323
32634	-1905.066	-2094.96	189.8942	2.157591	0.6669564
32640	-1901.576	-2091.442	189.8657	2.225287	0.5601169
32646	-1918.986	-2108.849	189.8636	2.223003	0.5780772
32652	-1915.922	-2105.789	189.8669	2.210458	0.6075824
32658	-1907.593	-2097.381	189.7876	2.289712	0.6075824
32664	-1917.21	-2106.904	189.6945	2.383033	0.4062526
32670	-1907.325	-2097.294	189.9685	2.055606	0.7169778
32676	-1904.266	-2094.173	189.9071	2.150894	0.6542362
32682	-1925.06	-2114.852	189.7922	2.304289	0.4759583
32688	-1923.429	-2113.278	189.8489	2.241802	0.5610101
32694	-1921.944	-2111.766	189.8213	2.261061	0.5925413
32700	-1918.545	-2108.463	189.9174	2.084054	0.7523947
32706	-1915.815	-2105.834	190.0187	1.903382	0.8574496
32712	-1939.192	-2129.033	189.8408	2.235062	0.6116369
32718	-1917.653	-2107.446	189.7925	2.304511	0.4823899
32724	-1926.834	-2116.726	189.8912	2.199036	0.5632099
32730	-1918.819	-2108.809	189.9898	2.050091	0.6897288
32736	-1913.705	-2103.725	190.0203	1.917	0.8389552
32742	-1908.319	-2098.27	189.9505	2.044218	0.7623548
32748	-1910.041	-2099.965	189.924	2.115088	0.6912229
32754	-1928.496	-2118.254	189.7582	2.278734	0.6950358
32760	-1931.202	-2121.011	189.8094	2.225594	0.6985185
32766	-1923.266	-2113.032	189.7652	2.323053	0.5718244
32772	-1921.229	-2111.133	189.9033	2.061994	0.8030676
32778	-1911.791	-2101.765	189.9732	1.945619	0.8613881
32784	-1920.373	-2110.426	190.0537	1.964268	0.7270059
32790	-1919.64	-2109.483	189.843	2.209519	0.6655871
32796	-1928.419	-2118.231	189.8121	2.234768	0.6767522
32802	-1926.763	-2116.53	189.7672	2.329331	0.5235662
32808	-1934.995	-2124.752	189.7576	2.338946	0.5235662
32814	-1921.068	-2110.578	189.5098	1.742038	1.458008
32820	-1924.941	-2114.34	189.3991	2.611531	0.3193263
32826	-1914.525	-2104.058	189.5324	2.475536	0.3169814
32832	-1919.032	-2108.517	189.4843	1.604406	1.579602
32838	-1928.552	-2117.686	189.1337	1.453721	1.930584
32844	-1923.884	-2113.597	189.7136	2.382577	0.473248
32850	-1931.742	-2120.773	189.0304	1.307996	2.096244
32856	-1934.146	-2122.589	188.4437	1.307996	2.472091
32862	-1931.406	-2121.366	189.9598	2.025789	0.7753701
32868	-1935.899	-2125.735	189.8364	2.139624	0.7887152
32874	-1924.138	-2113.995	189.857	1.953716	0.9798871
32880	-1930.907	-2120.772	189.865	2.153214	0.7265502
32886	-1926.994	-2116.87	189.8753	2.178392	0.6631797
32892	-1927.686	-2117.142	189.456	1.444541	1.714729
32898	-1926.756	-2116.27	189.5139	1.471278	1.654563
32904	-1915.635	-2105.005	189.3701	1.593927	1.669686
32910	-1922.66	-2112.505	189.8453	2.047618	0.8915516
32916	-1908.522	-2098.319	189.7974	1.912323	1.078138
32922	-1903.788	-2093.565	189.7771	1.8533	1.150136
32928	-1914.134	-2104.007	189.8725	1.817938	1.095982
32934	-1919.964	-2109.772	189.8081	1.865915	1.11099
32940	-1923.095	-2112.519	189.4245	1.67807	1.569445
32946	-1910.967	-2100.877	189.9105	1.773582	1.101842
32952	-1897.715	-2087.661	189.9458	1.992187	0.8380729
32958	-1901.44	-2091.501	190.0605	1.792326	0.9358096
32964	-1910.946	-2101.008	190.0622	1.923284	0.7755948
32970	-1911.088	-2100.976	189.8878	1.954682	0.9468809
32976	-1917.12	-2107.096	189.9763	2.045803	0.720257
32982	-1920.226	-2110.137	189.9115	2.153115	0.6397117
32988	-1913.579	-2103.432	189.8529	2.241212	0.5434786
32994	-1906.824	-2096.711	189.8868	2.176636	0.6424322
33000	-1915.955	-2105.843	189.8879	2.175488	0.6424322
33006	-1911.035	-2100.891	189.8558	2.196015	0.6671037
33012	-1924.659	-2114.344	189.685	2.398925	0.4215878
33018	-1923.866	-2113.509	189.6431	2.44083	0.4215878
33024	-1903.429	-2093.225	189.7955	2.301718	0.5148137
33030	-1909.679	-2099.344	189.6647	2.427197	0.4484542
33036	-1909.612	-2099.273	189.6614	2.422106	0.420653
33042	-1912.584	-2102.119	189.5347	2.531418	0.3848164
33048	-1910.105	-2099.728	189.6235	2.437698	0.3768355
33054	-1908.996	-2098.831	189.8353	2.247144	0.5924293
33060	-1911.137	-2100.917	189.7794	2.316898	0.5260536
33066	-1918.361	-2108.199	189.8383	2.257526	0.5304217
33072	-1913.166	-2102.974	189.8073	2.141862	0.8240205
33078	-1899.266	-2089.205	189.9389	2.10721	0.6782204
33084	-1906.104	-2095.851	189.7474	2.350076	0.5088309
33090	-1903.673	-2093.125	189.452	2.594498	0.3566484
33096	-1905.872	-2095.192	189.3201	2.679414	0.3098969
33102	-1922.865	-2112.799	189.9342	2.131375	0.6374231
33108	-1918.419	-2108.366	189.9471	2.065283	0.7357967
33114	-1913.406	-2103.271	189.8651	2.146968	0.7362613
33120	-1914.751	-2104.735	189.9842	1.961027	0.829022
33126	-1922.726	-2112.637	189.9116	1.823582	1.054187
33132	-1911.158	-2101.123	189.9641	1.923437	0.897655
33138	-1908.346	-2098.271	189.9256	1.969796	0.8886747
33144	-1922.02	-2111.862	189.8416	1.969796	0.9791194
33150	-1924.342	-2114.287	189.9453	1.614089	1.211694
33156	-1918.766	-2108.602	189.8358	1.824977	1.123025
33162	-1913.527	-2103.345	189.8181	1.707558	1.240207
33168	-1920.547	-2110.239	189.6913	1.654619	1.385407
33174	-1929.5	-2119.377	189.8774	1.791732	1.115454
33180	-1909.117	-2098.841	189.724	1.681295	1.338506
33186	-1896.451	-2085.889	189.4388	1.592022	1.621757
33192	-1910.183	-2100.045	189.8627	1.638005	1.26099
33198	-1908.434	-2098.126	189.6919	1.626883	1.406556
33204	-1901.631	-2091.459	189.8281	1.758084	1.188771
33210	-1918.833	-2108.503	189.6696	1.608761	1.437717
33216	-1913.823	-2103.377	189.5545	1.73568	1.428639
33222	-1925.315	-2114.802	189.487	1.482942	1.665485
33228	-1927.357	-2117.015	189.6581	1.547878	1.492695
33234	-1908.378	-2097.979	189.601	1.59445	1.500626
33240	-1904.869	-2094.229	189.36	1.601464	1.671496
33246	-1916.03	-2105.98	189.95	1.854332	0.9864055
33252	-1930.392	-2120.075	189.6833	1.656931	1.389903
33258	-1933.259	-2123.085	189.826	1.895096	1.067534
33264	-1916.266	-2106.295	190.0296	1.922642	0.8201262
33270	-1917.506	-2107.559	190.0528	1.803002	0.932557
33276	-1906.28	-2096.237	189.9576	1.806647	1.026177
33282	-1913.474	-2103.549	190.075	1.900783	0.7889565
33288	-1913.578	-2103.131	189.5527	1.786994	1.390269
33294	-1905.009	-2094.759	189.7501	1.777214	1.238832
33300	-1906.717	-2096.609	189.8918	1.765182	1.126448
33306	-1916.614	-2106.426	189.8121	1.625875	1.312273
33312	-1920.907	-2110.679	189.7714	1.621368	1.348524
33318	-1914.704	-2104.194	189.4904	1.660161	1.534102
33324	-1910.423	-2100.306	189.8834	1.684049	1.204882
33330	-1901.917	-2091.72	189.8035	1.743513	1.222222
33336	-1899.021	-2088.77	189.7494	1.677769	1.321023
33342	-1905.207	-2094.924	189.7165	1.884874	1.175565
33348	-1907.809	-2097.506	189.6977	1.765796	1.291538
33354	-1912.509	-2102.13	189.6214	1.793039	1.331207
33360	-1921.207	-2110.638	189.4311	1.797372	1.475764
33366	-1923.277	-2112.535	189.2577	1.730599	1.652317
33372	-1922.52	-2112.211	189.6912	1.585074	1.439364
33378	-1932.659	-2122.178	189.5191	1.757159	1.439364
33384	-1897.613	-2087.419	189.8061	1.753244	1.21175
33390	-1910.602	-2100.637	190.0349	1.827606	0.9253396
33396	-1901.524	-2091.32	189.796	1.746345	1.226176
33402	-1922.844	-2112.478	189.6342	1.908391	1.225969
33408	-1908.003	-2097.657	189.6544	1.722652	1.360982
33414	-1920.468	-2110.129	189.6615	1.795907	1.296535
33420	-1922.113	-2112.15	190.0369	1.782586	0.9708783
33426	-1923.014	-2113.021	190.0069	1.812528	0.9708783
33432	-1916.682	-2106.684	190.0014	1.690415	1.0947
33438	-1913.599	-2103.44	189.8409	1.830981	1.112956
33444	-1916.214	-2106.158	189.9438	1.769416	1.074917
33450	-1907.626	-2097.618	189.9917	1.894191	0.8994413
33456	-1915.708	-2105.687	189.9788	1.891649	0.9166486
33462	-1912.088	-2101.986	189.8982	1.900071	0.9925205
33468	-1918.678	-2108.529	189.8503	2.121398	0.7946174
33474	-1912.789	-2102.652	189.8621	1.91112	1.017367
33480	-1909.996	-2099.954	189.9581	1.902564	0.9273343
33486	-1916.006	-2106.067	190.0616	1.813492	0.9115321
33492	-1920.298	-2110.047	189.7487	2.341468	0.5635169
33498	-1925.094	-2114.913	189.8189	2.277223	0.5282439
33504	-1937.336	-2127.035	189.6991	2.133182	0.9576137
33510	-1920.774	-2110.623	189.849	2.248556	0.4948584
33516	-1914.137	-2103.835	189.6976	2.400006	0.4948584
33522	-1927.177	-2117.098	189.9216	2.005416	0.8514967
33528	-1921.114	-2111.052	189.9375	1.989573	0.8514967
33534	-1925.091	-2114.828	189.7367	2.027461	1.026307
33540	-1921.518	-2111.415	189.8966	2.070715	0.8004086
33546	-1920.976	-2110.933	189.9569	2.010438	0.8004086
33552	-1920.047	-2109.739	189.692	2.405632	0.5038227
33558	-1930.95	-2120.619	189.6694	2.404035	0.3979605
33564	-1915.609	-2105.59	189.9812	1.946046	0.8512418
33570	-1925.839	-2115.389	189.55	2.49507	0.3548913
33576	-1927.374	-2116.904	189.5298	2.533501	0.3802231
33582	-1910.403	-2100.386	189.9829	1.902078	0.9004456
33588	-1905.848	-2095.743	189.8949	1.980561	0.9111288
33594	-1908.948	-2098.902	189.9536	2.076203	0.7073593
33600	-1909.47	-2099.4	189.9296	2.097136	0.7126404
33606	-1918.894	-2108.755	189.8605	2.212261	0.6199541
33612	-1914.06	-2103.938	189.878	2.21596	0.5439355
33618	-1903.969	-2093.935	189.9659	2.12252	0.5709827
33624	-1913.109	-2103.065	189.9559	1.991664	0.8261217
33630	-1911.406	-2101.153	189.7474	1.83087	1.195535
33636	-1912.096	-2101.658	189.5617	1.659401	1.481318
33642	-1919.768	-2109.626	189.8582	2.217871	0.6112704
33648	-1913.851	-2103.781	189.9303	2.159993	0.5629725
33654	-1914.62	-2104.549	189.9283	2.153512	0.5944519
33660	-1938.382	-2128.213	189.8313	1.829268	1.123219
33666	-1929.517	-2119.298	189.7809	1.978754	1.030648
33672	-1916.201	-2105.878	189.6772	1.832112	1.253831
33678	-1926.007	-2115.672	189.665	1.699402	1.370964
33684	-1919.325	-2109.121	189.7965	2.032571	0.9609538
33690	-1918.96	-2108.812	189.8526	1.73527	1.187289
33696	-1930.1	-2119.877	189.7772	1.714133	1.268753
33702	-1909.932	-2099.568	189.636	1.706613	1.388014
33708	-1911.391	-2101.125	189.7343	1.854288	1.186674
33714	-1917.119	-2106.947	189.8279	1.69941	1.238799
33720	-1910.406	-2100.293	189.8877	2.119533	0.7437946
33726	-1909.078	-2099.09	190.0116	2.014528	0.7136917
33732	-1910.99	-2100.979	189.9892	1.953121	0.8327091
33738	-1913.145	-2103.02	189.875	2.070257	0.8289836
33744	-1900.518	-2090.444	189.9262	2.072845	0.7559763
33750	-1898.684	-2088.361	189.6767	1.806118	1.27574
33756	-1900.489	-2090.217	189.728	1.6348	1.372199
33762	-1905.512	-2094.982	189.4707	1.497077	1.667054
33768	-1911.592	-2100.898	189.3063	1.388139	1.857868
33774	-1914.815	-2103.166	188.3508	1.391725	2.477805
33780	-1915.914	-2105.772	189.8584	2.204462	0.6437466
33786	-1911.391	-2101.138	189.7471	2.296807	0.6822102
33792	-1899.251	-2088.242	188.9904	1.267628	2.148822
33798	-1903.355	-2091.937	188.5822	1.527284	2.244984
33804	-1906.016	-2095.041	189.0254	1.40654	2.034564
33810	-1903.836	-2092.566	188.7303	1.40654	2.227407
33816	-1914.854	-2104.092	189.2374	1.417216	1.885072
33822	-1904.96	-2094.328	189.3684	1.493675	1.741836
33828	-1914.916	-2104.505	189.5893	1.51452	1.568591
33834	-1911.187	-2101.1	189.9128	1.694696	1.170297
33840	-1905.71	-2095.472	189.7619	1.730175	1.268089
33846	-1909.084	-2099.173	190.089	1.915996	0.7471319
33852	-1911.316	-2101.134	189.8184	2.17699	0.7614163
33858	-1904.884	-2094.661	189.7769	2.010753	1.003092
33864	-1905.27	-2095.266	189.9961	2.048113	0.6816831
33870	-1910.784	-2100.696	189.9126	2.085496	0.7573814
33876	-1912.763	-2102.743	189.98	2.070274	0.6700279
33882	-1918.813	-2108.858	190.0446	1.961985	0.7447191
33888	-1920.894	-2110.877	189.9831	1.896421	0.9066021
33894	-1911.574	-2101.489	189.9156	2.054898	0.7961817
33900	-1907.383	-2097.296	189.9129	2.129439	0.6851286
33906	-1908.948	-2098.921	189.9726	2.08648	0.6519766
33912	-1908.332	-2098.188	189.8555	2.242028	0.5085716
33918	-1914.952	-2104.771	189.8191	2.261885	0.5968008
33924	-1899.731	-2089.591	189.8596	1.888062	1.042253
33930	-1906.123	-2095.811	189.6887	2.408824	0.4937294
33936	-1906.526	-2096.202	189.6763	2.420735	0.4830637
33942	-1908.251	-2097.548	189.2963	1.468041	1.80981
33948	-1903.99	-2093.62	189.6306	1.610529	1.466114
33954	-1904.688	-2094.692	190.004	2.073302	0.607694
33960	-1899.095	-2089.008	189.9127	2.072498	0.7759111
33966	-1907.755	-2097.762	190.0077	2.014166	0.7206781
33972	-1901.472	-2091.454	189.9819	1.999761	0.7809506
33978	-1896.666	-2086.532	189.8663	2.197025	0.6426307
33984	-1922.24	-2111.881	189.6409	1.814712	1.298024
33990	-1897.634	-2087.532	189.8985	2.169528	0.6318207
33996	-1906.834	-2096.694	189.8598	2.20665	0.6355172
34002	-1897.249	-2087.095	189.8456	2.123116	0.7986032
34008	-1904.925	-2094.717	189.7926	2.287678	0.5990365
34014	-1911.648	-2101.348	189.7	1.786183	1.272943
34020	-1914.438	-2104.302	189.8635	2.108295	0.7944462
34026	-1921.001	-2110.812	189.8107	2.104567	0.8655832
34032	-1912.86	-2102.785	189.9247	1.866056	1.000016
34038	-1907.582	-2097.497	189.9158	2.004193	0.8600132
34044	-1911.981	-2102.049	190.0687	1.940821	0.7402851
34050	-1899.032	-2088.927	189.8955	2.097608	0.7646705
34056	-1906.04	-2096.029	189.9887	1.961331	0.8229046
34062	-1907.464	-2097.214	189.75	1.601037	1.381421
34068	-1897.911	-2087.503	189.5925	1.684265	1.439002
34074	-1917.893	-2107.807	189.9144	2.075284	0.7695866
34080	-1921.298	-2111.209	189.9115	2.055771	0.8004893
34086	-1913.926	-2103.835	189.9087	2.043697	0.8199398
34092	-1918.933	-2108.784	189.8501	2.028189	0.9079534
34098	-1921.462	-2111.272	189.8095	1.791165	1.176234
34104	-1919.465	-2109.151	189.6857	1.60003	1.432069
34110	-1907.099	-2096.814	189.7142	2.375611	0.4400462
34116	-1899.124	-2088.791	189.6662	2.424963	0.4453806
34122	-1913.246	-2102.938	189.6918	1.716144	1.336436
34128	-1920.944	-2110.303	189.3593	1.563474	1.699013
34134	-1908.429	-2098.319	189.8894	2.002016	0.8931892
34140	-1915.285	-2105.032	189.7467	2.350906	0.5004752
34146	-1913.578	-2103.321	189.743	2.354638	0.5004752
34152	-1915.502	-2105.301	189.7983	2.299007	0.4868323
34158	-1920.648	-2110.562	189.9144	2.125642	0.6893761
34164	-1915.018	-2104.806	189.7876	1.799552	1.187937
34170	-1928.824	-2118.092	189.2689	1.654634	1.698492
34176	-1929.37	-2118.566	189.1954	1.516349	1.846013
34182	-1914.358	-2103.4	189.0426	1.501489	1.959762
34188	-1914.758	-2104.28	189.5215	1.679007	1.496794
34194	-1918.644	-2108.341	189.6974	1.707123	1.339143
34200	-1920.742	-2110.529	189.7872	1.749874	1.230609
34206	-1934.381	-2123.877	189.4962	1.801815	1.42266
34212	-1915.621	-2105.294	189.6732	1.624744	1.42266
34218	-1918.523	-2108	189.4766	1.655996	1.547356
34224	-1930.883	-2119.928	189.045	1.462567	1.984242
34230	-1921.875	-2110.893	189.0174	1.490158	1.984242
34236	-1924.407	-2112.521	188.114	1.266631	2.702107
34242	-1916.168	-2105.354	189.1853	1.47986	1.877889
34248	-1915.39	-2104.701	189.3115	1.537172	1.751232
34254	-1914.928	-2103.734	188.8061	1.425332	2.166158
34260	-1914.909	-2103.835	188.9262	1.430079	2.084499
34266	-1920.093	-2109.179	189.0868	1.406816	1.99357
34272	-1915.364	-2104.31	188.9462	1.37833	2.105357
34278	-1907.061	-2096.03	188.9687	1.39305	2.080902
34284	-1916.261	-2105.863	189.602	1.580285	1.510465
34290	-1916.886	-2106.327	189.4412	1.594539	1.618166
34296	-1909.551	-2098.877	189.3258	1.482167	1.779623
34302	-1909.841	-2099.653	189.8127	1.654122	1.288823
34308	-1908.261	-2097.737	189.4759	1.582232	1.601917
34314	-1911.179	-2100.429	189.2501	1.527792	1.800455
34320	-1919.144	-2107.644	188.4996	1.312583	2.43407
34326	-1915.428	-2104.123	188.6949	1.326334	2.301578
34332	-1922.267	-2112.041	189.7733	1.798484	1.201166
34338	-1921.676	-2111.635	189.9594	1.833238	0.9981895
34344	-1922.011	-2111.29	189.2782	1.607712	1.725042
34350	-1917.628	-2107.611	189.983	1.909169	0.892323
34356	-1908.95	-2098.631	189.6813	1.618922	1.420961
34362	-1918.335	-2108.228	189.8922	1.703917	1.180181
34368	-1917.164	-2106.864	189.7	1.660342	1.374098
34374	-1924.921	-2114.591	189.67	1.69436	1.370999
34380	-1917.267	-2106.838	189.5712	1.466971	1.616436
34386	-1917.089	-2106.408	189.3183	1.577649	1.717999
34392	-1916.506	-2106.312	189.8056	1.981654	1.003537
34398	-1915.924	-2105.715	189.7905	1.816334	1.170802
34404	-1913.846	-2103.642	189.7954	1.91643	1.076236
34410	-1913.811	-2103.624	189.8132	2.268064	0.5960733
34416	-1904.149	-2094.048	189.8992	2.187744	0.5766526
34422	-1915.208	-2105.228	190.0198	1.915603	0.8412972
34428	-1913.194	-2102.911	189.7163	1.930694	1.135373
34434	-1909.308	-2099.152	189.8436	2.221218	0.6392923
34440	-1910.227	-2099.692	189.4655	1.528969	1.647907
34446	-1913.564	-2102.996	189.4326	1.577097	1.637
34452	-1914.353	-2103.686	189.333	1.479151	1.776666
34458	-1906.32	-2095.291	188.9714	1.338094	2.115213
34464	-1897.016	-2086.263	189.2465	1.388008	1.898731
34470	-1899.505	-2089.507	190.0012	1.97815	0.7841576
34476	-1911.652	-2101.686	190.0336	1.805433	0.9505221
34482	-1909.204	-2098.81	189.606	1.633243	1.467565
34488	-1899.775	-2089.477	189.7019	1.763036	1.290406
34494	-1925.901	-2113.813	187.912	1.365388	2.765257
34500	-1918.789	-2108.458	189.6687	1.78592	1.298768
34506	-1920.308	-2110.062	189.7538	1.796491	1.219403
34512	-1917.844	-2107.821	189.9776	1.761708	1.050258
34518	-1923.9	-2113.612	189.712	1.725133	1.312975
34524	-1927.86	-2116.635	188.7749	1.336881	2.243544
34530	-1917.513	-2107.38	189.8672	1.981819	0.9399207
34536	-1916.882	-2106.775	189.8934	1.820026	1.074706
34542	-1919.546	-2109.409	189.8632	1.82744	1.095814
34548	-1917.541	-2107.476	189.935	1.930177	0.9224689
34554	-1923.283	-2113.311	190.0284	1.917995	0.827564
34560	-1924.17	-2114.123	189.9524	1.849559	0.9887246
34566	-1913.619	-2103.647	190.0288	1.824679	0.9350851
34572	-1913.18	-2102.779	189.5994	1.766056	1.370127
34578	-1906.294	-2096.247	189.9531	1.903078	0.9321939
34584	-1907.376	-2097.224	189.8487	1.916538	1.025216
34590	-1913.853	-2103.732	189.8788	1.878734	1.032723
34596	-1918.753	-2108.545	189.7922	1.965374	1.032723
34602	-1908.359	-2098.26	189.9007	2.073906	0.790633
34608	-1913.954	-2103.875	189.9218	2.145215	0.6342462
34614	-1916.108	-2106.004	189.8961	2.19344	0.566233
34620	-1914.959	-2104.708	189.7492	2.340414	0.566233
34626	-1910.731	-2100.594	189.8639	2.209796	0.6176466
34632	-1917.982	-2107.821	189.8385	1.863277	1.085506
34638	-1919.602	-2109.43	189.8275	1.691802	1.245531
34644	-1920.99	-2110.796	189.8061	2.24261	0.6731455
34650	-1913.382	-2103.262	189.8806	2.181913	0.6445712
34656	-1909.087	-2099.052	189.9648	2.069613	0.6995142
34662	-1910.913	-2100.579	189.666	1.778293	1.307155
34668	-1916.296	-2105.162	188.866	1.597474	2.013602
34674	-1915.863	-2105.006	189.1431	1.542031	1.864235
34680	-1911.422	-2101.402	189.9804	1.873468	0.9346717
34686	-1903.695	-2093.683	189.9877	1.866162	0.9346717
34692	-1918.261	-2107.962	189.7014	1.81349	1.249173
34698	-1912.851	-2102.548	189.6976	1.691454	1.351496
34704	-1918.604	-2108.402	189.7979	1.844719	1.139286
34710	-1916.533	-2106.258	189.7252	1.890188	1.16336
34716	-1917.414	-2107.315	189.9018	1.968397	0.9169479
34722	-1920.888	-2110.774	189.886	2.042715	0.8493961
34728	-1921.925	-2111.589	189.664	2.033841	1.089207
34734	-1916.577	-2106.373	189.7953	1.723955	1.245554
34740	-1911.091	-2100.933	189.8419	1.892454	1.054978
34746	-1919.049	-2108.913	189.8643	1.918279	1.008147
34752	-1920.479	-2110.286	189.8066	1.848131	1.128414
34758	-1907.385	-2097.327	189.9426	1.970312	0.8684184
34764	-1914.056	-2103.993	189.9368	1.976026	0.8684184
34770	-1916.662	-2106.497	189.8347	1.976026	0.9798674
34776	-1909.4	-2099.344	189.9442	1.928167	0.9145641
34782	-1907.757	-2097.648	189.891	2.167563	0.653004
34788	-1907.893	-2098.007	190.114	1.738243	0.9364226
34794	-1924.787	-2114.638	189.8506	1.965049	0.9748337
34800	-1914.888	-2104.662	189.7744	1.802307	1.196928
34806	-1912.566	-2102.463	189.8974	1.715371	1.165682
34812	-1915.348	-2105.123	189.7757	1.83702	1.165682
34818	-1917.85	-2107.729	189.8783	1.898725	1.013648
34824	-1905.965	-2095.801	189.8363	1.989	0.9648462
34830	-1909.449	-2099.433	189.9848	1.830071	0.9756102
34836	-1909.937	-2099.835	189.8986	1.948952	0.9414222
34842	-1905.161	-2094.736	189.5755	1.693486	1.444925
34848	-1911.505	-2100.936	189.4308	1.528147	1.673325
34854	-1899.692	-2089.669	189.9775	1.96012	0.8385595
34860	-1905.558	-2095.529	189.9709	1.986944	0.8129332
34866	-1906.407	-2096.347	189.9393	1.988372	0.8507125
34872	-1904.819	-2094.488	189.6691	1.714148	1.356038
34878	-1904.839	-2094.759	189.9208	1.797834	1.069777
34884	-1916.689	-2106.593	189.9038	1.934216	0.9515079
34890	-1908.377	-2098.393	190.0161	1.868791	0.9005603
34896	-1909.419	-2099.401	189.9819	1.893054	0.9116293
34902	-1909.714	-2099.715	190.0005	1.909047	0.8723526
34908	-1911.729	-2101.45	189.7208	2.008904	1.059379
34914	-1912.162	-2102.118	189.956	1.784838	1.048773
34920	-1898.906	-2088.871	189.9655	1.856618	0.9681942
34926	-1904.947	-2094.717	189.7702	1.744774	1.249111
34932	-1912.046	-2101.853	189.8072	1.896182	1.084012
34938	-1910.599	-2100.47	189.8711	1.832303	1.084012
34944	-1905.725	-2095.664	189.9386	1.920585	0.9289586
34950	-1917.929	-2107.909	189.9802	1.912479	0.8918129
34956	-1914.274	-2104.184	189.9102	2.041527	0.8208077
34962	-1920.61	-2110.47	189.8605	2.092268	0.8194578
34968	-1921.658	-2111.525	189.8667	2.111517	0.7856933
34974	-1922.055	-2112.008	189.9526	2.014451	0.8007962
34980	-1921.378	-2111.202	189.8235	2.219609	0.6837381
34986	-1918.611	-2108.436	189.8241	2.076976	0.8822112
34992	-1923.543	-2113.483	189.9396	1.940341	0.9061184
34998	-1920.03	-2109.808	189.7782	2.305004	0.589873
35004	-1916.85	-2106.757	189.9067	2.07134	0.7859127
35010	-1915.712	-2105.617	189.9049	2.101684	0.7447829
35016	-1914.187	-2104.1	189.9128	2.144914	0.6548838
35022	-1899.85	-2089.671	189.821	2.15256	0.7919741
35028	-1914.856	-2104.52	189.664	2.066363	1.058801
35034	-1919.15	-2108.948	189.7986	2.197109	0.760952
35040	-1917.737	-2107.636	189.8992	2.089157	0.7715381
35046	-1910.332	-2100.164	189.8315	2.164535	0.7604202
35052	-1928.64	-2117.181	188.5407	1.258227	2.442399
35058	-1928.269	-2116.657	188.3888	1.258142	2.537491
35064	-1924.853	-2114.792	189.9399	1.823248	1.027285
35070	-1916.471	-2106.268	189.797	2.2819	0.6030453
35076	-1910.09	-2099.906	189.8155	2.210985	0.7130792
35082	-1918.344	-2108.178	189.8342	2.26066	0.5382418
35088	-1914.435	-2104.338	189.9024	2.165177	0.6327382
35094	-1914.199	-2104.152	189.9527	1.856246	0.9816781
35100	-1913.82	-2103.618	189.7984	1.885913	1.101589
35106	-1914.912	-2104.799	189.8872	2.037353	0.8544448
35112	-1912.638	-2102.451	189.8131	2.263249	0.6104806
35118	-1909.191	-2098.898	189.7075	2.388996	0.5241934
35124	-1908.67	-2098.273	189.6028	2.476274	0.4097049
35130	-1924.589	-2114.531	189.9423	2.016002	0.8122585
35136	-1932.222	-2122.168	189.9458	1.858806	0.9860779
35142	-1911.802	-2101.542	189.7402	2.349152	0.5670075
35148	-1914.56	-2104.207	189.6468	2.450695	0.5069492
35154	-1914.983	-2104.865	189.8824	2.16314	0.6792213
35160	-1917.474	-2107.25	189.7761	2.285802	0.6457316
35166	-1919.654	-2109.478	189.8238	2.267457	0.55854
35172	-1919.263	-2109.254	189.9908	2.013416	0.7483239
35178	-1913.367	-2103.349	189.9812	2.023017	0.7483239
35184	-1918.886	-2108.887	190.001	1.898903	0.8835331
35190	-1919.607	-2109.533	189.9254	2.14404	0.6283843
35196	-1909.426	-2099.29	189.8647	2.114994	0.7836941
35202	-1906.566	-2096.435	189.8689	2.096604	0.8028409
35208	-1909.06	-2098.931	189.8705	2.094964	0.8028409
35214	-1902.72	-2092.61	189.8901	2.132621	0.7193015
35220	-1909.945	-2099.926	189.981	2.03283	0.7334875
35226	-1912.927	-2102.895	189.9681	1.975332	0.8312303
35232	-1918.933	-2108.649	189.7161	1.7369	1.300096
35238	-1919.01	-2109.013	190.0033	1.908019	0.8702753
35244	-1920.257	-2110.104	189.8466	2.067842	0.8665839
35250	-1918.866	-2108.755	189.8883	2.037666	0.8527596
35256	-1921.59	-2111.417	189.8274	2.02714	0.9339354
35262	-1913.617	-2103.448	189.8313	2.261136	0.4507297
35268	-1907.703	-2097.468	189.7656	2.316967	0.4181757
35274	-1909.627	-2099.376	189.749	2.339802	0.4363354
35280	-1929.356	-2119.279	189.9233	1.827511	1.03921
35286	-1922.836	-2112.789	189.9522	1.798648	1.03921
35292	-1913.653	-2103.241	189.5879	1.727142	1.409471
35298	-1913.499	-2103.114	189.6149	1.665378	1.436247
35304	-1915.838	-2105.612	189.7739	1.70227	1.281179
35310	-1917.643	-2107.517	189.8741	1.873285	1.042562
35316	-1912.761	-2102.618	189.8562	1.85977	1.072361
35322	-1906.433	-2096.369	189.9368	1.857253	0.9967233
35328	-1916.675	-2106.584	189.9089	1.94594	0.9336516
35334	-1918.836	-2108.71	189.8744	2.113261	0.7724472
35340	-1921.611	-2111.396	189.7852	1.921841	1.080634
35346	-1912.843	-2102.833	189.9902	1.939787	0.8479454
35352	-1923.453	-2113.404	189.9507	1.89398	0.9444867
35358	-1922.56	-2112.473	189.913	1.931651	0.9444867
35364	-1914.343	-2104.386	190.0434	1.825803	0.9179782
35370	-1906.426	-2096.422	189.9959	1.787594	1.007234
35376	-1909.125	-2098.783	189.6578	1.766491	1.323318
35382	-1908.709	-2098.652	189.9426	1.740706	1.102546
35388	-1909.614	-2099.405	189.7914	1.897186	1.097756
35394	-1903.959	-2093.864	189.9058	1.782746	1.097756
35400	-1911.179	-2101.104	189.9248	2.066669	0.7670606
35406	-1903.829	-2093.773	189.9435	2.076568	0.7236262
35412	-1906.401	-2096.26	189.8588	1.748245	1.170631
35418	-1905.39	-2095.217	189.8273	1.645565	1.283946
35424	-1907.026	-2096.433	189.4062	1.656103	1.598901
35430	-1905.927	-2095.331	189.4047	1.643344	1.609261
35436	-1908.648	-2098.135	189.4868	1.576257	1.598366
35442	-1899.085	-2088.591	189.5058	1.581204	1.580873
35448	-1909.609	-2099.268	189.6596	1.792794	1.300574
35454	-1910.856	-2100.736	189.8798	2.063213	0.8318269
35460	-1904.322	-2094.26	189.9378	2.100891	0.6919153
35466	-1917.754	-2107.601	189.8473	2.159266	0.7448424
35472	-1906.823	-2096.637	189.8135	2.138466	0.820498
35478	-1918.377	-2108.276	189.8988	1.952622	0.9372596
35484	-1913.691	-2103.612	189.9212	1.917888	0.950465
35490	-1922.192	-2112.238	190.0456	1.914293	0.8102606
35496	-1917.955	-2107.889	189.9333	2.037472	0.7958031
35502	-1911.343	-2100.96	189.6165	1.896593	1.250684
35508	-1916.864	-2106.64	189.7757	1.852735	1.151836
35514	-1922.799	-2112.745	189.9461	2.059162	0.7466747
35520	-1906.973	-2096.915	189.942	1.828243	1.02029
35526	-1921.954	-2111.624	189.6703	1.718939	1.351278
35532	-1916.791	-2106.386	189.5948	1.684095	1.437349
35538	-1910.862	-2100.756	189.8939	1.71445	1.169532
35544	-1919.285	-2109.046	189.7615	1.745444	1.255773
35550	-1914.699	-2104.368	189.6688	1.713296	1.356984
35556	-1913.097	-2102.841	189.7436	1.802734	1.222761
35562	-1903.728	-2093.713	189.9849	2.056291	0.6873841
35568	-1905.405	-2095.327	189.9226	1.962567	0.9002712
35574	-1896.206	-2086.169	189.9631	2.024213	0.7730125
35580	-1900.812	-2090.909	190.0974	1.889898	0.7730125
35586	-1899.897	-2089.882	189.9854	2.036956	0.7198763
35592	-1923.18	-2113.07	189.89	1.905263	0.9955179
35598	-1907.669	-2097.69	190.0211	1.81721	0.9512454
35604	-1920.555	-2110.518	189.9633	2.092018	0.6599149
35610	-1922.155	-2111.978	189.8229	1.679115	1.259903
35616	-1915.385	-2105.239	189.8536	1.814933	1.116027
35622	-1913.241	-2103.046	189.8051	2.028807	0.955906
35628	-1900.181	-2090.163	189.9827	2.046164	0.7090019
35634	-1914.775	-2104.761	189.9867	2.049038	0.6970846
35640	-1923.528	-2113.451	189.9238	2.111964	0.6970846
35646	-1917.439	-2107.413	189.9739	2.063817	0.6936905
35652	-1910.222	-2100.085	189.8633	2.222823	0.5798283
35658	-1915.081	-2104.957	189.8767	2.209381	0.5798283
35664	-1919.421	-2109.417	189.9968	2.072974	0.6275001
35670	-1920.355	-2110.383	190.0281	1.882631	0.8709119
35676	-1909.954	-2099.924	189.9697	1.985451	0.8163902
35682	-1923.003	-2112.954	189.9509	2.092733	0.6827874
35688	-1911.305	-2101.293	189.9884	2.030508	0.7254515
35694	-1909.782	-2099.762	189.9803	2.040209	0.7229442
35700	-1911.12	-2101.126	190.006	2.067309	0.6186148
35706	-1920.512	-2110.47	189.9577	2.137758	0.5338276
35712	-1919.233	-2109.027	189.7939	2.169788	0.8052241
35718	-1921.233	-2111.185	189.9521	2.064054	0.7298769
35724	-1900.363	-2090.389	190.0262	1.864962	0.893496
35730	-1914.232	-2104.206	189.9745	2.10021	0.6147971
35736	-1910.942	-2100.799	189.8562	2.194523	0.6691272
35742	-1903.966	-2093.989	190.0237	2.02704	0.6691272
35748	-1915.628	-2105.571	189.9424	2.125217	0.6328368
35754	-1915.762	-2105.672	189.9099	1.983681	0.8907981
35760	-1906.868	-2096.758	189.8897	1.741491	1.149421
35766	-1908.555	-2098.422	189.8675	1.977476	0.9441896
35772	-1921.654	-2111.656	190.0023	2.062218	0.6400656
35778	-1917.441	-2107.323	189.8818	2.189044	0.6249041
35784	-1915.306	-2105.207	189.9012	2.13763	0.691557
35790	-1914.196	-2104.176	189.9799	1.941825	0.8578731
35796	-1913.986	-2103.78	189.7935	1.962909	1.033825
35802	-1913.832	-2103.601	189.7686	1.887904	1.126846
35808	-1921.305	-2111.186	189.8803	1.872641	1.037203
35814	-1917.617	-2107.513	189.8967	1.849797	1.043338
35820	-1919.782	-2109.517	189.7357	1.848792	1.190169
35826	-1921.45	-2111.238	189.7886	1.848792	1.143895
35832	-1925.411	-2115.307	189.8964	1.823575	1.068554
35838	-1913.226	-2103.237	190.0107	1.986345	0.7589474
35844	-1917.91	-2107.866	189.9564	1.986345	0.8321526
35850	-1922.196	-2112.096	189.9004	2.042326	0.8321526
35856	-1921.974	-2112.04	190.0655	2.002897	0.6308154
35862	-1910.501	-2100.427	189.9258	2.171666	0.5089241
35868	-1911.631	-2101.536	189.9047	2.181497	0.5793619
35874	-1905.581	-2095.481	189.9	2.186207	0.5793619
35880	-1903.46	-2093.326	189.8662	2.219993	0.5793619
35886	-1903.357	-2093.282	189.9252	2.15524	0.5985006
35892	-1906.801	-2096.784	189.983	2.040786	0.7174883
35898	-1902.018	-2092.042	190.0232	2.000632	0.7174883
35904	-1907.36	-2097.264	189.9041	2.119948	0.7171204
35910	-1917.217	-2107.047	189.83	1.763088	1.182763
35916	-1905.859	-2095.618	189.7593	1.776854	1.231385
35922	-1900.886	-2090.752	189.8661	1.959161	0.9649043
35928	-1904.367	-2094.34	189.9731	2.032739	0.7458684
35934	-1903.179	-2093.093	189.9139	2.089592	0.7493684
35940	-1911.399	-2101.392	189.9931	1.912781	0.8765903
35946	-1912.537	-2102.287	189.7495	1.690701	1.310472
35952	-1908.576	-2098.204	189.6284	1.649058	1.438415
35958	-1904.419	-2094.093	189.675	1.602525	1.438415
35964	-1912.794	-2102.462	189.6683	1.652279	1.40519
35970	-1913.047	-2102.875	189.8278	1.69813	1.239974
35976	-1916.396	-2106.263	189.867	2.041505	0.8735581
35982	-1924.17	-2113.901	189.7314	1.957921	1.096995
35988	-1911.77	-2101.677	189.9069	2.058732	0.8026864
35994	-1917.79	-2107.766	189.9762	1.989399	0.8026864
36000	-1915.086	-2105.214	190.1273	1.838325	0.8026864
36006	-1909.38	-2099.21	189.83	2.202819	0.7023011
36012	-1912.979	-2102.845	189.8656	2.228864	0.4614234
36018	-1909.073	-2098.776	189.7034	2.386917	0.4420014
36024	-1907.373	-2097.177	189.8036	2.284399	0.5727895
36030	-1901.076	-2090.884	189.8081	2.284399	0.5521878
36036	-1906.341	-2096.216	189.8758	2.182825	0.6529322
36042	-1912.633	-2102.568	189.9349	2.132292	0.6337718
36048	-1896.642	-2086.535	189.8931	2.122013	0.7314707
36054	-1899.748	-2089.792	190.0438	1.971366	0.7314707
36060	-1902.154	-2092.017	189.8626	2.063069	0.8531031
36066	-1915.096	-2105.071	189.9753	1.950413	0.8531031
36072	-1910.067	-2099.878	189.8116	2.285453	0.4833759
36078	-1907.657	-2097.442	189.7846	2.310301	0.5376351
36084	-1914.547	-2104.506	189.9582	2.097225	0.6595816
36090	-1907.124	-2096.879	189.7551	2.342506	0.5043155
36096	-1912.215	-2101.913	189.6977	2.39647	0.4594852
36102	-1912.605	-2102.367	189.7619	2.324238	0.4280955
36108	-1912.705	-2102.586	189.8808	2.215583	0.5252666
36114	-1913.934	-2103.718	189.7837	2.312512	0.5268023
36120	-1923.907	-2113.669	189.7619	2.335415	0.5133143
36126	-1916.979	-2106.772	189.7929	2.304406	0.5131045
36132	-1913.07	-2102.957	189.8871	2.207123	0.5423061
36138	-1905.253	-2095.057	189.8033	2.287165	0.56229
36144	-1911.495	-2101.363	189.8678	2.222693	0.56229
36150	-1909.392	-2099.159	189.7668	1.675601	1.308712
36156	-1902.801	-2092.136	189.3356	1.681226	1.631818
36162	-1904.336	-2094.054	189.7187	1.731779	1.302177
36168	-1911.452	-2101.338	189.8856	1.731779	1.161559
36174	-1912.617	-2102.513	189.8962	1.734855	1.149562
36180	-1907.141	-2096.997	189.8563	1.8631	1.069142
36186	-1910.665	-2100.476	189.811	1.908362	1.069142
36192	-1901.722	-2091.6	189.8774	1.88342	1.029571
36198	-1901.186	-2091.209	190.0232	1.899003	0.8572608
36204	-1898.013	-2087.949	189.9364	1.834759	1.019413
36210	-1913.139	-2103.044	189.9043	1.787019	1.09523
36216	-1911.637	-2101.472	189.8356	1.788368	1.155791
36222	-1901.907	-2091.841	189.934	1.758268	1.09435
36228	-1918.46	-2108.338	189.8781	1.814134	1.09435
36234	-1915.374	-2105.25	189.8761	1.874832	1.039103
36240	-1903.921	-2093.836	189.9153	1.915166	0.9594423
36246	-1909.941	-2099.665	189.7233	1.920186	1.138535
36252	-1902.369	-2092.199	189.8305	1.959126	1.001112
36258	-1901.072	-2090.947	189.8746	1.94727	0.968428
36264	-1893.238	-2083.209	189.9709	1.857448	0.9617327
36270	-1893.961	-2083.833	189.8715	1.969286	0.9486373
36276	-1904.635	-2094.608	189.9733	1.961879	0.8415487
36282	-1906.139	-2095.995	189.8557	1.993984	0.9392018
36288	-1900.219	-2090.068	189.8485	1.78119	1.150801
36294	-1910.999	-2100.982	189.983	1.680236	1.120822
36300	-1911.785	-2101.646	189.861	1.775652	1.144578
36306	-1909.931	-2099.835	189.9039	1.864468	1.022153
36312	-1928.345	-2118.184	189.8396	1.775687	1.16346
36318	-1922.605	-2112.426	189.8202	1.840133	1.123409
36324	-1914.14	-2104.176	190.036	1.892743	0.8494672
36330	-1916.091	-2106.099	190.0081	1.8849	0.8914606
36336	-1919.717	-2109.563	189.8464	2.204312	0.6692848
36342	-1914.747	-2104.706	189.9588	2.12794	0.5774409
36348	-1918.326	-2108.22	189.8937	2.181025	0.614879
36354	-1908.35	-2098.188	189.8371	2.196224	0.7013533
36360	-1896.901	-2086.862	189.961	2.063087	0.7169929
36366	-1895.485	-2085.424	189.9389	1.956223	0.8890314
36372	-1898.54	-2088.469	189.9284	2.007243	0.8410089
36378	-1913.004	-2102.919	189.9148	2.03742	0.820125
36384	-1910.876	-2100.865	189.9891	1.792936	1.008746
36390	-1915.14	-2105.118	189.9778	1.827869	0.9850041
36396	-1913.587	-2103.393	189.8059	1.882694	1.097681
36402	-1913.49	-2103.276	189.7857	1.917543	1.084218
36408	-1918.444	-2108.209	189.7651	1.938138	1.084218
36414	-1908.903	-2098.807	189.9039	1.988295	0.8923878
36420	-1914.955	-2104.865	189.9103	1.90805	0.9720858
36426	-1907.321	-2097.16	189.8387	2.136726	0.7895097
36432	-1908.775	-2098.75	189.9747	2.033033	0.74299
36438	-1910.477	-2100.354	189.8769	2.174088	0.6687133
36444	-1920.943	-2110.829	189.8862	2.024094	0.8714786
36450	-1910.869	-2100.69	189.8212	2.26197	0.5899697
36456	-1923.819	-2113.633	189.8137	2.261313	0.614003
36462	-1917.128	-2106.993	189.8643	2.232366	0.4778267
36468	-1921.699	-2111.408	189.7086	2.387231	0.5305449
36474	-1913.785	-2103.666	189.8812	2.180084	0.6471317
36480	-1918.258	-2108.1	189.8419	2.132991	0.7901829
36486	-1923.78	-2113.785	190.0051	1.884103	0.8957266
36492	-1928.65	-2118.359	189.7086	2.380832	0.4387242
36498	-1929.413	-2119.069	189.6559	2.429737	0.4264043
36504	-1921.898	-2111.781	189.8839	2.001564	0.8999762
36510	-1922.781	-2112.722	189.9409	1.965512	0.8759459
36516	-1918.886	-2108.835	189.9494	1.954296	0.8791673
36522	-1910.174	-2100.003	189.8298	1.975908	0.9849656
36528	-1892.952	-2082.964	190.0117	1.860173	0.915088
36534	-1901.554	-2091.354	189.8004	2.230704	0.7051756
36540	-1895.918	-2085.639	189.721	2.363175	0.4224637
36546	-1894.774	-2084.606	189.8313	2.252498	0.5877004
36552	-1898.551	-2088.291	189.7403	2.350538	0.4438959
36558	-1919.682	-2109.516	189.8339	2.256913	0.4438959
36564	-1909.898	-2099.743	189.845	2.250831	0.5308001
36570	-1902.74	-2092.559	189.8189	2.273385	0.5536272
36576	-1914.248	-2104.123	189.8756	2.203568	0.6024633
36582	-1923.235	-2112.992	189.7568	2.306103	0.6435089
36588	-1915.447	-2105.378	189.9313	2.141729	0.6193692
36594	-1909.436	-2099.275	189.8395	2.24977	0.5673238
36600	-1926.003	-2115.843	189.8398	2.255144	0.5374624
36606	-1928.775	-2118.497	189.7218	2.375424	0.5143891
36612	-1915.257	-2105.052	189.7953	1.63084	1.321865
36618	-1918.899	-2108.459	189.5606	1.672138	1.472493
36624	-1916.355	-2105.92	189.5641	1.626347	1.504382
36630	-1927.658	-2117.372	189.7134	1.697318	1.334231
36636	-1926.186	-2115.675	189.4884	1.6535	1.540486
36642	-1901.402	-2091.002	189.6002	2.443263	0.3529434
36648	-1906.65	-2096.114	189.4648	2.561324	0.3339601
36654	-1905.999	-2095.498	189.5	2.545604	0.3555265
36660	-1908.521	-2098.012	189.4912	2.55602	0.3575379
36666	-1910.068	-2099.539	189.4713	2.54308	0.3226799
36672	-1914.419	-2103.663	189.2444	2.73504	0.2946244
36678	-1905.345	-2094.905	189.5599	2.503901	0.3810229
36684	-1900.364	-2090.003	189.639	2.424843	0.3810229
36690	-1899.346	-2088.975	189.6292	2.433959	0.3799611
36696	-1903.667	-2093.194	189.5272	2.536017	0.3799611
36702	-1918.484	-2108.383	189.8988	1.973743	0.9143149
36708	-1920.215	-2110.089	189.8746	1.764253	1.142652
36714	-1922.176	-2111.958	189.7813	1.651887	1.316156
36720	-1923.824	-2113.484	189.6597	1.776762	1.313541
36726	-1936.525	-2126.245	189.7198	1.458698	1.513265
36732	-1917.735	-2107.598	189.8636	2.232375	0.5296552
36738	-1922.321	-2112.178	189.8567	2.240654	0.510972
36744	-1925.522	-2115.035	189.5124	1.612891	1.552758
36750	-1916.66	-2106.025	189.3644	1.539525	1.712361
36756	-1917.229	-2106.623	189.3942	1.637508	1.621053
36762	-1911.371	-2100.86	189.4886	1.646388	1.545596
36768	-1917.358	-2106.795	189.4377	1.647472	1.582202
36774	-1910.385	-2099.553	189.1677	1.581059	1.820623
36780	-1920.205	-2109.101	188.8957	1.474166	2.075576
36786	-1918.881	-2108.16	189.2794	1.582617	1.741826
36792	-1920.885	-2109.752	188.8676	1.536613	2.052896
36798	-1916.069	-2105.527	189.4583	1.597534	1.603601
36804	-1908.336	-2097.482	189.146	1.450959	1.92417
36810	-1913.382	-2102.512	189.1303	1.618157	1.8208
36816	-1906.695	-2096.28	189.5856	1.601244	1.507039
36822	-1921.879	-2111.612	189.733	1.726318	1.294947
36828	-1924.995	-2114.588	189.593	1.780143	1.364013
36834	-1922.702	-2112.645	189.9429	1.684429	1.152844
36840	-1928.94	-2118.412	189.4719	1.627902	1.571499
36846	-1904.54	-2093.987	189.4473	1.649418	1.573743
36852	-1901.777	-2091.584	189.8076	1.751834	1.21172
36858	-1913.355	-2102.725	189.3703	1.726006	1.574102
36864	-1917.848	-2106.847	188.9997	1.516789	1.978251
36870	-1916.408	-2105.086	188.6778	1.454479	2.230354
36876	-1919.666	-2108.192	188.5267	1.415751	2.351735
36882	-1919.282	-2108.074	188.7922	1.406904	2.187135
36888	-1911.601	-2100.718	189.1171	1.432832	1.955813
36894	-1911.977	-2101.157	189.1806	1.414261	1.925552
36900	-1914.834	-2103.725	188.8909	1.29113	2.198202
36906	-1915.053	-2103.298	188.2457	1.137611	2.700465
36912	-1915.151	-2104.975	189.8239	1.777251	1.175759
36918	-1922.912	-2112.628	189.7158	1.815945	1.235125
36924	-1927.106	-2116.934	189.828	1.879926	1.079829
36930	-1915.326	-2105.212	189.8862	1.821683	1.079829
36936	-1919.953	-2109.581	189.6275	1.821544	1.303311
36942	-1929.023	-2117.943	188.9206	1.495376	2.045154
36948	-1930.334	-2119.559	189.2248	1.526463	1.81885
36954	-1924.467	-2114.071	189.6036	1.822502	1.32184
36960	-1925.333	-2114.9	189.5672	1.739548	1.415934
36966	-1921.548	-2111.217	189.6684	1.660483	1.398743
36972	-1908.839	-2098.596	189.7573	1.858653	1.162889
36978	-1906.387	-2096.303	189.9156	1.864405	1.010701
36984	-1918.187	-2107.968	189.7808	1.717048	1.263377
36990	-1926.246	-2116.06	189.8147	2.037532	0.9364141
36996	-1921.953	-2112.01	190.0573	1.989324	0.6770781
37002	-1922.711	-2112.713	190.0017	1.812189	0.9765953
37008	-1923.482	-2113.448	189.9658	2.017848	0.7780807
37014	-1921.212	-2111.164	189.9513	2.02371	0.7901085
37020	-1925.167	-2115.076	189.9084	2.101216	0.7401391
37026	-1913.379	-2103.312	189.9334	2.074107	0.7434075
37032	-1924.081	-2113.856	189.7755	2.296064	0.6231212
37038	-1930.587	-2120.308	189.7209	2.3752	0.5284496
37044	-1931.95	-2121.78	189.8304	2.243056	0.6180353
37050	-1928.665	-2118.514	189.8487	2.18241	0.7051142
37056	-1918.162	-2108.025	189.8626	2.214372	0.6085129
37062	-1922.387	-2112.118	189.7314	2.357205	0.5703755
37068	-1936.13	-2125.842	189.7122	2.353803	0.6365135
37074	-1911.224	-2101.327	190.1029	1.807441	0.8713797
37080	-1899.564	-2089.505	189.9413	1.911491	0.9357938
37086	-1902.034	-2091.997	189.9625	1.877224	0.9497618
37092	-1917.944	-2107.763	189.8195	1.842459	1.121986
37098	-1914.784	-2104.608	189.824	1.722003	1.223057
37104	-1911.007	-2100.965	189.9575	2.088278	0.6787389
37110	-1924.876	-2114.416	189.5401	1.615187	1.530537
37116	-1929.094	-2118.35	189.2561	1.576872	1.76219
37122	-1916.585	-2105.987	189.4018	1.637272	1.615728
37128	-1926.564	-2115.627	189.0639	1.744399	1.77936
37134	-1921.478	-2110.84	189.3621	1.44951	1.777036
37140	-1931.532	-2120.81	189.2779	1.6379	1.703965
37146	-1923.678	-2112.429	188.7513	1.406847	2.213605
37152	-1913.017	-2102.978	189.9618	1.940739	0.8804899
37158	-1917	-2106.857	189.8575	1.719985	1.196276
37164	-1912.72	-2101.914	189.1944	1.640959	1.760528
37170	-1906.102	-2095.524	189.4219	1.625365	1.609847
37176	-1910.989	-2100.706	189.7173	1.742547	1.294571
37182	-1918.516	-2108.231	189.715	1.938649	1.129438
37188	-1909.964	-2099.596	189.6321	1.739781	1.365054
37194	-1911.908	-2101.567	189.6593	1.852472	1.251833
37200	-1904.633	-2093.473	188.8398	1.535885	2.071717
37206	-1913.048	-2102.308	189.2597	1.551203	1.777588
37212	-1900.532	-2089.616	189.0832	1.495652	1.936348
37218	-1912.383	-2101.009	188.6262	1.348666	2.331167
37224	-1902.427	-2091.083	188.6566	1.33952	2.317626
37230	-1903.163	-2090.888	187.7251	1.236635	2.956545
37236	-1918.211	-2106.006	187.7948	1.301025	2.875608
37242	-1919.986	-2107.968	187.9815	1.192844	2.82799
37248	-1918.816	-2106.393	187.5776	1.176379	3.081026
37254	-1917.149	-2105.779	188.6299	1.492775	2.236485
37260	-1914.387	-2104.025	189.6378	1.714308	1.380587
37266	-1930.122	-2118.979	188.8574	1.525455	2.06699
37272	-1931.926	-2121.826	189.8993	1.756473	1.127523
37278	-1931.819	-2121.529	189.7098	1.788423	1.263046
37284	-1929.735	-2118.774	189.0383	1.392825	2.035097
37290	-1920.528	-2109.505	188.9775	1.509137	1.998191
37296	-1916.524	-2105.395	188.8705	1.506005	2.071191
37302	-1919.621	-2108.964	189.3425	1.57317	1.704074
37308	-1916.114	-2105.281	189.1663	1.559321	1.836531
37314	-1910.195	-2097.837	187.6419	1.21528	3.019335
37320	-1914.361	-2104.112	189.7513	1.918423	1.114941
37326	-1911.07	-2100.953	189.8828	1.78648	1.115354
37332	-1912.263	-2101.864	189.6015	1.700886	1.419261
37338	-1909.618	-2098.997	189.3794	1.662705	1.613571
37344	-1911.399	-2100.978	189.579	1.46164	1.614606
37350	-1911.853	-2100.746	188.8932	1.515308	2.050092
37356	-1906.548	-2095.493	188.9448	1.47555	2.042212
37362	-1915.112	-2103.963	188.8509	1.569542	2.042212
37368	-1919.131	-2108.048	188.9175	1.406356	2.105838
37374	-1913.653	-2103.573	189.92	1.776535	1.090351
37380	-1910.219	-2100.201	189.9816	1.920253	0.8812246
37386	-1910.074	-2100.127	190.0528	1.849124	0.8812246
37392	-1907.21	-2097.172	189.9619	1.963361	0.8535944
37398	-1907.009	-2096.935	189.9255	1.918379	0.9454059
37404	-1901.954	-2091.778	189.824	1.91331	1.052156
37410	-1901.16	-2091.025	189.8648	1.872544	1.052156
37416	-1904.641	-2094.597	189.9559	1.844508	0.9903291
37422	-1915.443	-2104.818	189.3746	1.595489	1.66537
37428	-1923.108	-2112.214	189.1058	1.456107	1.947773
37434	-1910.081	-2099.966	189.885	2.125755	0.7382915
37440	-1908.94	-2098.286	189.3459	1.525192	1.735463
37446	-1909.765	-2099.149	189.3846	1.543407	1.695303
37452	-1900.206	-2090.094	189.8883	2.178932	0.633555
37458	-1908.6	-2098.527	189.9276	2.133847	0.6467531
37464	-1915.714	-2105.652	189.9384	2.038388	0.7876575
37470	-1909.63	-2099.627	189.9973	1.979514	0.7876575
37476	-1908.506	-2098.351	189.8449	1.915451	1.030036
37482	-1909.248	-2098.336	189.0882	1.606454	1.857754
37488	-1905.183	-2094.535	189.3522	1.543829	1.717948
37494	-1908.363	-2097.895	189.5319	1.522667	1.604524
37500	-1913.414	-2103.258	189.8441	1.762166	1.171334
37506	-1917.7	-2107.558	189.8578	1.73998	1.178706
37512	-1911.377	-2101.177	189.7999	1.850222	1.132569
37518	-1905.677	-2095.541	189.864	1.82505	1.097292
37524	-1911.169	-2100.876	189.7072	1.761854	1.287047
37530	-1924.885	-2114.022	189.1373	1.547716	1.864356
37536	-1921.622	-2111.032	189.4091	1.705017	1.560996
37542	-1916.23	-2105.938	189.7077	1.688523	1.345776
37548	-1925.305	-2114.803	189.498	1.623026	1.555907
37554	-1917.93	-2107.708	189.7781	1.934025	1.075922
37560	-1915.405	-2104.679	189.2743	1.400886	1.871077
37566	-1909.716	-2098.602	188.8859	1.393839	2.134668
37572	-1914.122	-2104.087	189.9648	1.921877	0.8985893
37578	-1917.005	-2106.91	189.905	2.023481	0.8496976
37584	-1919.593	-2109.426	189.8334	2.110512	0.8306998
37590	-1918.985	-2108.767	189.7816	1.756302	1.229944
37596	-1913.172	-2102.886	189.7144	1.756302	1.285671
37602	-1922.412	-2112.099	189.6864	1.799221	1.273456
37608	-1911.019	-2100.903	189.8841	1.940636	0.9654561
37614	-1918.682	-2108.633	189.9518	1.954658	0.8759277
37620	-1919.815	-2109.623	189.8086	1.948818	1.032835
37626	-1920.144	-2109.973	189.8291	2.144102	0.7924604
37632	-1922.383	-2112.138	189.7551	2.341793	0.4808218
37638	-1917.02	-2106.777	189.7575	2.332763	0.4418212
37644	-1915.649	-2105.422	189.7731	2.316689	0.5651351
37650	-1916.542	-2106.405	189.8623	1.674658	1.230672
37656	-1918.406	-2108.096	189.6902	1.806937	1.26396
37662	-1922.611	-2112.325	189.7145	1.855004	1.203061
37668	-1916.665	-2106.436	189.7707	1.918063	1.097579
37674	-1920.255	-2110.082	189.8271	1.924758	1.038232
37680	-1908.754	-2098.613	189.8587	2.048885	0.8746146
37686	-1916.109	-2105.982	189.8732	1.886152	1.030921
37692	-1912.135	-2101.784	189.6489	1.833971	1.275712
37698	-1916.024	-2105.73	189.706	1.905053	1.167131
37704	-1910.5	-2100.356	189.8565	1.936285	0.9980057
37710	-1906.922	-2096.8	189.8779	1.849846	1.061208
37716	-1913.526	-2103.418	189.8921	2.052459	0.8299289
37722	-1911.47	-2101.383	189.913	2.047302	0.8096434
37728	-1926.109	-2116.18	190.0709	1.954141	0.7154841
37734	-1917.04	-2107.006	189.9657	1.934255	0.8834236
37740	-1913.533	-2103.564	190.0305	1.967931	0.7569854
37746	-1931.815	-2121.762	189.9469	1.845864	0.9979901
37752	-1915.814	-2105.766	189.9521	1.840737	0.9979901
37758	-1911.263	-2101.274	190.0114	1.83772	0.9397796
37764	-1903.125	-2092.921	189.7961	1.892348	1.097807
37770	-1915.874	-2105.823	189.9485	1.935627	0.9014102
37776	-1911.943	-2101.999	190.0565	1.927547	0.7775543
37782	-1921.199	-2111.229	190.0302	1.91072	0.834418
37788	-1915.623	-2105.58	189.9567	2.014686	0.7950164
37794	-1913.239	-2101.26	188.0216	1.211118	2.792489
37800	-1910.297	-2098.769	188.4715	1.335171	2.437552
37806	-1924.997	-2114.227	189.2306	1.380118	1.914838
37812	-1903.654	-2093.719	190.0658	1.937563	0.7495416
37818	-1914.748	-2104.518	189.7702	2.112623	0.9029705
37824	-1911.193	-2101.044	189.851	1.789087	1.141562
37830	-1911.869	-2101.738	189.869	1.833333	1.085041
37836	-1902.96	-2092.85	189.8895	1.810985	1.086763
37842	-1918.108	-2107.849	189.741	1.668366	1.335267
37848	-1912.065	-2101.765	189.7007	1.597386	1.422624
37854	-1899.719	-2089.226	189.5074	1.565024	1.591544
37860	-1903.7	-2093.113	189.4137	1.658703	1.591544
37866	-1900.931	-2090.609	189.6785	1.695257	1.363534
37872	-1890.615	-2080.238	189.6239	1.820496	1.30713
37878	-1903.388	-2092.581	189.1931	1.721596	1.704734
37884	-1921.946	-2111.017	189.0701	1.445704	1.978686
37890	-1910.387	-2100.253	189.8664	1.553237	1.327082
37896	-1912.376	-2102.029	189.653	1.629884	1.434245
37902	-1916.219	-2106.093	189.8742	1.769172	1.13858
37908	-1909.727	-2099.648	189.921	1.874117	0.9957062
37914	-1909.739	-2099.637	189.8978	1.954476	0.9364247
37920	-1918.68	-2107.902	189.2211	1.530892	1.818375
37926	-1926.689	-2115.69	189.0015	1.351459	2.086695
37932	-1922.451	-2112.204	189.7531	1.977611	1.058472
37938	-1920.743	-2110.358	189.6157	1.571548	1.50677
37944	-1905.921	-2095.765	189.8433	1.990939	0.9555161
37950	-1907.009	-2096.805	189.796	1.83577	1.14892
37956	-1909.207	-2098.855	189.6485	1.91282	1.210061
37962	-1909.889	-2099.574	189.6851	1.743594	1.319804
37968	-1911.967	-2101.72	189.7522	1.793079	1.223645
37974	-1914.877	-2104.711	189.8344	2.065581	0.8834251
37980	-1919.156	-2107.838	188.6819	1.414943	2.253121
37986	-1907.867	-2097.076	189.2096	1.487321	1.856203
37992	-1911.057	-2100.177	189.1201	1.576788	1.856203
37998	-1915.243	-2104.537	189.2942	1.614609	1.708885
38004	-1907.384	-2096.722	189.3382	1.570678	1.708885
38010	-1900.711	-2090.516	189.8048	1.649273	1.299243
38016	-1906.739	-2096.291	189.5521	1.595314	1.536382
38022	-1915.141	-2104.864	189.7234	1.535484	1.452675
38028	-1914.147	-2103.31	189.1637	1.423347	1.930854
38034	-1908.863	-2098.658	189.7948	1.813758	1.169349
38040	-1909.917	-2099.76	189.8431	2.063716	0.8755444
38046	-1910.844	-2100.625	189.7814	1.891158	1.112353
38052	-1916.8	-2106.294	189.4941	1.633405	1.551134
38058	-1922.111	-2111.589	189.478	1.567101	1.611382
38064	-1916.368	-2106.376	190.008	1.767119	1.015555
38070	-1914.257	-2104.149	189.8914	1.825051	1.07183
38076	-1904.143	-2093.93	189.7872	1.777067	1.207522
38082	-1908.308	-2097.999	189.6906	1.707333	1.3444
38088	-1915.501	-2105.213	189.7111	1.627228	1.391367
38094	-1905.473	-2095.321	189.848	2.248275	0.527024
38100	-1908.347	-2097.927	189.58	1.587778	1.521257
38106	-1912.864	-2102.2	189.3362	1.500475	1.759608
38112	-1920.231	-2109.472	189.2413	1.519893	1.81204
38118	-1917.51	-2106.704	189.1939	1.650742	1.754011
38124	-1913.335	-2103.15	189.8146	1.653179	1.288074
38130	-1906.935	-2096.423	189.4881	1.726018	1.486597
38136	-1914.141	-2103.951	189.8102	1.807145	1.161664
38142	-1929.71	-2119.55	189.8404	1.652209	1.267695
38148	-1916.208	-2105.983	189.7749	1.733506	1.254636
38154	-1919.758	-2109.656	189.898	1.702841	1.176033
38160	-1925.626	-2115.595	189.9689	1.743564	1.075598
38166	-1925.731	-2115.676	189.9452	1.761203	1.081245
38172	-1928.845	-2118.739	189.8944	2.185941	0.5988198
38178	-1928.873	-2118.65	189.7771	2.287073	0.6407723
38184	-1923.65	-2113.484	189.8338	1.989997	0.9663922
38190	-1915.009	-2104.912	189.9035	2.171958	0.6128715
38196	-1917.616	-2107.475	189.8592	2.221175	0.5986083
38202	-1927.347	-2117.286	189.9397	2.065303	0.7471917
38208	-1917.836	-2107.736	189.8999	2.151624	0.667492
38214	-1911.92	-2101.787	189.8669	2.152152	0.7252497
38220	-1907.983	-2097.893	189.911	2.037188	0.8253221
38226	-1920.222	-2110.049	189.827	2.094462	0.858219
38232	-1919.214	-2109.202	189.988	1.671717	1.123968
38238	-1921.02	-2110.686	189.6663	1.516014	1.510454
38244	-1921.481	-2110.985	189.504	1.499017	1.641773
38250	-1907.875	-2097.347	189.4712	1.572677	1.612276
38256	-1911.286	-2100.887	189.6006	1.616203	1.484574
38262	-1912.883	-2102.598	189.7147	1.693943	1.335835
38268	-1921.84	-2111.75	189.9107	1.709847	1.158827
38274	-1915.824	-2105.011	189.187	1.387923	1.93903
38280	-1909.255	-2098.618	189.3629	1.497445	1.743017
38286	-1914.481	-2103.822	189.3412	1.519142	1.743017
38292	-1923.476	-2112.942	189.4655	1.471613	1.688856
38298	-1917.825	-2107.046	189.2207	1.557455	1.800266
38304	-1918.189	-2107.497	189.3076	1.463498	1.805192
38310	-1915.934	-2105.525	189.5904	1.605004	1.50061
38316	-1907.753	-2097.614	189.8603	1.706128	1.205678
38322	-1907.403	-2097.305	189.9017	1.710868	1.165829
38328	-1915.018	-2104.989	189.9703	1.779251	1.040465
38334	-1937.602	-2126.93	189.328	1.546657	1.732986
38340	-1923.182	-2112.651	189.4691	1.613307	1.584271
38346	-1918.066	-2107.54	189.4743	1.60809	1.584271
38352	-1927.238	-2116.592	189.3535	1.594569	1.681042
38358	-1907.588	-2097.172	189.584	1.607099	1.503883
38364	-1916.062	-2105.599	189.5373	1.653774	1.503883
38370	-1918.871	-2108.535	189.6644	1.822404	1.272443
38376	-1915.377	-2105.297	189.9201	1.797482	1.070775
38382	-1907.177	-2097.141	189.9644	1.766821	1.057971
38388	-1907.277	-2097.204	189.9272	1.996423	0.8556266
38394	-1911.102	-2100.867	189.765	1.918663	1.10224
38400	-1908.858	-2098.863	190.0053	2.030163	0.6976919
38406	-1909.355	-2099.283	189.9284	2.107046	0.6976919
38412	-1913.257	-2103.305	190.0479	1.965596	0.7340489
38418	-1913.129	-2102.993	189.8635	1.829242	1.093894
38424	-1920.495	-2110.491	189.9958	1.751243	1.04285
38430	-1921.717	-2111.659	189.9415	1.846219	1.003077
38436	-1918.572	-2108.441	189.8696	1.990378	0.9280997
38442	-1919.348	-2109.224	189.8766	1.773292	1.132764
38448	-1913.923	-2103.872	189.9488	1.758453	1.080416
38454	-1928.252	-2117.965	189.7134	1.910928	1.155519
38460	-1912.264	-2102.144	189.8794	1.994051	0.9133306
38466	-1913.213	-2103.159	189.946	1.947712	0.8905895
38472	-1917.003	-2106.77	189.7667	1.811852	1.195284
38478	-1909.107	-2098.881	189.7745	1.750279	1.24091
38484	-1903.289	-2093.094	189.8052	1.669748	1.282197
38490	-1908.233	-2097.704	189.4712	1.554902	1.62514
38496	-1905.099	-2094.256	189.1564	1.518353	1.871317
38502	-1912.662	-2102.016	189.3547	1.567313	1.699577
38508	-1906.554	-2095.76	189.2058	1.573728	1.799313
38514	-1930.059	-2119.786	189.7264	2.369983	0.5252342
38520	-1913.988	-2103.758	189.7699	2.327268	0.4852239
38526	-1913.462	-2103.189	189.7269	2.370309	0.4848394
38532	-1910.352	-2100.207	189.8548	1.763191	1.161081
38538	-1918.73	-2108.412	189.6819	1.587265	1.444804
38544	-1897.8	-2087.287	189.4869	1.636161	1.554388
38550	-1910.396	-2100.21	189.8139	1.702723	1.247739
38556	-1926.968	-2116.63	189.6619	1.739254	1.341798
38562	-1906.151	-2095.632	189.4808	1.674474	1.530592
38568	-1908.738	-2098.333	189.5947	1.698963	1.425991
38574	-1908.364	-2097.85	189.4862	1.807494	1.425991
38580	-1913.927	-2103.79	189.8627	2.111484	0.7911994
38586	-1913.219	-2103.136	189.9173	1.996598	0.8672048
38592	-1914.375	-2104.331	189.9566	1.996598	0.8189217
38598	-1905.787	-2095.842	190.0555	1.87524	0.847041
38604	-1906.249	-2096.18	189.9308	1.971915	0.8802776
38610	-1919.912	-2109.159	189.2477	1.527747	1.80213
38616	-1924.207	-2113.736	189.5297	1.608572	1.543159
38622	-1929.91	-2118.917	189.0077	1.546055	1.953276
38628	-1917.843	-2107.535	189.6918	1.823377	1.24893
38634	-1912.967	-2102.825	189.8579	1.710917	1.20364
38640	-1916.374	-2106.319	189.945	1.869119	0.9763561
38646	-1922.27	-2112.133	189.8625	1.953918	0.9740504
38652	-1918.905	-2108.908	190.0031	1.988398	0.7670285
38658	-1921.037	-2110.931	189.8939	2.058791	0.8195343
38664	-1920.016	-2109.967	189.9514	1.903937	0.933109
38670	-1912.896	-2102.901	190.0041	1.942348	0.8274613
38676	-1914.698	-2104.666	189.9682	1.931277	0.8840023
38682	-1908.281	-2098.161	189.8802	1.895679	1.014802
38688	-1913.195	-2103.026	189.8309	1.895679	1.062305
38694	-1926.689	-2116.62	189.9314	1.870373	0.9889893
38700	-1916.761	-2106.771	190.0095	1.976242	0.7751485
38706	-1915.179	-2105.127	189.9475	1.955286	0.8802196
38712	-1920.343	-2110.309	189.9668	1.955286	0.857461
38718	-1919.459	-2109.463	190.0034	2.003305	0.7446314
38724	-1913.372	-2103.291	189.9186	2.038865	0.8133499
38730	-1915.187	-2105.024	189.8369	1.95825	0.9956579
38736	-1917.094	-2106.852	189.7587	1.904101	1.121187
38742	-1918.691	-2108.601	189.9109	1.989403	0.8830062
38748	-1923.811	-2113.688	189.8762	2.176577	0.6651372
38754	-1930.309	-2120.082	189.7735	1.715259	1.270822
38760	-1911.638	-2101.572	189.9336	2.060511	0.7632951
38766	-1919.481	-2109.399	189.917	2.080151	0.7587607
38772	-1898.783	-2088.415	189.6313	1.701446	1.395726
38778	-1907.527	-2097.071	189.5437	1.577821	1.55553
38784	-1914.294	-2104.205	189.911	2.042661	0.8182525
38790	-1906.387	-2096.258	189.8706	2.05177	0.8570594
38796	-1902.806	-2092.857	190.0505	1.843771	0.8899192
38802	-1909.524	-2099.46	189.9366	2.084582	0.7217781
38808	-1914.793	-2104.719	189.9252	2.12426	0.6715947
38814	-1915.832	-2105.497	189.665	1.635108	1.421042
38820	-1907.211	-2096.56	189.3488	1.636371	1.654585
38826	-1909.448	-2098.684	189.2359	1.496299	1.832028
38832	-1915.085	-2104.579	189.4946	1.740584	1.470684
38838	-1920.038	-2109.184	189.1459	1.589227	1.829967
38844	-1916.011	-2105.612	189.6006	1.730959	1.396664
38850	-1910.215	-2099.85	189.635	1.686586	1.404388
38856	-1916.804	-2106.512	189.7074	1.758781	1.289409
38862	-1909.56	-2099.391	189.8319	1.843426	1.109867
38868	-1908.672	-2098.526	189.8537	1.891138	1.044926
38874	-1912.236	-2101.912	189.6756	1.743392	1.327564
38880	-1920.685	-2110.517	189.8321	1.826944	1.124559
38886	-1929.812	-2119.561	189.7493	1.738642	1.271493
38892	-1929.877	-2119.578	189.7008	1.847808	1.220898
38898	-1920.529	-2110.278	189.7488	1.826705	1.197941
38904	-1917.751	-2107.725	189.9745	1.855784	0.9597141
38910	-1925.833	-2115.67	189.8372	1.573863	1.333918
38916	-1919.021	-2108.535	189.5133	1.651148	1.523772
38922	-1916.909	-2106.522	189.6123	1.53615	1.535618
38928	-1922.931	-2112.282	189.3512	1.44122	1.79037
38934	-1925.031	-2114.477	189.4464	1.663128	1.564383
38940	-1924.678	-2113.2	188.522	1.281713	2.439428
38946	-1934.175	-2122.374	188.1988	1.260017	2.654014
38952	-1923.581	-2111.914	188.3326	1.376578	2.498717
38958	-1913.563	-2102.182	188.6191	1.374304	2.319312
38964	-1906.551	-2095.014	188.4627	1.259247	2.490684
38970	-1906.732	-2095.464	188.7324	1.330502	2.274914
38976	-1911.358	-2098.869	187.5109	1.19881	3.107412
38982	-1923.999	-2111.296	187.2977	1.106295	3.288644
38988	-1925.321	-2113.505	188.1848	1.240092	2.674881
38994	-1941.101	-2130.801	189.6998	1.786234	1.273103
39000	-1920.073	-2109.195	189.1217	1.53636	1.882706
39006	-1910.901	-2100.275	189.3734	1.577626	1.678943
39012	-1906.822	-2096.535	189.7125	1.617654	1.397711
39018	-1910.484	-2100.335	189.8508	1.802621	1.129586
39024	-1918.812	-2108.784	189.9717	1.86746	0.9503517
39030	-1914.563	-2104.459	189.8965	2.14212	0.6919841
39036	-1920.392	-2110.259	189.8672	2.134817	0.7516341
39042	-1926.882	-2116.747	189.865	2.179006	0.6820137
39048	-1924.48	-2114.411	189.9316	2.075702	0.7436672
39054	-1919.548	-2109.53	189.9827	1.983903	0.8014291
39060	-1926.009	-2115.89	189.8819	1.871151	1.037102
39066	-1926.347	-2116.235	189.8881	1.78318	1.113525
39072	-1927.29	-2117.068	189.7781	2.2423	0.72302
39078	-1921.581	-2111.404	189.8223	2.2423	0.6397582
39084	-1912.614	-2102.514	189.9006	2.176345	0.6086129
39090	-1915.061	-2104.836	189.7749	1.755522	1.236178
39096	-1913.914	-2103.738	189.8245	1.853301	1.107598
39102	-1916.737	-2106.634	189.8969	1.79773	1.092194
39108	-1927.043	-2116.816	189.7722	1.922397	1.092194
39114	-1916.284	-2106.172	189.8876	2.193112	0.5976287
39120	-1927.694	-2117.663	189.9695	2.106197	0.6121865
39126	-1919.662	-2109.618	189.9557	2.112008	0.632491
39132	-1916.723	-2106.548	189.8246	1.952549	1.013573
39138	-1923.536	-2113.382	189.8458	1.940538	1.004468
39144	-1915.454	-2105.335	189.881	2.108813	0.7694098
39150	-1905.718	-2095.623	189.9055	2.014737	0.8597261
39156	-1915.846	-2105.615	189.7692	1.730632	1.261699
39162	-1918.38	-2108.136	189.7552	1.507538	1.449672
39168	-1918.541	-2108.477	189.9358	1.820061	1.034349
39174	-1919.265	-2108.959	189.6948	1.758206	1.300102
39180	-1927.931	-2117.652	189.7215	1.856124	1.19612
39186	-1939.623	-2129.353	189.7301	1.847529	1.19612
39192	-1914.468	-2104.389	189.921	1.892146	0.9773891
39198	-1916.69	-2106.405	189.7154	1.686657	1.341122
39204	-1922.525	-2112.204	189.6796	1.689188	1.36752
39210	-1922.545	-2112.072	189.5267	1.694606	1.481115
39216	-1916.899	-2106.82	189.9204	1.877331	0.993019
39222	-1917.339	-2107.216	189.877	1.946852	0.9663527
39228	-1927.302	-2117.243	189.9415	1.793614	1.054295
39234	-1917.852	-2107.514	189.6625	1.692771	1.378121
39240	-1909.359	-2098.944	189.5848	1.753289	1.391529
39246	-1915.209	-2105.046	189.8371	1.718264	1.215122
39252	-1917.359	-2107.227	189.8685	1.797191	1.118559
39258	-1911.392	-2101.122	189.7305	1.813839	1.224446
39264	-1921.477	-2111.244	189.7673	2.326122	0.5471215
39270	-1913.987	-2103.606	189.619	2.475407	0.5410292
39276	-1916.751	-2106.554	189.8026	2.293111	0.5316214
39282	-1925.745	-2115.729	189.9839	1.965137	0.8242411
39288	-1929.92	-2119.83	189.9102	2.038817	0.8242411
39294	-1920.8	-2110.729	189.9289	2.033838	0.8065132
39300	-1918.367	-2108.131	189.7638	2.198905	0.8065132
39306	-1902.265	-2092.139	189.874	2.095106	0.7980942
39312	-1897.727	-2087.702	189.9758	1.973929	0.8233494
39318	-1900.289	-2090.218	189.9288	2.076838	0.7461154
39324	-1904.435	-2094.272	189.837	2.23038	0.633377
39330	-1898.253	-2088.05	189.7975	2.233057	0.7061243
39336	-1910.796	-2100.634	189.838	2.21475	0.6651641
39342	-1915.943	-2105.632	189.6895	2.403905	0.5475224
39348	-1917.541	-2107.121	189.5803	2.505094	0.4259236
39354	-1922.893	-2112.797	189.905	2.080835	0.7751109
39360	-1924.515	-2114.394	189.8787	1.993117	0.9151717
39366	-1928.886	-2118.808	189.9226	1.99257	0.8656865
39372	-1919.575	-2109.038	189.4624	1.573421	1.61813
39378	-1929.068	-2118.661	189.5928	1.755967	1.383192
39384	-1927.998	-2117.852	189.854	1.809633	1.12039
39390	-1929.851	-2119.572	189.7208	1.918526	1.142226
39396	-1925.784	-2115.728	189.9434	1.710133	1.129524
39402	-1914.433	-2104.139	189.7059	2.38818	0.543577
39408	-1914.88	-2104.76	189.8802	2.217371	0.4933558
39414	-1917.814	-2107.65	189.836	2.259735	0.4700355
39420	-1909.866	-2099.406	189.5395	2.543486	0.4192654
39426	-1905.183	-2094.829	189.6465	2.432498	0.4095937
39432	-1911.397	-2101.137	189.74	2.357211	0.5146964
39438	-1919.073	-2108.781	189.7078	2.389829	0.5046931
39444	-1927.45	-2115.803	188.3525	1.373013	2.488467
39450	-1913.795	-2103.663	189.8679	1.70278	1.202046
39456	-1907.073	-2096.864	189.7912	1.757039	1.221177
39462	-1906.34	-2096.159	189.8188	1.758698	1.196249
39468	-1902.518	-2092.269	189.7511	1.577062	1.399293
39474	-1904.38	-2094.37	189.99	1.783191	1.017416
39480	-1917.047	-2106.506	189.4589	1.677751	1.544343
39486	-1909.102	-2098.221	189.1186	1.534215	1.886321
39492	-1921.013	-2110.34	189.3263	1.631539	1.674095
39498	-1914.731	-2104.465	189.7341	1.754036	1.271373
39504	-1896.985	-2086.9	189.915	1.780731	1.091139
39510	-1907.281	-2096.948	189.6673	1.798165	1.289949
39516	-1920.732	-2110.3	189.568	1.712266	1.436264
39522	-1924.593	-2114.499	189.9057	2.017324	0.8563694
39528	-1933.506	-2123.478	189.9729	1.873316	0.9428545
39534	-1931.067	-2121.045	189.9776	1.894462	0.9148485
39540	-1920.32	-2110.205	189.8859	1.986204	0.9148485
39546	-1919.008	-2109.028	190.0204	1.851693	0.9148485
39552	-1923.672	-2109.965	186.2935	1.258097	3.785161
39558	-1936.092	-2122.538	186.4455	1.106045	3.785161
39564	-1925.093	-2114.933	189.8393	2.051441	0.8940046
39570	-1911.835	-2101.822	189.9875	1.835727	0.966975
39576	-1916.583	-2106.463	189.8798	2.149496	0.708231
39582	-1914.881	-2104.898	190.0162	2.046377	0.6442543
39588	-1915.816	-2105.664	189.8483	2.080793	0.8489627
39594	-1924.446	-2114.424	189.9783	2.008072	0.7742639
39600	-1913.09	-2103.088	189.9981	1.9883	0.7742639
39606	-1911.985	-2101.981	189.9964	1.906421	0.8801249
39612	-1913.783	-2103.848	190.0647	1.791653	0.9320157
39618	-1913.412	-2103.382	189.9703	1.704238	1.110543
39624	-1905.817	-2095.852	190.0352	1.768589	0.986864
39630	-1907.388	-2097.393	190.0044	1.973791	0.7857327
39636	-1913.699	-2103.625	189.9265	2.051679	0.7857327
39642	-1922.63	-2112.567	189.9372	2.027944	0.8033217
39648	-1920.601	-2110.488	189.8872	2.158754	0.6785034
39654	-1918.343	-2108.277	189.9342	2.040437	0.7905813
39660	-1930.382	-2120.192	189.8101	2.259616	0.6275223
39666	-1930.472	-2120.346	189.8745	2.177984	0.6657121
39672	-1911.061	-2100.906	189.8454	1.924442	1.020692
39678	-1907.498	-2097.332	189.8336	1.936239	1.020692
39684	-1914.712	-2104.62	189.9078	2.14091	0.6731448
39690	-1917.753	-2107.552	189.7987	2.149793	0.8249576
39696	-1917.491	-2107.48	189.9888	1.965712	0.8172584
39702	-1912.744	-2102.731	189.9872	1.771938	1.03113
39708	-1924.399	-2114.173	189.7742	2.145983	0.8597085
39714	-1921.205	-2111.201	189.996	1.735088	1.058031
39720	-1912.501	-2102.363	189.8614	1.856865	1.070214
39726	-1911.473	-2101.409	189.9365	1.824122	1.029761
39732	-1913.154	-2103.103	189.9487	1.625014	1.199517
39738	-1916.083	-2105.966	189.8834	1.754866	1.143192
39744	-1926.988	-2116.883	189.8953	2.03021	0.8533828
39750	-1909.353	-2099.234	189.8814	2.070084	0.8211256
39756	-1910.695	-2100.753	190.0576	1.898672	0.8149022
39762	-1903.561	-2093.529	189.9683	1.964619	0.8443495
39768	-1908.631	-2098.472	189.841	2.110842	0.8206343
39774	-1921.101	-2110.979	189.878	2.073861	0.8206343
39780	-1922.66	-2112.586	189.926	2.025866	0.8206343
39786	-1919.046	-2109.068	190.0222	1.952085	0.7910731
39792	-1914.518	-2104.531	190.0126	1.972079	0.7766581
39798	-1906.941	-2096.968	190.0275	1.920774	0.8251891
39804	-1908.962	-2098.91	189.9481	1.854351	0.9882432
39810	-1914.412	-2104.28	189.8676	1.969261	0.9527276
39816	-1911.594	-2101.559	189.9653	1.787074	1.037727
39822	-1910.779	-2100.68	189.9008	1.831785	1.056634
39828	-1916.177	-2106.068	189.8913	1.841286	1.056634
39834	-1922.862	-2112.786	189.9241	1.772552	1.090275
39840	-1925.37	-2115.146	189.7755	1.788191	1.208031
39846	-1924.617	-2114.451	189.8339	1.764719	1.178027
39852	-1933.209	-2122.43	189.2206	1.487543	1.848531
39858	-1923.707	-2112.68	188.9729	1.483525	2.018342
39864	-1916.1	-2105.761	189.6606	1.774426	1.314703
39870	-1920.523	-2110.582	190.0584	1.876531	0.8418949
39876	-1913.239	-2103.178	189.9388	1.996056	0.8418949
39882	-1917.631	-2107.51	189.879	2.118416	0.7584886
39888	-1922.68	-2112.547	189.8667	2.115371	0.7803276
39894	-1924.734	-2114.481	189.7466	1.578025	1.40201
39900	-1929.873	-2119.612	189.7391	1.516946	1.454781
39906	-1924.652	-2113.904	189.2515	1.700009	1.678628
39912	-1926.487	-2116.185	189.6978	1.615933	1.41046
39918	-1921.284	-2111.098	189.8144	1.818083	1.148296
39924	-1924.443	-2114.303	189.8596	2.213314	0.6195471
39930	-1935.635	-2125.562	189.927	1.925658	0.9360171
39936	-1920.337	-2110.218	189.881	1.788068	1.115525
39942	-1914.222	-2104.177	189.955	1.798542	1.036624
39948	-1903.801	-2093.55	189.7493	1.678654	1.320409
39954	-1912.308	-2102.006	189.6974	1.769731	1.288568
39960	-1901.852	-2091.67	189.8179	1.81685	1.146262
39966	-1905.355	-2095.236	189.8804	1.935897	0.9741328
39972	-1897.659	-2087.408	189.7496	1.78917	1.229173
39978	-1907.409	-2097.14	189.7303	1.806767	1.230582
39984	-1911.039	-2100.781	189.7418	1.755442	1.263814
39990	-1928.387	-2118.155	189.7683	1.803778	1.200919
39996	-1925.303	-2115.194	189.8902	1.872833	1.027385
40002	-1930.877	-2120.86	189.9836	1.887516	0.9159371
40008	-1926.52	-2116.499	189.9792	2.072158	0.6678782
40014	-1925.609	-2115.531	189.9221	1.743194	1.118937
40020	-1933.757	-2123.692	189.9346	1.871174	0.9848561
40026	-1931.452	-2121.422	189.9702	1.835194	0.9852592
40032	-1919.04	-2108.964	189.9247	1.854075	1.011902
40038	-1921.019	-2110.921	189.9021	1.833232	1.054037
40044	-1918.572	-2108.514	189.9418	1.839171	1.009762
40050	-1913.116	-2102.998	189.8815	1.918586	0.9906329
40056	-1926.512	-2116.554	190.0422	1.922736	0.8035651
40062	-1919.382	-2109.266	189.884	1.922736	0.9839568
40068	-1915.199	-2105.153	189.954	1.851022	0.98568
40074	-1921.577	-2111.383	189.8063	2.1238	0.8477835
40080	-1931.413	-2121.253	189.8404	2.228562	0.6294526
40086	-1930.191	-2119.887	189.696	2.400737	0.4794329
40092	-1927.53	-2117.081	189.5513	1.591914	1.539502
40098	-1930.122	-2119.699	189.577	1.5736	1.53403
40104	-1910.68	-2100.416	189.7356	2.354551	0.563846
40110	-1908.874	-2098.929	190.055	1.956986	0.7364318
40116	-1903.43	-2093.333	189.9024	1.894539	0.9937799
40122	-1903.873	-2093.824	189.9512	2.044156	0.7614674
40128	-1901.339	-2091.34	190.0007	1.949707	0.8224761
40134	-1906.342	-2096.33	189.9884	1.856152	0.9446254
40140	-1908.121	-2098.031	189.91	1.856152	1.024348
40146	-1909.793	-2099.662	189.8691	2.089714	0.8116717
40152	-1911.258	-2101.25	189.9925	1.968609	0.8085863
40158	-1909.151	-2099.138	189.9873	1.926926	0.8668221
40164	-1923.348	-2113.283	189.9351	2.071823	0.7442885
40170	-1919.663	-2109.537	189.8736	2.161458	0.6982484
40176	-1923.137	-2113.072	189.9343	2.100759	0.6982484
40182	-1924.079	-2113.963	189.8843	2.190846	0.613539
40188	-1920.591	-2110.4	189.8092	2.276795	0.5800971
40194	-1913.771	-2103.624	189.8523	2.236095	0.5711962
40200	-1917.941	-2107.847	189.9062	2.190996	0.4853018
40206	-1909.682	-2099.49	189.8076	2.28883	0.5245155
40212	-1914.089	-2103.934	189.8459	2.247921	0.5450385
40218	-1919.181	-2109.079	189.8985	2.19097	0.5664608
40224	-1924.841	-2114.58	189.7387	2.358323	0.5180949
40230	-1922.198	-2111.836	189.6384	1.647164	1.432242
40236	-1916.997	-2106.754	189.7569	1.799634	1.214144
40242	-1909.735	-2099.612	189.8772	2.01928	0.8874959
40248	-1913.21	-2103.203	189.9929	1.978056	0.7956065
40254	-1918.34	-2108.17	189.8304	1.952284	1.008101
40260	-1927.966	-2117.783	189.8173	2.267852	0.5833957
40266	-1928.7	-2118.507	189.8064	2.289711	0.5285068
40272	-1922.853	-2112.76	189.9068	2.175006	0.5943695
40278	-1907.607	-2097.368	189.7608	2.334526	0.4669742
40284	-1920.008	-2109.948	189.9408	2.156792	0.5007502
40290	-1916.819	-2106.752	189.9331	2.152838	0.580343
40296	-1911.041	-2101.042	190.0012	2.066008	0.6336582
40302	-1916.466	-2106.317	189.8512	2.001448	0.9359497
40308	-1907.458	-2097.463	190.0044	2.046924	0.6679579
40314	-1903.767	-2093.809	190.0416	1.988955	0.7061426
40320	-1926.385	-2116.274	189.8897	2.077536	0.8005717
40326	-1925.423	-2115.301	189.8774	2.085189	0.8066632
40332	-1907.021	-2096.967	189.9459	1.814951	1.029483
40338	-1905.442	-2095.433	189.9908	1.890384	0.9047254
40344	-1919.093	-2109.003	189.9099	1.975603	0.8998883
40350	-1917.429	-2107.459	190.0297	1.855821	0.8998883
40356	-1918.78	-2108.708	189.9279	1.990845	0.8615031
40362	-1912.061	-2101.567	189.5059	2.572161	0.4074921
40368	-1927.638	-2117.097	189.4591	2.57239	0.339456
40374	-1935.599	-2124.859	189.2598	2.716948	0.2927135
40380	-1926.903	-2116.644	189.7409	1.903833	1.137389
40386	-1927.073	-2116.924	189.8508	1.793971	1.137389
40392	-1922.207	-2111.914	189.7062	2.391416	0.4962909
40398	-1921.79	-2111.491	189.7013	2.396352	0.4962909
40404	-1928.966	-2118.869	189.9023	1.988535	0.8938652
40410	-1918.882	-2108.805	189.9232	2.085896	0.7408599
40416	-1912.566	-2102.493	189.9267	2.142832	0.6280321
40422	-1922.5	-2112.189	189.6888	1.738063	1.321259
40428	-1925.527	-2114.928	189.4015	1.775412	1.514495
40434	-1923.036	-2112.856	189.8202	1.629187	1.30305
40440	-1923.379	-2113.21	189.8313	2.233777	0.6387744
40446	-1926.348	-2116.247	189.8995	2.186631	0.5795595
40452	-1915.157	-2104.819	189.6618	1.621065	1.434313
40458	-1911.678	-2101.41	189.7314	1.611969	1.387442
40464	-1913.67	-2103.63	189.9603	1.96775	0.8502639
40470	-1913.428	-2102.988	189.5601	1.565523	1.552524
40476	-1917.917	-2107.69	189.7735	1.752644	1.239791
40482	-1919.761	-2109.467	189.7057	1.804727	1.252881
40488	-1921.954	-2111.674	189.7206	1.662287	1.356359
40494	-1904.463	-2094.343	189.88	2.138016	0.7268644
40500	-1912.13	-2101.884	189.7544	1.542777	1.423268
40506	-1918.058	-2107.706	189.6482	1.741869	1.350683
40512	-1903.913	-2093.414	189.5002	1.578318	1.587065
40518	-1901.633	-2091.124	189.4908	1.606488	1.573362
40524	-1900.334	-2089.965	189.631	1.690381	1.404573
40530	-1916.781	-2106.722	189.9412	1.708037	1.133405
40536	-1919.475	-2109.443	189.9686	1.764626	1.056089
40542	-1911.015	-2100.9	189.885	1.880626	1.024825
40548	-1915.607	-2105.29	189.6826	1.729063	1.333413
40554	-1923.303	-2113.383	190.0799	1.882243	0.8073038
40560	-1916.482	-2106.49	190.0081	1.93154	0.8359659
40566	-1901.4	-2091.402	190.0017	1.93154	0.8439322
40572	-1902.291	-2092.41	190.1193	1.79952	0.86142
40578	-1912.387	-2102.386	189.9997	1.713782	1.074675
40584	-1911.919	-2101.788	189.8686	1.709768	1.195474
40590	-1907.099	-2096.95	189.8509	1.736453	1.187779
40596	-1908.216	-2098.013	189.797	1.895981	1.093696
40602	-1916.11	-2106.041	189.9314	1.852968	1.006417
40608	-1910.93	-2100.703	189.7723	1.799609	1.201003
40614	-1911.695	-2101.656	189.9602	2.030665	0.7679836
40620	-1910.798	-2100.656	189.8582	2.088073	0.8277025
40626	-1905.133	-2095.03	189.8972	2.115811	0.7348845
40632	-1912.289	-2102.208	189.9183	2.094716	0.7348845
40638	-1912.482	-2102.42	189.9373	2.041851	0.7844246
40644	-1913.056	-2102.934	189.8781	2.177162	0.6601024
40650	-1912.526	-2102.442	189.9163	2.177162	0.547233
40656	-1913.398	-2103.28	189.8823	2.197805	0.5996166
40662	-1911.989	-2101.918	189.9289	2.147746	0.6095358
40668	-1918.959	-2108.931	189.9722	2.02114	0.7643697
40674	-1914.811	-2104.71	189.899	2.142271	0.6871478
40680	-1920.667	-2110.623	189.9561	1.83967	0.9950458
40686	-1924.499	-2114.325	189.8258	1.932038	1.032405
40692	-1901.299	-2091.123	189.8232	2.261315	0.5852882
40698	-1914.366	-2104.163	189.7973	2.261315	0.6530052
40704	-1911.634	-2101.436	189.8015	2.295761	0.5139612
40710	-1921.986	-2112.026	190.04	1.825315	0.9222885
40716	-1928.014	-2117.988	189.9743	1.672581	1.135447
40722	-1916.028	-2105.812	189.784	1.862941	1.135447
40728	-1924.892	-2114.815	189.9233	1.696465	1.159492
40734	-1902.754	-2092.718	189.9645	2.031505	0.7605243
40740	-1913.496	-2103.432	189.9357	1.805945	1.048063
40746	-1907.278	-2096.824	189.5461	1.801225	1.384346
40752	-1925.54	-2115.372	189.8328	1.53079	1.371612
40758	-1928.399	-2117.695	189.2964	1.533954	1.763984
40764	-1920.958	-2110.165	189.2075	1.620628	1.765581
40770	-1906.953	-2096.711	189.7579	1.841688	1.177119
40776	-1904.547	-2094.256	189.7088	1.634281	1.387697
40782	-1923.36	-2113.326	189.966	2.082747	0.6729851
40788	-1920.545	-2110.47	189.9249	1.990114	0.8658846
40794	-1925.695	-2115.692	189.9968	2.064	0.6482861
40800	-1914.255	-2104.116	189.8611	2.164173	0.7151272
40806	-1922.371	-2112.244	189.8723	2.180078	0.6658508
40812	-1919.23	-2107.918	188.6871	1.266882	2.344422
40818	-1922.995	-2111.894	188.899	1.259918	2.213121
40824	-1919.788	-2108.638	188.8501	1.30884	2.213121
40830	-1926.094	-2114.912	188.8185	1.340484	2.213121
40836	-1922.806	-2111.031	188.2257	1.323962	2.597901
40842	-1909.734	-2099.74	190.0058	2.056142	0.645833
40848	-1927.08	-2116.909	189.8283	2.258982	0.5755747
40854	-1923.411	-2113.39	189.9787	2.039903	0.7260392
40860	-1923.98	-2113.835	189.8551	1.692191	1.221991
40866	-1927.034	-2116.879	189.8449	1.830099	1.110128
40872	-1909.748	-2099.556	189.8083	1.968391	1.014024
40878	-1904.022	-2093.896	189.8737	2.137111	0.7382601
40884	-1906.058	-2095.961	189.9025	2.133679	0.6964322
40890	-1906.527	-2096.36	189.8321	1.954253	1.004383
40896	-1916.046	-2105.931	189.8844	2.210015	0.5414859
40902	-1920.383	-2110.268	189.8854	2.083597	0.7982246
40908	-1924.122	-2113.926	189.8042	2.058908	0.9246531
40914	-1924.525	-2114.457	189.9319	1.931257	0.9246531
40920	-1913.009	-2103.022	190.013	1.949899	0.8063312
40926	-1926.036	-2116.117	190.0803	1.845457	0.8529869
40932	-1923.216	-2113.19	189.9737	1.938835	0.8687927
40938	-1923.439	-2113.378	189.9383	2.014681	0.8191146
40944	-1907.124	-2097.118	189.9943	2.023116	0.7279303
40950	-1912.4	-2102.374	189.9738	2.043578	0.7279303
40956	-1924.085	-2114.069	189.984	2.085226	0.6287679
40962	-1917.146	-2107.042	189.8956	2.044883	0.8350129
40968	-1917.71	-2107.484	189.7736	1.948762	1.066305
40974	-1914.121	-2104.129	190.0078	1.81819	0.9641026
40980	-1904.476	-2094.45	189.9741	1.816761	0.9999181
40986	-1910.737	-2100.774	190.037	1.768915	0.9847813
40992	-1904.071	-2094.035	189.9633	1.780807	1.045626
40998	-1903.043	-2092.912	189.8687	1.875435	1.045626
41004	-1899.127	-2088.994	189.8669	2.139314	0.7452331
41010	-1905.693	-2095.591	189.8979	2.19323	0.5591148
41016	-1909.899	-2099.581	189.6827	2.412736	0.4677562
41022	-1905.604	-2095.332	189.7286	2.360653	0.4380813
41028	-1902.91	-2092.684	189.7743	2.322955	0.4859364
41034	-1913.638	-2103.257	189.6191	2.460346	0.4106674
41040	-1905.898	-2095.317	189.4186	2.623546	0.3514119
41046	-1904.101	-2093.612	189.5111	2.533541	0.3543738
41052	-1907.13	-2096.652	189.522	2.533541	0.3685891
41058	-1917.922	-2107.472	189.5493	2.502826	0.3639872
41064	-1920.698	-2110.462	189.764	1.875861	1.141759
41070	-1919.782	-2109.634	189.8518	2.229825	0.5949982
41076	-1916.566	-2106.418	189.8526	2.140236	0.7650847
41082	-1923.166	-2113.042	189.8755	1.805084	1.105043
41088	-1912.402	-2102.253	189.8511	1.703718	1.215605
41094	-1910.653	-2100.268	189.6143	1.769244	1.355858
41100	-1909.427	-2098.691	189.2648	1.481479	1.822327
41106	-1920.409	-2109.071	188.6614	1.399075	2.276488
41112	-1910.165	-2099.616	189.4511	1.640219	1.577715
41118	-1909.707	-2099.182	189.4755	1.694906	1.519345
41124	-1907.731	-2096.583	188.8516	1.415354	2.143036
41130	-1912.711	-2101.986	189.275	1.53204	1.780267
41136	-1921.377	-2110.862	189.485	1.70222	1.506766
41142	-1908.656	-2097.871	189.215	1.65713	1.734751
41148	-1906.123	-2095.764	189.6417	1.673509	1.40934
41154	-1914.123	-2103.828	189.7053	1.742916	1.303966
41160	-1930.187	-2119.96	189.773	1.941211	1.07392
41166	-1928.657	-2118.671	190.0137	1.920523	0.8427423
41172	-1920.894	-2110.913	190.0188	1.733851	1.037435
41178	-1924.982	-2114.813	189.8315	1.83795	1.115179
41184	-1915.866	-2105.875	190.0092	1.806663	0.9745467
41190	-1908.985	-2098.662	189.6768	1.696136	1.364182
41196	-1911.87	-2101.336	189.4662	1.58484	1.6071
41202	-1919.438	-2108.954	189.5165	1.615713	1.547631
41208	-1914.613	-2104.262	189.6497	1.724586	1.363146
41214	-1913.092	-2102.925	189.833	1.713838	1.222377
41220	-1908.018	-2097.843	189.8245	1.722282	1.222377
41226	-1906.519	-2096.402	189.8832	1.543048	1.321764
41232	-1904.504	-2094.511	190.0078	1.668182	1.109277
41238	-1907.509	-2097.511	190.0024	1.873327	0.9108431
41244	-1913.533	-2103.423	189.8897	1.883296	1.017607
41250	-1911.91	-2101.415	189.505	1.612301	1.558681
41256	-1909.945	-2099.604	189.659	1.692817	1.380824
41262	-1905.083	-2094.018	188.9354	1.443537	2.069591
41268	-1909.27	-2098.477	189.2072	1.507582	1.843942
41274	-1934.377	-2124.212	189.8351	1.807417	1.139356
41280	-1910.013	-2099.968	189.9553	1.847203	0.9882257
41286	-1919.483	-2109.531	190.0474	1.883475	0.8467966
41292	-1923.009	-2112.787	189.7778	1.518235	1.424137
41298	-1922.89	-2111.413	188.5226	1.447228	2.334362
41304	-1922.24	-2111.678	189.4373	1.630594	1.594846
41310	-1906.088	-2095.825	189.7372	1.631949	1.367229
41316	-1913.759	-2103.565	189.806	1.744283	1.219438
41322	-1914.856	-2104.612	189.7562	1.736865	1.267321
41328	-1912.623	-2102.561	189.9376	1.615934	1.216684
41334	-1915.025	-2104.989	189.9637	1.708894	1.112319
41340	-1911.953	-2101.817	189.8637	1.851345	1.073229
41346	-1906.13	-2096.008	189.8785	1.883794	1.028056
41352	-1916.71	-2106.731	190.021	1.848576	0.9176076
41358	-1910.497	-2100.39	189.893	1.976611	0.9176076
41364	-1915.891	-2105.053	189.1613	2.786239	0.2736429
41370	-1903.688	-2093.513	189.8256	1.634171	1.294602
41376	-1901.136	-2090.631	189.4949	1.634171	1.549977
41382	-1902.677	-2091.995	189.3179	1.543355	1.74237
41388	-1905.391	-2095.083	189.6917	1.552277	1.463955
41394	-1907.408	-2097.262	189.854	2.242041	0.5292294
41400	-1911.012	-2100.788	189.7762	2.320791	0.482834
41406	-1910.929	-2100.658	189.7289	2.366397	0.4668778
41412	-1910.216	-2100.152	189.9364	2.129271	0.6372258
41418	-1911.48	-2101.417	189.9377	2.047772	0.7755987
41424	-1919.835	-2109.742	189.9072	1.543524	1.301938
41430	-1921.051	-2110.812	189.7613	2.333945	0.5354337
41436	-1911.953	-2101.561	189.6087	2.460859	0.3907372
41442	-1916.286	-2105.966	189.6796	1.87623	1.214751
41448	-1919.582	-2109.436	189.8541	1.799665	1.12931
41454	-1914.181	-2104.062	189.8817	1.764437	1.136107
41460	-1913.019	-2102.796	189.7766	2.319558	0.5276865
41466	-1909.992	-2099.794	189.8024	2.29103	0.5470389
41472	-1915.586	-2105.593	190.0075	2.085714	0.5484346
41478	-1910.746	-2100.708	189.9619	2.047042	0.7411038
41484	-1924.787	-2114.73	189.9424	1.766374	1.079025
41490	-1915.85	-2105.857	190.0068	1.907014	0.867284
41496	-1915.501	-2105.514	190.0133	1.977338	0.7682038
41502	-1920.835	-2110.885	190.0506	1.991777	0.685109
41508	-1913.175	-2103.058	189.8829	2.150896	0.700494
41514	-1912.445	-2102.523	190.0784	1.959511	0.6931771
41520	-1896.2	-2086.153	189.9534	2.07346	0.7123567
41526	-1901.273	-2091.296	190.0227	1.981395	0.7484548
41532	-1896.571	-2086.528	189.9572	1.962062	0.8608056
41538	-1905.578	-2095.675	190.0971	1.885187	0.7800881
41544	-1897.091	-2087.127	190.0365	1.924811	0.8083911
41550	-1915.172	-2105.211	190.0391	1.980609	0.7242164
41556	-1914.814	-2104.538	189.7236	1.783198	1.255909
41562	-1921.843	-2111.607	189.7641	1.679771	1.307546
41568	-1916.098	-2105.841	189.743	1.700851	1.307546
41574	-1909.612	-2099.585	189.9727	2.04702	0.7241384
41580	-1902	-2091.937	189.9361	2.083592	0.7241384
41586	-1913.409	-2103.375	189.9666	2.048372	0.7317133
41592	-1907.814	-2097.849	190.0347	1.988195	0.7189188
41598	-1917.05	-2107.067	190.0166	1.973335	0.7692792
41604	-1936.648	-2126.57	189.9223	2.076264	0.7567736
41610	-1922.213	-2112.135	189.9222	1.949311	0.9155209
41616	-1923.255	-2113.172	189.9169	1.954617	0.9155209
41622	-1914.509	-2104.426	189.9171	2.091406	0.7417291
41628	-1910.804	-2100.671	189.8677	2.217083	0.5845464
41634	-1917.821	-2107.715	189.8941	2.19146	0.5818092
41640	-1924.673	-2114.477	189.804	2.292257	0.4746273
41646	-1919.273	-2108.967	189.6948	2.402457	0.4860338
41652	-1920.876	-2110.787	189.9113	2.066846	0.7857233
41658	-1921.902	-2111.728	189.8265	2.024659	0.9376184
41664	-1921.458	-2111.382	189.9234	1.997822	0.8584341
41670	-1910.353	-2100.341	189.9881	2.001109	0.7703069
41676	-1913.948	-2103.939	189.9911	1.952222	0.8313791
41682	-1912.649	-2102.61	189.9608	1.994765	0.8158106
41688	-1912.588	-2102.576	189.9878	1.952394	0.8353032
41694	-1914.102	-2104.03	189.9279	1.864136	0.9987158
41700	-1925.703	-2115.765	190.0623	1.970617	0.7020077
41706	-1911.072	-2101.041	189.9687	2.041904	0.7385048
41712	-1912.264	-2102.231	189.9664	1.976336	0.8321691
41718	-1907.292	-2097.335	190.0435	1.764085	0.9830501
41724	-1921.848	-2111.737	189.8889	2.105283	0.7630901
41730	-1918.901	-2108.258	189.3569	1.479958	1.759437
41736	-1914.96	-2104.375	189.4156	1.479636	1.718473
41742	-1915.042	-2105.055	190.0134	1.985882	0.7557275
41748	-1912.7	-2102.474	189.7738	1.843153	1.161941
41754	-1918.399	-2107.816	189.4175	1.519257	1.689145
41760	-1923.251	-2112.834	189.5825	1.569392	1.53312
41766	-1926.492	-2116.062	189.5699	1.600355	1.519397
41772	-1911.444	-2101.313	189.8692	2.201417	0.6253727
41778	-1908.085	-2098.026	189.941	2.152476	0.5469428
41784	-1918.555	-2107.949	189.3944	1.379419	1.803264
41790	-1908.812	-2097.654	188.8425	1.440586	2.13249
41796	-1909.998	-2099.754	189.7561	1.492847	1.460224
41802	-1913.148	-2102.928	189.7797	2.317719	0.5104147
41808	-1903.681	-2093.537	189.8555	2.225113	0.5981523
41814	-1910.854	-2100.787	189.9329	2.162946	0.5304933
41820	-1900.29	-2089.439	189.1494	1.540113	1.861289
41826	-1904.652	-2093.802	189.15	1.539483	1.861289
41832	-1921.626	-2111.588	189.9621	2.082289	0.6814428
41838	-1912.957	-2102.827	189.8697	1.992397	0.9257867
41844	-1913.34	-2102.921	189.5808	1.885787	1.28908
41850	-1928.948	-2118.672	189.7238	2.024248	1.041921
41856	-1916.243	-2105.869	189.6264	1.748585	1.362625
41862	-1919.932	-2109.442	189.5097	1.698071	1.491379
41868	-1924.164	-2113.761	189.597	1.72361	1.405176
41874	-1919.131	-2108.499	189.3682	1.506332	1.733084
41880	-1914.358	-2103.7	189.3425	1.465909	1.779293
41886	-1904.936	-2094.219	189.2826	1.486185	1.806789
41892	-1905.355	-2094.497	189.1417	1.525469	1.876499
41898	-1907.077	-2096.42	189.343	1.60072	1.684182
41904	-1911.85	-2101.468	189.6178	1.529644	1.536356
41910	-1907.086	-2096.687	189.6007	1.620065	1.481588
41916	-1910.589	-2099.97	189.3808	1.557971	1.687664
41922	-1916.209	-2105.929	189.7205	2.376205	0.4786237
41928	-1913.164	-2102.986	189.8216	2.261563	0.5899287
41934	-1916.532	-2105.815	189.2827	1.645203	1.695422
41940	-1909.345	-2098.925	189.5802	1.668673	1.460253
41946	-1892.108	-2081.898	189.7895	1.659285	1.303516
41952	-1900.056	-2089.8	189.7441	1.668584	1.332658
41958	-1901.174	-2090.717	189.5438	1.689304	1.472236
41964	-1905.544	-2095.316	189.772	1.872093	1.137977
41970	-1921.818	-2111.766	189.9481	2.128525	0.6096399
41976	-1923.583	-2113.535	189.9521	1.980325	0.8449048
41982	-1904.431	-2094.403	189.9721	1.980325	0.8199378
41988	-1914.47	-2104.217	189.747	1.930506	1.10783
41994	-1897.499	-2087.34	189.8409	1.856064	1.089972
42000	-1899.443	-2089.29	189.8472	1.849819	1.089972
42006	-1901.982	-2091.822	189.8406	1.901537	1.047508
42012	-1900.196	-2090.136	189.94	1.933567	0.9132349
42018	-1894.561	-2084.505	189.9441	2.023594	0.7999445
42024	-1904.895	-2094.902	190.0066	1.961116	0.7999445
42030	-1912.063	-2102.021	189.9573	2.007462	0.803844
42036	-1906.465	-2096.382	189.9175	1.844259	1.028656
42042	-1928.116	-2117.749	189.6333	2.437928	0.3936282
42048	-1926.346	-2115.837	189.491	2.574611	0.383855
42054	-1929.389	-2118.82	189.4308	2.563005	0.3053547
42060	-1929.691	-2119.376	189.685	2.380655	0.3839644
42066	-1931.174	-2120.647	189.4728	2.566996	0.3486699
42072	-1920.022	-2109.998	189.976	2.003327	0.784125
42078	-1916.8	-2106.613	189.813	1.840443	1.129595
42084	-1906.578	-2096.434	189.8563	1.749925	1.171387
42090	-1925.151	-2114.899	189.7481	1.759138	1.255601
42096	-1925.332	-2114.852	189.5199	1.831315	1.381278
42102	-1921.186	-2110.84	189.6547	1.638301	1.426536
42108	-1915.547	-2105.311	189.7634	1.701886	1.290155
42114	-1909.232	-2098.991	189.7587	1.792127	1.218979
42120	-1919.236	-2108.881	189.645	2.434407	0.4105411
42126	-1924.044	-2113.613	189.5696	2.515182	0.4240332
42132	-1915.423	-2104.981	189.5577	2.509068	0.38579
42138	-1914.593	-2104.267	189.6738	2.406158	0.4118664
42144	-1909.251	-2098.768	189.5176	1.627269	1.538311
42150	-1913.315	-2102.931	189.6166	1.528269	1.538311
42156	-1917.416	-2107.168	189.7517	1.751704	1.258783
42162	-1911.655	-2101.622	189.9669	1.688595	1.127783
42168	-1916.695	-2106.655	189.9603	1.805064	1.025145
42174	-1910.514	-2100.567	190.0532	1.929552	0.7793336
42180	-1900.463	-2090.372	189.9087	2.085002	0.7639003
42186	-1915.486	-2105.343	189.8569	2.168174	0.7154131
42192	-1925.645	-2115.404	189.759	1.9368	1.091039
42198	-1914.417	-2104.039	189.6216	1.745335	1.368982
42204	-1916.739	-2106.217	189.4782	1.570577	1.608693
42210	-1913.867	-2103.729	189.8623	1.936875	0.9915494
42216	-1919.889	-2109.862	189.9736	2.019452	0.7648437
42222	-1923.413	-2113.271	189.8575	2.126729	0.7773005
42228	-1914.979	-2104.884	189.9049	1.986132	0.8936689
42234	-1910.977	-2100.918	189.9414	1.878569	0.9703367
42240	-1918.061	-2108.044	189.9831	1.85108	0.9555865
42246	-1914.094	-2104.024	189.9299	1.85108	1.009776
42252	-1905.371	-2095.301	189.9299	1.85108	1.009776
42258	-1912.271	-2102.201	189.93	1.849611	1.011069
42264	-1914.945	-2104.657	189.7114	1.774254	1.273393
42270	-1914.993	-2104.832	189.8382	1.791385	1.150843
42276	-1912.662	-2102.452	189.7903	1.839316	1.150843
42282	-1909.603	-2099.487	189.8841	1.81879	1.084523
42288	-1908.304	-2097.978	189.6741	1.809666	1.274935
42294	-1908.947	-2098.792	189.8447	2.21509	0.650428
42300	-1908.708	-2098.373	189.6653	2.431979	0.5135576
42306	-1909.838	-2099.728	189.89	2.117684	0.7430422
42312	-1904.759	-2094.675	189.916	1.907689	0.9665698
42318	-1903.391	-2093.394	190.0035	1.992617	0.7603606
42324	-1905.511	-2095.622	190.1105	1.816986	0.8509398
42330	-1902.989	-2092.909	189.9197	1.842541	1.02813
42336	-1900.382	-2090.372	189.99	1.824761	0.9757356
42342	-1902.266	-2092.205	189.9384	1.876312	0.9757356
42348	-1902.804	-2092.658	189.8535	1.851548	1.082502
42354	-1904.515	-2094.348	189.8321	1.9755	0.9829916
42360	-1911.864	-2101.733	189.8691	1.938526	0.9829916
42366	-1917.811	-2107.667	189.8557	1.94428	0.9907958
42372	-1907.993	-2097.122	189.1294	1.586515	1.84321
42378	-1908.871	-2098.133	189.2616	1.584927	1.752722
42384	-1903.383	-2092.956	189.5733	1.490694	1.597643
42390	-1900.532	-2089.865	189.3338	1.471261	1.781594
42396	-1909.054	-2098.006	188.9518	1.394871	2.090816
42402	-1911.581	-2099.77	188.189	1.30792	2.630549
42408	-1913.378	-2102.376	188.9987	1.31641	2.111551
42414	-1921.97	-2111.375	189.4051	1.619284	1.626345
42420	-1917.125	-2106.422	189.2977	1.525862	1.768773
42426	-1916.177	-2105.723	189.5456	1.630635	1.514953
42432	-1911.518	-2100.601	189.0824	1.498779	1.934835
42438	-1911.322	-2101.195	189.8724	1.742673	1.163661
42444	-1919.894	-2109.809	189.915	1.828917	1.045877
42450	-1924.058	-2113.961	189.903	1.566253	1.286839
42456	-1922.153	-2111.872	189.7181	1.751212	1.286839
42462	-1928.145	-2118.009	189.8645	1.892533	1.033182
42468	-1921.732	-2111.606	189.874	1.88303	1.033182
42474	-1924.251	-2112.908	188.6566	1.536583	2.190971
42480	-1916.448	-2105.336	188.8886	1.478423	2.077451
42486	-1930.425	-2119.691	189.2657	1.607905	1.733697
42492	-1906.976	-2096.663	189.6863	1.728625	1.330799
42498	-1911.388	-2101.112	189.7245	1.797713	1.243084
42504	-1906.818	-2096.826	190.0077	1.678841	1.099614
42510	-1904.841	-2094.778	189.9377	1.712482	1.13249
42516	-1914.86	-2104.558	189.6977	1.662458	1.374241
42522	-1910.957	-2100.696	189.7387	1.709062	1.304359
42528	-1915.613	-2105.099	189.486	1.617163	1.569008
42534	-1919.207	-2109.123	189.9156	1.900013	0.9748966
42540	-1915.614	-2105.526	189.9117	1.992782	0.8782421
42546	-1923.098	-2112.937	189.8388	1.915024	1.036356
42552	-1903.213	-2093.14	189.9269	1.880067	0.9836326
42558	-1918.158	-2108.054	189.8962	1.907624	0.9868595
42564	-1911.778	-2101.729	189.9512	1.852634	0.9868595
42570	-1905.358	-2095.187	189.8288	1.852915	1.103981
42576	-1904.006	-2094.019	190.0129	1.840048	0.9357074
42582	-1905.435	-2095.456	190.0213	1.954593	0.7889085
42588	-1920.805	-2110.815	190.0101	1.866911	0.9094231
42594	-1924.81	-2114.284	189.4747	1.577571	1.606191
42600	-1912.067	-2101.67	189.6031	1.504202	1.566039
42606	-1910.401	-2100.156	189.755	1.526778	1.435096
42612	-1918.334	-2107.876	189.542	1.562542	1.568031
42618	-1913.863	-2102.584	188.7208	1.378159	2.251741
42624	-1917.94	-2107.359	189.4186	1.477868	1.717618
42630	-1920.386	-2110.254	189.8678	1.90616	1.016688
42636	-1912.363	-2102.175	189.8117	1.968159	1.010894
42642	-1920.724	-2110.095	189.3714	1.628253	1.644156
42648	-1923.152	-2112.529	189.3776	1.404734	1.797377
42654	-1907.233	-2097.138	189.9046	1.876545	1.00959
42660	-1934.398	-2123.793	189.3953	1.531469	1.696196
42666	-1925.47	-2114.576	189.1065	1.673187	1.799199
42672	-1914.71	-2104.513	189.8029	1.832967	1.145251
42678	-1905.704	-2095.451	189.7472	1.601144	1.383511
42684	-1914.016	-2103.7	189.6845	1.77652	1.293582
42690	-1917.327	-2107.348	190.0204	1.805854	0.9638322
42696	-1914.094	-2104.018	189.9233	1.859945	1.007541
42702	-1919.39	-2109.328	189.9381	1.931135	0.9179621
42708	-1919.365	-2109.368	190.0036	1.995044	0.7566251
42714	-1907.142	-2096.253	189.1111	1.524122	1.898239
42720	-1923.687	-2113.334	189.6472	1.685518	1.395761
42726	-1907.471	-2097.158	189.6864	1.778576	1.29037
42732	-1906.95	-2096.721	189.7707	1.672876	1.30775
42738	-1914.975	-2104.38	189.4044	1.586983	1.650147
42744	-1913.708	-2103.508	189.7996	2.284814	0.5857182
42750	-1922.339	-2112.077	189.7381	2.359149	0.513802
42756	-1916.359	-2106.206	189.8471	2.239888	0.5764921
42762	-1932.644	-2122.231	189.5873	1.594848	1.510523
42768	-1922.729	-2112.124	189.395	1.601696	1.646298
42774	-1923.56	-2113.081	189.5209	1.583113	1.568402
42780	-1923.979	-2113.372	189.3931	1.581939	1.661835
42786	-1928.785	-2118.112	189.3265	1.648513	1.661835
42792	-1926.176	-2116.084	189.9081	2.149332	0.6555348
42798	-1916.406	-2106.218	189.8121	2.134822	0.8268493
42804	-1915.577	-2105.504	189.9272	1.886119	0.9771962
42810	-1913.692	-2103.43	189.7385	1.931353	1.114825
42816	-1918.573	-2108.267	189.6942	1.976914	1.113674
42822	-1916.681	-2106.507	189.8254	1.760934	1.188663
42828	-1911.94	-2101.783	189.8427	2.015265	0.930297
42834	-1925.921	-2115.638	189.7175	1.733966	1.301387
42840	-1915.341	-2105.038	189.6977	1.715801	1.331995
42846	-1924.453	-2113.958	189.5055	1.794846	1.420838
42852	-1929.258	-2118.561	189.3027	1.799108	1.570023
42858	-1927.75	-2117.229	189.4795	1.695258	1.516078
42864	-1922.765	-2112.688	189.9232	1.772258	1.091362
42870	-1910.804	-2100.604	189.7998	1.825035	1.155022
42876	-1922.699	-2112.526	189.8268	1.754479	1.193
42882	-1921.476	-2111.405	189.9289	1.717318	1.13607
42888	-1916.539	-2106.42	189.8808	1.868325	1.040845
42894	-1913.85	-2103.65	189.7994	1.916816	1.072114
42900	-1909.832	-2099.667	189.8355	1.958941	0.9963764
42906	-1906.53	-2096.463	189.9335	1.971713	0.8773998
42912	-1922.962	-2112.957	189.9954	1.993712	0.7704531
42918	-1919.59	-2109.52	189.9299	1.952307	0.9035707
42924	-1913.148	-2103.106	189.9585	1.977245	0.8408254
42930	-1910.634	-2100.492	189.8575	1.975084	0.9572464
42936	-1910.164	-2099.932	189.7682	1.751038	1.245583
42942	-1904.405	-2094.272	189.8665	1.741155	1.170146
42948	-1902.938	-2092.676	189.7382	1.677197	1.330479
42954	-1907.605	-2097.52	189.9146	1.793187	1.079942
42960	-1921.495	-2111.249	189.7531	1.9293	1.103359
42966	-1913.283	-2103.293	190.0101	1.927417	0.8385973
42972	-1925.238	-2113.95	188.7112	1.285805	2.317038
42978	-1914.311	-2103.161	188.8491	1.475053	2.105605
42984	-1923.831	-2112.452	188.6219	1.380483	2.31361
42990	-1908.62	-2098.539	189.9189	1.906566	0.964674
42996	-1908.593	-2098.524	189.9301	1.828576	1.031572
43002	-1920.075	-2110.01	189.9347	1.747543	1.103508
43008	-1924.902	-2114.878	189.9759	1.706341	1.103508
43014	-1918.27	-2107.533	189.2624	1.325596	1.930223
43020	-1900.399	-2089.388	188.9893	1.556398	1.958702
43026	-1913.739	-2102.336	188.5971	1.339633	2.355352
43032	-1909.369	-2098.247	188.8774	1.255899	2.229673
43038	-1913.865	-2102.525	188.6602	1.412445	2.268688
43044	-1912.188	-2102.135	189.9473	1.694396	1.140083
43050	-1920.079	-2108.838	188.7586	1.459514	2.174785
43056	-1920.615	-2109.673	189.0581	1.363247	2.041601
43062	-1908.138	-2097.12	188.9823	1.439063	2.041601
43068	-1911.387	-2100.373	188.9854	1.512591	1.990611
43074	-1915.691	-2105.578	189.8864	1.745241	1.149033
43080	-1908.246	-2098.068	189.8212	1.798419	1.159674
43086	-1906.913	-2096.794	189.8809	1.656486	1.23033
43092	-1910.462	-2100.396	189.9348	1.813951	1.041243
43098	-1905.562	-2095.497	189.9348	1.813951	1.041243
43104	-1924.937	-2114.841	189.9044	1.844346	1.041243
43110	-1909.296	-2099.225	189.9291	1.707934	1.14424
43116	-1904.866	-2094.616	189.7501	1.57125	1.404607
43122	-1909.531	-2098.832	189.3013	1.498693	1.785126
43128	-1910.128	-2099.143	189.0145	1.48258	1.991254
43134	-1926.44	-2116.299	189.8595	1.897822	1.032951
43140	-1919.174	-2109.058	189.8842	1.819114	1.084124
43146	-1915.284	-2105.22	189.9363	1.767046	1.084124
43152	-1917.852	-2107.785	189.9328	1.729439	1.121666
43158	-1916.667	-2106.494	189.8267	1.835562	1.121666
43164	-1913.66	-2103.594	189.9336	1.977987	0.8699328
43170	-1930.109	-2119.77	189.6612	1.641318	1.419179
43176	-1921.355	-2110.848	189.4928	1.665509	1.528321
43182	-1915.148	-2105.192	190.0436	1.989837	0.7010972
43188	-1914.906	-2104.812	189.9061	2.166551	0.620304
43194	-1903.004	-2092.897	189.8927	2.173772	0.63542
43200	-1901.316	-2091.219	189.9031	2.176257	0.6016546
43206	-1903.64	-2093.466	189.8261	2.271215	0.4870576
43212	-1900.201	-2090.082	189.8814	2.215933	0.5127132
43218	-1909.343	-2099.115	189.7723	2.324977	0.5127132
43224	-1914.889	-2104.741	189.8512	2.242447	0.5460538
43230	-1908.143	-2097.974	189.8316	2.260114	0.5562294
43236	-1910.149	-2099.986	189.8374	2.260114	0.5091383
43242	-1908.18	-2097.928	189.7481	2.297767	0.6785192
43248	-1907.558	-2097.434	189.8753	2.215446	0.5608891
43254	-1919.173	-2109.076	189.9028	2.178288	0.5964347
43260	-1924.948	-2114.673	189.7249	1.75044	1.281861
43266	-1919.935	-2109.872	189.9374	1.76931	1.080999
43272	-1922.623	-2112.541	189.9189	2.158582	0.6073146
43278	-1914.122	-2104.073	189.9504	2.119831	0.626324
43284	-1908.562	-2098.126	189.5641	2.524288	0.4348966
43290	-1908.64	-2098.42	189.7802	2.316838	0.4823699
43296	-1908.383	-2098.186	189.8024	2.287144	0.5661326
43302	-1921.019	-2110.947	189.928	1.631124	1.211947
43308	-1926.7	-2116.539	189.8389	1.764171	1.174085
43314	-1919.595	-2109.542	189.9476	2.108484	0.6582576
43320	-1915.964	-2105.781	189.8172	1.701441	1.246078
43326	-1912.475	-2102.158	189.6822	1.732828	1.330732
43332	-1905.305	-2095.16	189.8551	1.928919	1.006753
43338	-1905.578	-2095.433	189.8551	1.928917	1.006753
43344	-1907.768	-2097.201	189.433	1.639872	1.591174
43350	-1903.853	-2093.531	189.6778	1.816372	1.266379
43356	-1900.151	-2089.788	189.6363	1.786197	1.324748
43362	-1936.021	-2125.669	189.6487	1.807529	1.297516
43368	-1920.524	-2110.273	189.7493	1.921304	1.114147
43374	-1924.75	-2114.491	189.7415	1.95299	1.092263
43380	-1927.098	-2116.866	189.7682	1.875644	1.138213
43386	-1912.159	-2102.132	189.9726	1.919576	0.8924192
43392	-1909.049	-2098.948	189.8993	1.983119	0.9033511
43398	-1917.321	-2107.239	189.9184	1.866333	1.006017
43404	-1908.517	-2098.4	189.8836	1.827517	1.076874
43410	-1906.845	-2096.861	190.0161	1.856252	0.9145797
43416	-1908.855	-2098.893	190.0381	1.834238	0.9145797
43422	-1910.657	-2100.216	189.5585	1.724957	1.433818
43428	-1919.303	-2109.088	189.7849	1.807643	1.183221
43434	-1912.169	-2102.125	189.9559	1.962193	0.86225
43440	-1915.588	-2105.544	189.9561	1.962022	0.86225
43446	-1918.668	-2108.549	189.8811	2.036927	0.86225
43452	-1920.4	-2110.323	189.9228	2.006933	0.8482084
43458	-1914.945	-2104.968	190.0227	1.931921	0.8170052
43464	-1910.265	-2100.308	190.043	1.898501	0.8336419
43470	-1902.191	-2092.176	189.9847	2.029381	0.7332094
43476	-1908.231	-2098.189	189.958	2.048112	0.7453989
43482	-1909.18	-2099.07	189.8898	2.184376	0.6162654
43488	-1910.301	-2100.067	189.7662	2.324078	0.5632264
43494	-1930.698	-2120.586	189.8881	2.118112	0.7452849
43500	-1917.178	-2107.073	189.8945	2.203021	0.5070686
43506	-1925.867	-2115.765	189.8972	2.174684	0.6223006
43512	-1919.474	-2109.242	189.7681	1.95978	1.061142
43518	-1932.155	-2121.945	189.7899	2.061511	0.9373671
43524	-1922.712	-2112.62	189.9084	1.938683	0.9420002
43530	-1925.296	-2115.293	189.9974	1.883824	0.9046855
43536	-1921.108	-2111.012	189.9044	1.864388	1.021802
43542	-1900.978	-2090.971	189.9931	1.853953	0.9420002
43548	-1916.781	-2106.688	189.907	1.922	0.9609695
43554	-1911.258	-2101.147	189.8887	1.954983	0.9455201
43560	-1912.905	-2102.912	190.0069	1.918833	0.8531084
43566	-1907.045	-2097.035	189.9907	1.955772	0.8274611
43572	-1913.66	-2103.646	189.9859	1.886397	0.914576
43578	-1911.631	-2101.596	189.9649	1.952505	0.8630622
43584	-1907.812	-2097.778	189.966	2.063686	0.7077154
43590	-1907.32	-2097.224	189.9038	2.034594	0.8376277
43596	-1916.446	-2106.482	190.0362	1.778083	0.976253
43602	-1917.752	-2107.579	189.8269	2.19085	0.7273754
43608	-1900.291	-2090.177	189.8864	2.073156	0.8107251
43614	-1906.573	-2096.436	189.8624	2.160449	0.7190132
43620	-1908.956	-2098.822	189.8657	2.157203	0.7190132
43626	-1903.879	-2093.869	189.9894	2.051886	0.6870631
43632	-1906.892	-2096.806	189.9137	1.829101	1.046894
43638	-1908.38	-2098.068	189.6876	1.759647	1.304814
43644	-1914.721	-2104.391	189.6696	1.740435	1.334724
43650	-1916.433	-2106.246	189.8126	2.214556	0.7119816
43656	-1914.344	-2104.322	189.9777	2.019483	0.7587462
43662	-1902.197	-2092.074	189.8778	2.203347	0.5963347
43668	-1914.501	-2104.367	189.8657	2.203347	0.6292946
43674	-1916.374	-2106.205	189.8309	2.236595	0.6329707
43680	-1914.733	-2104.648	189.9148	2.140771	0.6594769
43686	-1910.955	-2100.841	189.8855	2.169511	0.6605982
43692	-1899.645	-2089.523	189.8777	2.214943	0.5515197
43698	-1908.807	-2098.637	189.8295	2.166161	0.7610425
43704	-1914.999	-2104.702	189.7032	2.393579	0.5208236
43710	-1914.756	-2104.458	189.7021	2.393579	0.5317683
43716	-1918.996	-2108.786	189.79	2.284898	0.6142458
43722	-1914.1	-2103.971	189.8715	2.14694	0.726175
43728	-1919.108	-2109.072	189.9641	1.926373	0.8943334
43734	-1914.445	-2104.06	189.6149	1.699474	1.410005
43740	-1921.647	-2111.308	189.6614	1.579411	1.466399
43746	-1928.361	-2117.741	189.3801	1.553948	1.691021
43752	-1908.172	-2097.918	189.7457	1.687	1.316525
43758	-1905.837	-2095.679	189.8415	1.75305	1.181503
43764	-1915.415	-2105.183	189.7678	1.721108	1.270718
43770	-1930.315	-2119.155	188.8403	1.333495	2.203548
43776	-1918.128	-2107.135	189.0068	1.442633	2.022948
43782	-1942.262	-2130.369	188.1073	1.374282	2.640009
43788	-1925	-2114.053	189.0536	1.486093	1.962737
43794	-1933.249	-2122.124	188.875	1.344112	2.174147
43800	-1916.45	-2105.309	188.8585	1.31519	2.20357
43806	-1915.743	-2105.051	189.3088	1.653473	1.670953
43812	-1928.864	-2118.667	189.8023	1.887725	1.096403
43818	-1921.795	-2111.819	190.0241	1.890446	0.8664692
43824	-1903.517	-2092.447	188.9296	1.474874	2.052712
43830	-1906.07	-2095.378	189.3077	1.507051	1.774915
43836	-1905.651	-2094.534	188.883	1.477697	2.081647
43842	-1907.671	-2095.855	188.184	1.360263	2.601229
43848	-1910.76	-2099.817	189.0573	1.298449	2.084878
43854	-1910.066	-2099.985	189.9192	1.763439	1.103127
43860	-1914.373	-2103.033	188.66	1.332124	2.320158
43866	-1910.257	-2099.333	189.0758	1.537399	1.913141
43872	-1913.295	-2102.924	189.6291	1.558819	1.506241
43878	-1929.066	-2118.206	189.1405	1.654534	1.788568
43884	-1918.524	-2108.395	189.8709	1.888289	1.031103
43890	-1916.658	-2106.524	189.866	1.893204	1.031103
43896	-1910.654	-2100.518	189.8638	2.064073	0.8504202
43902	-1906.961	-2096.84	189.8792	2.048759	0.8504202
43908	-1920.736	-2110.639	189.903	2.070154	0.7925528
43914	-1926.663	-2116.566	189.903	2.070154	0.7925528
43920	-1917.573	-2107.457	189.8839	2.072347	0.8149794
43926	-1920.557	-2110.555	189.9977	2.048804	0.6774551
43932	-1919.738	-2109.749	190.0104	1.954077	0.8041364
43938	-1920.886	-2110.884	189.9987	2.065556	0.6404597
43944	-1916.023	-2104.387	188.3639	1.271944	2.544393
43950	-1918.966	-2108.864	189.8974	1.863212	1.029691
43956	-1908.852	-2098.788	189.9358	1.98703	0.8565118
43962	-1929.694	-2119.677	189.9826	1.897309	0.906132
43968	-1920.573	-2110.501	189.9283	1.951641	0.906132
43974	-1912.874	-2102.855	189.9815	2.072783	0.6619969
43980	-1923.308	-2113.397	190.0885	1.709612	0.9926054
43986	-1905.791	-2095.351	189.5606	1.681433	1.465455
43992	-1904.377	-2094.046	189.6682	1.877163	1.223573
43998	-1909.108	-2098.862	189.7538	1.739708	1.266955
44004	-1909.897	-2099.807	189.91	1.651011	1.210353
44010	-1913.821	-2103.532	189.7105	1.850464	1.210353
44016	-1907.003	-2096.824	189.8211	1.739919	1.210353
44022	-1902.013	-2091.985	189.9719	1.862094	0.9557967
44028	-1909.514	-2099.458	189.9441	1.780211	1.064471
44034	-1919.682	-2109.453	189.7717	1.897469	1.11545
44040	-1906.365	-2096.253	189.8879	1.838797	1.062272
44046	-1910.373	-2100.25	189.8772	1.985417	0.9251945
44052	-1909.897	-2099.859	189.9615	2.114093	0.6124419
44058	-1909.028	-2098.991	189.9636	2.074859	0.692323
44064	-1914.402	-2104.186	189.7842	1.732309	1.24785
44070	-1911.128	-2101.173	190.0456	1.989225	0.6988245
44076	-1901.287	-2091.308	190.0212	1.832347	0.9350025
44082	-1904.157	-2094.038	189.8819	1.760668	1.139288
44088	-1901.74	-2091.549	189.8084	1.856104	1.119622
44094	-1902.847	-2092.778	189.9306	1.90558	0.9534487
44100	-1911.797	-2101.741	189.9436	1.880844	0.9657871
44106	-1902.501	-2092.223	189.7219	1.802594	1.241183
44112	-1914.388	-2104.399	190.0107	1.895006	0.8767465
44118	-1913.799	-2103.787	189.988	1.904998	0.8914078
44124	-1921.659	-2111.67	190.011	1.874698	0.8996528
44130	-1920.224	-2109.995	189.7712	1.938176	1.078482
44136	-1917.093	-2106.936	189.8438	1.782608	1.153624
44142	-1921.546	-2111.283	189.7377	1.731805	1.286681
44148	-1917.973	-2107.791	189.8183	1.866438	1.101285
44154	-1919.345	-2109.06	189.7144	1.86409	1.195352
44160	-1909.544	-2099.311	189.767	1.659658	1.3214
44166	-1913.579	-2103.2	189.6204	1.517695	1.543289
44172	-1912.733	-2102.457	189.7242	1.611169	1.393649
44178	-1919.681	-2109.509	189.8276	1.644964	1.284204
44184	-1927.32	-2117.15	189.8298	1.968928	0.9920709
44190	-1919.291	-2108.651	189.3606	1.58047	1.686016
44196	-1938.076	-2127.294	189.2176	1.565096	1.797132
44202	-1925.009	-2114.959	189.9493	1.906335	0.9327897
44208	-1932.776	-2122.72	189.9441	1.906335	0.9383333
44214	-1939.387	-2129.267	189.8796	2.02162	0.8819966
44220	-1924.965	-2114.953	189.9881	2.048674	0.6953422
44226	-1918.048	-2107.964	189.9161	2.064913	0.7818709
44232	-1923.018	-2112.937	189.9187	2.099255	0.7269792
44238	-1916.788	-2106.705	189.9168	2.094147	0.7380782
44244	-1922.612	-2112.623	190.0115	2.026061	0.6938287
44250	-1939.567	-2129.504	189.9373	2.096995	0.6996517
44256	-1920.855	-2110.874	190.0185	2.015798	0.6996517
44262	-1924.865	-2114.801	189.9367	2.080331	0.7284903
44268	-1914.039	-2104.014	189.9749	2.016986	0.7664914
44274	-1926.039	-2115.935	189.8961	2.014081	0.8715956
44280	-1914.715	-2104.663	189.9487	2.021917	0.7960011
44286	-1917.088	-2107.026	189.9385	2.022709	0.8084851
44292	-1903.869	-2093.846	189.9778	1.980422	0.8124409
44298	-1915.213	-2104.924	189.7112	1.900325	1.166743
44304	-1910.594	-2100.391	189.7968	1.586667	1.355885
44310	-1900.188	-2090.154	189.9658	1.752911	1.069722
44316	-1905.535	-2095.622	190.0869	1.881475	0.7990165
44322	-1912.696	-2102.549	189.8526	1.741883	1.181557
44328	-1910.449	-2100.183	189.7338	1.727363	1.293504
44334	-1912.33	-2102.114	189.7837	1.67743	1.293504
44340	-1916.718	-2106.671	189.9537	1.781228	1.054445
44346	-1906.404	-2096.32	189.9154	1.723739	1.142343
44352	-1905.795	-2095.291	189.4957	1.584655	1.585748
44358	-1900.577	-2090.442	189.8656	1.752258	1.161166
44364	-1923.364	-2112.936	189.5725	1.677802	1.459207
44370	-1911.496	-2101.141	189.6458	1.665399	1.412473
44376	-1926.423	-2116.133	189.7098	1.587499	1.423219
44382	-1910.17	-2099.993	189.823	1.746835	1.202798
44388	-1910.247	-2099.976	189.729	1.787478	1.247883
44394	-1916.372	-2106.202	189.8303	1.912733	1.046662
44400	-1911.763	-2101.42	189.6576	1.777452	1.314663
44406	-1900.635	-2090.536	189.9008	1.971563	0.9144977
44412	-1917.618	-2107.568	189.9507	2.034947	0.7753744
44418	-1917.916	-2107.881	189.965	2.049307	0.7327404
44424	-1915.611	-2105.229	189.6176	2.013262	1.149717
44430	-1909.831	-2099.522	189.6911	1.965746	1.12652
44436	-1920.389	-2109.696	189.3076	1.54675	1.747202
44442	-1910.39	-2100.346	189.956	1.864164	0.9701694
44448	-1906.478	-2096.347	189.8694	1.81808	1.098724
44454	-1914.508	-2103.512	189.0039	1.389803	2.05985
44460	-1909.593	-2098.637	189.0437	1.295917	2.095466
44466	-1913.153	-2102.63	189.4765	1.603992	1.585658
44472	-1912.118	-2102.006	189.8876	1.907631	0.9955323
44478	-1906.747	-2096.656	189.9093	1.885904	0.9955323
44484	-1908.371	-2098.168	189.7972	1.562703	1.374457
44490	-1906.552	-2096.563	190.0111	2.022813	0.7004201
44496	-1914.206	-2104.175	189.9695	2.07222	0.6864262
44502	-1913.476	-2103.048	189.572	1.679827	1.457982
44508	-1932.435	-2121.787	189.3526	1.412169	1.809517
44514	-1913.52	-2103.436	189.9159	1.732757	1.133884
44520	-1928.005	-2117.604	189.5994	1.543136	1.540058
44526	-1918.768	-2108.246	189.4778	1.568921	1.61025
44532	-1914.618	-2104.371	189.7527	1.610474	1.37194
44538	-1908.932	-2098.401	189.4698	1.517422	1.653098
44544	-1909.529	-2098.75	189.2215	1.511321	1.83158
44550	-1907.103	-2096.777	189.6736	1.551081	1.478589
44556	-1895.173	-2084.844	189.6707	1.533776	1.493814
44562	-1905.558	-2095.002	189.4437	1.543032	1.65344
44568	-1910.89	-2100.829	189.9392	1.768068	1.080454
44574	-1914.291	-2103.933	189.6413	1.780033	1.325704
44580	-1905.305	-2095.118	189.8124	1.826086	1.142931
44586	-1903.76	-2093.608	189.8478	1.724992	1.200272
44592	-1902.705	-2092.549	189.8438	1.850348	1.09256
44598	-1899.338	-2089.256	189.9174	1.850348	1.022806
44604	-1910.873	-2100.759	189.8856	1.76301	1.133928
44610	-1928.122	-2118.033	189.9107	1.807702	1.070059
44616	-1923.019	-2112.807	189.7889	1.776545	1.206528
44622	-1909.574	-2099.579	190.0044	1.997405	0.7519
44628	-1913.978	-2103.913	189.9347	2.105579	0.6889617
44634	-1904.471	-2094.406	189.935	2.124069	0.6519412
44640	-1896.463	-2086.444	189.981	2.040829	0.7207229
44646	-1903.92	-2093.839	189.9191	2.163724	0.590938
44652	-1898.665	-2088.464	189.7983	2.297857	0.4729022
44658	-1911.6	-2101.421	189.8218	2.270934	0.452199
44664	-1916.888	-2106.713	189.8252	1.806903	1.148632
44670	-1911.832	-2101.725	189.8929	2.202252	0.5361067
44676	-1916.414	-2106.451	190.0367	2.032052	0.6299389
44682	-1918.483	-2108.452	189.9683	2.030406	0.7565707
44688	-1918.529	-2108.441	189.9116	2.075649	0.7730455
44694	-1907.401	-2097.458	190.0569	1.844542	0.8817232
44700	-1905.71	-2095.696	189.986	1.808001	0.9967925
44706	-1899.57	-2089.533	189.963	1.830944	0.9967925
44712	-1902.314	-2092.214	189.9003	2.129236	0.7078533
44718	-1898.337	-2088.306	189.9694	2.060932	0.7066058
44724	-1910.281	-2100.263	189.982	1.950633	0.8446578
44730	-1920.059	-2110.063	190.0043	1.997625	0.7517401
44736	-1917.036	-2106.893	189.8568	2.067511	0.8547979
44742	-1910.79	-2100.405	189.6155	1.629047	1.463561
44748	-1915.447	-2105.326	189.8793	1.787589	1.117457
44754	-1911.013	-2100.924	189.9115	2.158667	0.6266038
44760	-1913.742	-2103.589	189.8468	2.0496	0.8875594
44766	-1918.559	-2108.448	189.8894	2.007014	0.8875594
44772	-1913.195	-2102.825	189.6301	1.600497	1.47414
44778	-1910.889	-2100.038	189.1488	1.544033	1.858981
44784	-1916.844	-2106.246	189.4017	1.545806	1.681504
44790	-1924.711	-2114.583	189.8718	1.871723	1.046194
44796	-1910.287	-2100.376	190.0892	1.830532	0.8603134
44802	-1914.022	-2103.814	189.7927	1.762686	1.215155
44808	-1909.989	-2100.051	190.0619	1.709524	1.019196
44814	-1908.754	-2098.697	189.9424	1.948306	0.8940257
44820	-1904.193	-2093.98	189.7866	1.800935	1.187595
44826	-1913.468	-2103.265	189.797	1.798013	1.181121
44832	-1911.043	-2100.873	189.8293	1.765701	1.181121
44838	-1907.979	-2097.723	189.7444	1.678516	1.324424
44844	-1911.282	-2100.974	189.6916	1.739037	1.31823
44850	-1915.705	-2105.378	189.6725	1.687808	1.374193
44856	-1907.98	-2097.516	189.5355	1.668349	1.494262
44862	-1905.491	-2095.352	189.8619	1.933516	0.9953086
44868	-1899.055	-2088.908	189.8524	1.80224	1.128537
44874	-1904.166	-2094.02	189.8545	1.692377	1.222361
44880	-1922.248	-2112.025	189.777	1.918872	1.091009
44886	-1920.228	-2109.898	189.6701	1.753179	1.324154
44892	-1906.473	-2095.978	189.5046	1.521721	1.624974
44898	-1918.073	-2107.461	189.388	1.514828	1.71313
44904	-1911.988	-2101.821	189.8335	1.80515	1.142822
44910	-1913.05	-2102.8	189.7503	1.888363	1.142822
44916	-1921.498	-2111.306	189.8086	1.793823	1.17469
44922	-1907.46	-2097.278	189.8174	1.829736	1.135236
44928	-1915.408	-2105.151	189.7434	1.749622	1.267361
44934	-1911.91	-2101.837	189.9266	1.934158	0.9272255
44940	-1904.011	-2093.911	189.8997	1.881504	1.009559
44946	-1926.851	-2116.209	189.3574	1.554257	1.706905
44952	-1917.693	-2106.916	189.2225	1.628217	1.749792
44958	-1915.413	-2104.539	189.126	1.607731	1.830962
44964	-1910.741	-2099.731	188.9895	1.487516	2.004597
44970	-1904.407	-2093.895	189.4872	1.55169	1.615878
44976	-1918.135	-2106.958	188.8223	1.659932	2.001157
44982	-1905.126	-2094.85	189.7246	1.676693	1.341727
44988	-1914.058	-2103.623	189.5643	1.696164	1.451431
44994	-1908.93	-2098.743	189.8122	1.69178	1.258307
45000	-1911.231	-2101.039	189.808	2.284204	0.5537019
45006	-1925.676	-2115.551	189.8743	2.223131	0.5092632
45012	-1909.023	-2098.942	189.9186	1.857549	1.014575
45018	-1909.134	-2099.096	189.9626	1.766117	1.06035
45024	-1910.231	-2100.121	189.8903	1.928288	0.9718231
45030	-1921.318	-2111.079	189.7602	2.337437	0.497967
45036	-1923.759	-2113.446	189.6872	2.410479	0.4982916
45042	-1924.913	-2114.425	189.5118	2.566468	0.4078905
45048	-1925.151	-2114.936	189.7847	2.302531	0.5755402
45054	-1909.185	-2098.888	189.7024	1.791686	1.266422
45060	-1916.91	-2106.927	190.0171	2.000839	0.726988
45066	-1906.766	-2096.751	189.9852	2.032761	0.726988
45072	-1904.439	-2094.27	189.8309	2.114501	0.82876
45078	-1897.538	-2087.52	189.9814	2.076592	0.6542042
45084	-1908.205	-2098.054	189.8495	2.232847	0.5924869
45090	-1924.603	-2114.489	189.8857	1.708771	1.181627
45096	-1928.817	-2118.49	189.6729	1.719068	1.349163
45102	-1914.728	-2104.59	189.8622	2.230801	0.5496652
45108	-1922.011	-2111.894	189.8831	2.144096	0.7117725
45114	-1916.545	-2106.423	189.8771	2.145423	0.7195636
45120	-1917.49	-2107.299	189.8084	1.802236	1.167502
45126	-1927.365	-2117.059	189.6937	1.663005	1.377026
45132	-1921.38	-2111.188	189.8077	2.289886	0.499331
45138	-1916.472	-2106.229	189.7564	2.341249	0.499331
45144	-1920.678	-2110.511	189.8322	2.259036	0.5589593
45150	-1913.408	-2103.224	189.8157	2.100547	0.8644106
45156	-1920.535	-2110.529	189.9947	1.894494	0.8956906
45162	-1916.357	-2106.086	189.7296	1.868258	1.178629
45168	-1915.119	-2105.146	190.0267	1.876227	0.8800085
45174	-1929.28	-2118.732	189.4516	2.588295	0.3487583
45180	-1917.1	-2106.981	189.8813	1.973127	0.934043
45186	-1912.151	-2102.051	189.9005	1.723733	1.155538
45192	-1901.956	-2091.548	189.5921	2.487896	0.4118582
45198	-1900.704	-2090.465	189.7608	2.330578	0.4462051
45204	-1893.653	-2083.351	189.6985	2.398613	0.5158555
45210	-1897.891	-2087.635	189.7439	2.353663	0.4953163
45216	-1912.434	-2102.241	189.8065	2.279392	0.5804264
45222	-1906.806	-2096.659	189.8532	2.181371	0.6992068
45228	-1905.26	-2095.265	190.0053	1.999223	0.7478127
45234	-1906.967	-2096.935	189.9681	1.868728	0.9528192
45240	-1920.571	-2110.552	189.9805	1.938351	0.8613177
45246	-1913.084	-2103.053	189.9691	2.0324	0.7523831
45252	-1908.515	-2098.337	189.8216	2.2758	0.5114828
45258	-1913.549	-2103.318	189.7689	2.327653	0.5235685
45264	-1923.612	-2113.511	189.8991	1.973753	0.9139548
45270	-1918.664	-2108.496	189.8321	2.154109	0.7745864
45276	-1922.988	-2112.877	189.8882	2.098001	0.7745864
45282	-1923.025	-2113.05	190.0248	1.93218	0.8140003
45288	-1929.259	-2118.667	189.408	1.657761	1.596347
45294	-1923.586	-2112.486	188.9005	1.548437	2.023294
45300	-1915.947	-2105.544	189.5971	1.607141	1.49399
45306	-1918.153	-2107.525	189.3721	1.715312	1.580594
45312	-1919.573	-2109.002	189.4292	1.658156	1.580594
45318	-1926.568	-2116.665	190.097	1.783432	0.9055404
45324	-1911.28	-2101.294	190.0136	1.981738	0.7614539
45330	-1920.472	-2109.752	189.2799	1.55002	1.76431
45336	-1913.957	-2103.144	189.1865	1.515426	1.852773
45342	-1900.776	-2090.258	189.4818	1.60849	1.578504
45348	-1911.719	-2101.181	189.4621	1.53583	1.645414
45354	-1909.736	-2098.69	188.9534	1.412734	2.078043
45360	-1924.671	-2114.587	189.9159	1.759923	1.109367
45366	-1912.201	-2102.098	189.897	1.778871	1.109367
45372	-1927.805	-2116.869	189.0634	1.329152	2.060597
45378	-1920.477	-2109.469	188.9919	1.400643	2.060597
45384	-1922.751	-2112.656	189.905	2.133198	0.6927591
45390	-1921.576	-2111.41	189.8336	2.178823	0.7356694
45396	-1912.049	-2101.779	189.7304	2.367047	0.4904098
45402	-1912.543	-2102.378	189.8357	2.257869	0.5463961
45408	-1904.153	-2093.922	189.7685	2.326385	0.5378913
45414	-1901.456	-2091.198	189.7425	2.352432	0.5378913
45420	-1909.8	-2099.552	189.7523	2.338517	0.5608372
45426	-1904.706	-2094.471	189.7647	2.327863	0.4513227
45432	-1907.645	-2097.472	189.8264	2.267251	0.5460932
45438	-1904.525	-2094.462	189.937	2.137441	0.6155599
45444	-1905.465	-2095.36	189.8941	2.169618	0.6418262
45450	-1911.01	-2100.883	189.8737	2.191054	0.6393899
45456	-1905.217	-2095.151	189.9337	2.151805	0.5821501
45462	-1905.109	-2095.014	189.9047	2.151805	0.6573613
45468	-1910.248	-2100.11	189.8621	2.180849	0.6841549
45474	-1917.271	-2107.037	189.7661	1.900825	1.11746
45480	-1908.512	-2098.143	189.6309	2.44935	0.4125149
45486	-1917.139	-2106.789	189.6495	2.436554	0.4277354
45492	-1913.325	-2102.982	189.6573	2.421817	0.40992
45498	-1900.924	-2090.651	189.7269	2.363199	0.4412075
45504	-1897.473	-2087.255	189.7823	2.314385	0.4780281
45510	-1918.467	-2108.24	189.7731	2.324262	0.5107577
45516	-1918.379	-2107.907	189.5288	2.518879	0.3580882
45522	-1908.284	-2098.195	189.9114	2.185114	0.476658
45528	-1917.289	-2106.935	189.646	2.447975	0.4585644
45534	-1919.253	-2108.617	189.3637	2.655346	0.327086
45540	-1914.066	-2103.888	189.8222	2.272815	0.5370942
45546	-1916.867	-2106.573	189.7066	2.390425	0.4822777
45552	-1926.63	-2115.843	189.2139	2.793652	0.3166374
45558	-1915.903	-2105.193	189.2907	2.757724	0.3591049
45564	-1907.617	-2097.286	189.6698	2.427215	0.4826318
45570	-1918.728	-2108.365	189.6368	2.440892	0.4067597
45576	-1922.954	-2112.159	189.2048	2.771945	0.2926574
45582	-1916.825	-2106.208	189.383	2.615069	0.3087212
45588	-1916.388	-2105.865	189.4772	2.533853	0.319736
45594	-1911.34	-2100.815	189.4748	2.529957	0.31426
45600	-1916.013	-2105.634	189.621	2.432089	0.3652647
45606	-1912.178	-2101.815	189.6376	2.440756	0.4080604
45612	-1908.633	-2098.081	189.4476	2.624094	0.3945571
45618	-1913.229	-2102.663	189.4345	2.624094	0.372972
45624	-1916.743	-2106.437	189.6934	2.386623	0.4119862
45630	-1913.802	-2103.387	189.5849	2.495123	0.4119862
45636	-1909.285	-2098.87	189.5855	2.500816	0.4283717
45642	-1908.093	-2097.97	189.8775	2.191506	0.6293214
45648	-1910.908	-2100.762	189.8536	2.141234	0.7622048
45654	-1914.498	-2104.465	189.9674	1.980773	0.8253507
45660	-1917.485	-2107.465	189.9798	1.872247	0.9366005
45666	-1915.69	-2105.623	189.9324	1.787447	1.068682
45672	-1904.655	-2094.524	189.8693	1.931394	0.9900709
45678	-1912.271	-2101.941	189.67	1.854545	1.241121
45684	-1906.707	-2096.62	189.9127	1.896101	0.9818128
45690	-1916.144	-2105.736	189.5921	1.793311	1.354356
45696	-1920.233	-2109.987	189.7543	1.711833	1.289438
45702	-1914.381	-2104.05	189.6694	1.755275	1.323032
45708	-1911.614	-2101.517	189.9023	1.824923	1.061759
45714	-1913.672	-2103.264	189.592	1.729896	1.404195
45720	-1909.243	-2099.237	189.994	1.671229	1.118968
45726	-1904.491	-2094.272	189.7806	1.80112	1.192566
45732	-1909.886	-2097.635	187.7483	1.168946	2.983285
45738	-1905.412	-2093.231	187.8188	1.098445	2.983285
45744	-1930.716	-2120.506	189.7902	1.943195	1.055896
45750	-1936.134	-2126.05	189.9158	1.895592	0.9791276
45756	-1933.862	-2123.929	190.0672	1.929611	0.7593542
45762	-1927.36	-2116.247	188.8873	1.491413	2.069767
45768	-1920.661	-2109.47	188.8081	1.669391	2.004306
45774	-1918.106	-2107.214	189.1076	1.485493	1.926771
45780	-1911.85	-2101.335	189.4848	1.740865	1.477858
45786	-1916.237	-2105.64	189.4033	1.4127	1.774016
45792	-1907.878	-2097.093	189.2145	1.444762	1.881905
45798	-1908.72	-2097.687	188.9664	1.543436	1.982684
45804	-1902.982	-2091.683	188.7004	1.430466	2.231264
45810	-1912.14	-2101.722	189.5818	1.55032	1.547704
45816	-1922.339	-2111.865	189.5262	1.790021	1.408589
45822	-1910.412	-2099.763	189.3517	1.54877	1.714813
45828	-1920.207	-2109.642	189.4352	1.56739	1.642107
45834	-1906.004	-2095.027	189.0233	1.446933	2.00913
45840	-1912.198	-2101.465	189.2665	1.537537	1.782303
45846	-1907.119	-2096.406	189.2869	1.519705	1.780541
45852	-1913.918	-2102.553	188.6356	1.26839	2.376151
45858	-1898.854	-2087.856	189.0022	1.352435	2.085591
45864	-1906.557	-2095.706	189.1485	1.335132	2.000216
45870	-1924.16	-2112.558	188.3989	1.271229	2.523058
45876	-1919.941	-2108.397	188.456	1.385866	2.415418
45882	-1916.234	-2104.865	188.6311	1.272847	2.376153
45888	-1916.908	-2106.038	189.1293	1.366985	1.99177
45894	-1928.802	-2117.82	189.0183	1.477979	1.99177
45900	-1922.974	-2112.791	189.817	1.90862	1.063282
45906	-1919.18	-2109.069	189.8886	1.831589	1.068317
45912	-1911.023	-2100.627	189.6039	1.761387	1.370236
45918	-1911.016	-2100.912	189.8962	1.882602	1.011866
45924	-1913.068	-2102.93	189.862	2.007317	0.917915
45930	-1921.323	-2111.275	189.9517	1.926835	0.9077281
45936	-1910.532	-2100.524	189.9918	2.013651	0.7464583
45942	-1907.379	-2097.21	189.8315	2.166675	0.7573061
45948	-1908.57	-2098.449	189.8789	2.145908	0.7158956
45954	-1931.575	-2119.927	188.3518	1.269494	2.553479
45960	-1913.477	-2103.39	189.9128	1.930884	0.9455469
45966	-1909.578	-2099.451	189.8726	1.983355	0.9324716
45972	-1910.323	-2100.28	189.9571	2.026609	0.7781056
45978	-1899.413	-2089.323	189.9098	1.910515	0.9700316
45984	-1911.463	-2101.428	189.9648	2.093052	0.6547068
45990	-1907.043	-2096.971	189.9286	2.114903	0.6831224
45996	-1906.803	-2096.589	189.7866	2.294226	0.5974795
46002	-1913.666	-2103.502	189.8366	2.208131	0.6807501
46008	-1911.12	-2101.017	189.8979	1.988375	0.8990818
46014	-1902.638	-2092.399	189.7617	2.33579	0.5075576
46020	-1899.842	-2089.683	189.8404	2.247825	0.5718313
46026	-1912.91	-2102.695	189.7848	2.308021	0.5505308
46032	-1916.72	-2106.49	189.7703	2.284263	0.6613773
46038	-1926.715	-2116.554	189.8381	2.089071	0.8512857
46044	-1915.821	-2105.667	189.8462	2.231077	0.6076726
46050	-1916.872	-2106.719	189.8474	2.231077	0.604441
46056	-1933.216	-2123.108	189.8919	2.159208	0.6685139
46062	-1918.969	-2108.854	189.8853	2.183133	0.6307142
46068	-1913.274	-2103.219	189.9454	2.136674	0.5934055
46074	-1918.465	-2108.342	189.877	2.136674	0.7337886
46080	-1909.911	-2099.815	189.9041	2.153278	0.6556361
46086	-1915.311	-2105.171	189.8597	2.181714	0.6869087
46092	-1922.942	-2112.831	189.8894	2.132105	0.7211984
46098	-1922.676	-2112.584	189.9079	2.113613	0.7211984
46104	-1919.896	-2109.856	189.9599	1.927526	0.8977836
46110	-1921.942	-2111.947	190.0043	1.866779	0.915957
46116	-1915.216	-2104.991	189.7759	2.186857	0.8064551
46122	-1907.908	-2097.749	189.8411	2.253584	0.5396925
46128	-1913.939	-2103.778	189.8393	2.234258	0.6178256
46134	-1911.275	-2101.14	189.8657	2.154923	0.7227796
46140	-1912.74	-2102.602	189.862	2.214638	0.6096409
46146	-1911.113	-2101.054	189.9409	2.13574	0.6096409
46152	-1920.299	-2110.141	189.8418	2.255242	0.5168158
46158	-1914.712	-2104.426	189.714	2.377164	0.5592114
46164	-1916.838	-2106.342	189.5048	2.541462	0.3563518
46170	-1917.627	-2107.194	189.5667	2.50389	0.3925659
46176	-1916.626	-2106.28	189.6545	2.435796	0.4417361
46182	-1917.074	-2107.1	190.0261	1.974361	0.7539004
46188	-1914.114	-2104.11	189.9968	2.05615	0.6646606
46194	-1919.118	-2109.023	189.9051	2.102189	0.7436454
46200	-1922.807	-2112.637	189.8301	2.177187	0.7436454
46206	-1913.342	-2103.242	189.9001	2.099905	0.7546344
46212	-1914.101	-2103.939	189.8376	1.750662	1.186984
46218	-1914.355	-2104.212	189.8567	1.918686	1.015288
46224	-1909.446	-2099.27	189.8234	2.0131	0.9531474
46230	-1910.648	-2100.297	189.6489	1.873617	1.242831
46236	-1905.948	-2095.982	190.034	1.885053	0.8611219
46242	-1915.518	-2105.363	189.845	2.037423	0.9034171
46248	-1914.024	-2103.883	189.8592	1.928873	1.002719
46254	-1919.784	-2109.668	189.8841	2.09824	0.7800215
46260	-1914.749	-2104.499	189.7509	2.337456	0.5713108
46266	-1914.439	-2104.274	189.8359	2.241156	0.6085171
46272	-1897.305	-2087.122	189.8169	2.024303	0.9481474
46278	-1901.565	-2091.532	189.9667	1.87026	0.9526835
46284	-1918.27	-2108.164	189.8938	1.943095	0.9526835
46290	-1931.777	-2121.701	189.9239	2.150813	0.6147629
46296	-1937.843	-2127.622	189.7789	2.318372	0.5142567
46302	-1915.184	-2105.154	189.9705	2.1241	0.5397594
46308	-1916.248	-2106.244	189.996	2.036875	0.7021161
46314	-1918.713	-2108.784	190.0707	1.880484	0.8215209
46320	-1922.167	-2112.072	189.9049	2.039561	0.8299657
46326	-1920.065	-2109.991	189.9264	2.061229	0.7724775
46332	-1937.529	-2127.365	189.8358	2.169028	0.7473498
46338	-1922.228	-2112.143	189.9153	2.089518	0.7473498
46344	-1923.796	-2113.757	189.9616	2.043213	0.7473498
46350	-1922.607	-2112.606	189.9997	2.00519	0.7473498
46356	-1927.501	-2117.56	190.0583	1.946596	0.7473498
46362	-1915.942	-2105.835	189.8926	1.946596	0.9503256
46368	-1913.516	-2103.48	189.9642	1.890672	0.9335787
46374	-1910.259	-2100.063	189.8041	1.75998	1.207744
46380	-1918.049	-2108.132	190.0831	1.816322	0.8840693
46386	-1912.217	-2102.157	189.9405	2.052467	0.7648848
46392	-1917.398	-2107.175	189.7765	1.799276	1.197749
46398	-1915.673	-2105.421	189.7483	1.807861	1.214436
46404	-1914.302	-2104.063	189.7617	1.794464	1.214436
46410	-1913.566	-2103.103	189.5374	1.682974	1.481849
46416	-1912.26	-2102.067	189.8073	1.74701	1.215995
46422	-1914.429	-2104.166	189.7369	1.81741	1.215995
46428	-1915.116	-2104.657	189.5413	1.641001	1.510447
46434	-1904.884	-2094.129	189.2448	1.510702	1.815942
46440	-1929.13	-2118.892	189.7621	1.911423	1.111504
46446	-1923.794	-2113.661	189.8671	1.860671	1.061257
46452	-1922.051	-2112.018	189.9673	1.918072	0.9000757
46458	-1918.751	-2108.645	189.8943	2.032244	0.852039
46464	-1914.918	-2104.817	189.8987	2.065246	0.8048784
46470	-1906.719	-2096.269	189.5503	1.646945	1.49924
46476	-1912.501	-2102.198	189.6973	1.673662	1.365755
46482	-1912.062	-2101.915	189.8529	1.722905	1.197655
46488	-1907.903	-2097.612	189.7085	1.722905	1.317611
46494	-1910.438	-2100.011	189.5725	1.817071	1.351046
46500	-1921.206	-2110.722	189.5156	1.700159	1.485328
46506	-1910.262	-2100.076	189.8137	1.690496	1.258115
46512	-1898.66	-2088.443	189.7829	1.611579	1.34711
46518	-1895.27	-2084.997	189.7271	1.669946	1.345137
46524	-1913.63	-2103.594	189.9636	1.976564	0.8353915
46530	-1911.536	-2101.404	189.8685	2.061966	0.8473338
46536	-1916.688	-2106.624	189.9353	1.968571	0.8789204
46542	-1913.654	-2103.573	189.9189	1.984943	0.8789204
46548	-1914.797	-2104.574	189.7772	1.831132	1.169507
46554	-1909.18	-2098.874	189.6946	1.716063	1.334267
46560	-1909.181	-2098.905	189.7241	1.66488	1.35154
46566	-1907.253	-2096.763	189.5098	1.596057	1.567059
46572	-1906.717	-2096.546	189.8289	1.723565	1.217618
46578	-1907.174	-2096.855	189.6807	1.678941	1.374687
46584	-1904.136	-2093.839	189.7027	1.672776	1.362245
46590	-1902.792	-2092.329	189.5375	1.837887	1.362245
46596	-1904.276	-2094.04	189.7641	1.71681	1.277335
46602	-1906.033	-2095.889	189.8553	1.722328	1.196159
46608	-1902.189	-2091.924	189.7349	1.782653	1.246967
46614	-1917.829	-2107.229	189.4001	1.779438	1.51252
46620	-1915.364	-2105.352	189.988	1.969905	0.8128651
46626	-1912.657	-2102.581	189.9239	2.134001	0.6545531
46632	-1915.997	-2105.912	189.9155	2.14234	0.6545531
46638	-1910.135	-2100.075	189.9397	2.118159	0.6545531
46644	-1907.036	-2096.932	189.8962	1.908811	0.9857037
46650	-1917.002	-2106.84	189.8372	1.777388	1.164055
46656	-1908.08	-2097.892	189.8118	1.79056	1.174698
46662	-1901.169	-2091.118	189.9487	1.827647	1.014335
46668	-1904.918	-2094.706	189.7885	1.885161	1.111306
46674	-1926.051	-2115.937	189.8861	1.900199	1.004521
46680	-1911.052	-2101.018	189.9655	1.979644	0.8290925
46686	-1907.814	-2097.731	189.9175	1.830927	1.041562
46692	-1916.621	-2106.609	189.988	1.83346	0.9688497
46698	-1909.67	-2099.652	189.9824	1.839009	0.9688497
46704	-1904.965	-2094.795	189.83	1.741356	1.201461
46710	-1915.319	-2105.034	189.7152	1.880769	1.180312
46716	-1918.804	-2108.64	189.8358	1.760153	1.180312
46722	-1909.728	-2099.434	189.7063	1.684665	1.349945
46728	-1917.806	-2107.473	189.6665	1.903873	1.202346
46734	-1915.854	-2105.639	189.7856	1.784769	1.202346
46740	-1916.197	-2106.094	189.8967	1.733313	1.150449
46746	-1910.336	-2099.861	189.5252	1.641868	1.521804
46752	-1908.197	-2097.974	189.7763	1.884719	1.122749
46758	-1908.424	-2098.373	189.9491	2.071284	0.7231013
46764	-1908.675	-2098.68	190.005	1.946061	0.821567
46770	-1902.799	-2092.826	190.0267	1.924401	0.821567
46776	-1907.035	-2096.95	189.9153	2.085512	0.7533794
46782	-1907.528	-2097.484	189.9556	2.045277	0.7533794
46788	-1917.458	-2107.285	189.8277	2.266563	0.5424757
46794	-1912.652	-2102.551	189.8987	2.195538	0.5424757
46800	-1909.978	-2099.707	189.7283	2.36615	0.4613166
46806	-1919.316	-2109.062	189.7463	2.350809	0.5158994
46812	-1940.464	-2130.424	189.9606	2.092389	0.6647304
46818	-1924.387	-2114.333	189.9461	2.116	0.6454104
46824	-1917.66	-2107.608	189.9478	2.052999	0.7534844
46830	-1915.71	-2105.632	189.9218	2.070232	0.7662721
46836	-1918.165	-2108.156	189.9911	1.967892	0.8114138
46842	-1921.291	-2111.22	189.9291	2.005935	0.8416765
46848	-1925.334	-2115.255	189.9208	1.948323	0.9181071
46854	-1920.409	-2110.233	189.824	1.990719	0.9757473
46860	-1913.152	-2102.962	189.81	2.279765	0.5655392
46866	-1918.644	-2108.352	189.708	2.387811	0.4706959
46872	-1908.427	-2098.362	189.9346	1.752243	1.099322
46878	-1907.573	-2097.431	189.8584	1.6604	1.24594
46884	-1917.257	-2106.961	189.7033	1.773939	1.280352
46890	-1906.997	-2096.354	189.3575	1.639477	1.646135
46896	-1906.865	-2096.277	189.4121	1.599934	1.635316
46902	-1911.771	-2101.631	189.8596	1.796243	1.127494
46908	-1909.448	-2099.063	189.6151	1.738179	1.379642
46914	-1911.569	-2100.333	188.7647	1.426242	2.19242
46920	-1908.089	-2097.846	189.757	1.710096	1.288627
46926	-1908.298	-2097.934	189.6366	1.555569	1.503038
46932	-1910.659	-2099.583	188.9242	1.500268	2.039494
46938	-1912.767	-2102.226	189.4597	1.595857	1.603822
46944	-1939.766	-2128.896	189.1299	1.635572	1.809057
46950	-1915.806	-2104.882	189.0755	1.479901	1.952152
46956	-1915.39	-2104.017	188.6275	1.35315	2.327442
46962	-1908.703	-2097.364	188.6612	1.288153	2.347349
46968	-1913.071	-2101.258	188.1871	1.436084	2.552288
46974	-1915.838	-2104.995	189.1572	1.428484	1.931772
46980	-1912.484	-2101.829	189.345	1.472046	1.773291
46986	-1923.071	-2112.417	189.346	1.418914	1.809418
46992	-1918.949	-2108.577	189.628	1.754267	1.356858
46998	-1918.404	-2108.46	190.0561	1.7053	1.029014
47004	-1914.355	-2104.165	189.8105	1.746669	1.213618
47010	-1905.691	-2095.455	189.7643	1.760481	1.240971
47016	-1907.277	-2097.106	189.829	1.765998	1.181085
47022	-1908.64	-2098.583	189.9438	1.880962	0.9654605
47028	-1914.107	-2103.859	189.752	1.987521	1.050073
47034	-1909.083	-2099.059	189.9767	1.983615	0.8096317
47040	-1918.589	-2108.437	189.8484	2.234671	0.5902805
47046	-1927.151	-2117.03	189.8792	2.162955	0.6855603
47052	-1910.888	-2100.853	189.9647	2.017635	0.7800268
47058	-1907.176	-2096.995	189.8197	1.903029	1.065967
47064	-1923.51	-2113.406	189.8957	1.839488	1.054209
47070	-1907.855	-2097.719	189.8637	2.074107	0.8383028
47076	-1901.994	-2092.044	190.0497	1.916754	0.8015292
47082	-1909.443	-2099.433	189.9895	1.817978	0.9831921
47088	-1914.022	-2103.883	189.861	1.814701	1.109501
47094	-1918.021	-2107.929	189.908	2.101103	0.7408361
47100	-1916.726	-2106.759	190.0329	1.888332	0.8585218
47106	-1924.286	-2114.149	189.8635	2.114396	0.7861683
47112	-1923.604	-2113.539	189.9349	2.101416	0.6961037
47118	-1919.02	-2108.943	189.9227	1.871081	0.996996
47124	-1906.864	-2096.811	189.9479	2.076862	0.7159623
47130	-1914.081	-2103.97	189.889	1.888446	1.013223
47136	-1909.384	-2099.377	189.9933	1.971974	0.8031784
47142	-1911.903	-2101.795	189.8922	2.163784	0.658586
47148	-1921.762	-2111.713	189.9509	2.060892	0.7367049
47154	-1921.651	-2111.594	189.9427	1.981854	0.8545094
47160	-1905.192	-2094.93	189.7384	1.724782	1.291861
47166	-1927.846	-2117.913	190.0675	1.783661	0.9375709
47172	-1925.275	-2114.932	189.6577	1.790455	1.304041
47178	-1934.312	-2124.071	189.7584	1.815677	1.199205
47184	-1932.385	-2122.214	189.8285	2.047137	0.9108888
47190	-1919.106	-2108.393	189.2869	1.773973	1.599938
47196	-1916.908	-2106.702	189.794	1.671074	1.290292
47202	-1903.51	-2093.291	189.7806	1.781627	1.209282
47208	-1907.054	-2096.835	189.781	1.786773	1.204557
47214	-1918.104	-2107.848	189.7442	1.823593	1.204557
47220	-1909.343	-2099.417	190.0741	1.793641	0.9195951
47226	-1909.388	-2099.234	189.8467	1.951797	0.9922221
47232	-1898.625	-2088.555	189.9292	1.952139	0.9045361
47238	-1900.444	-2090.501	190.0568	1.893639	0.8223964
47244	-1915.915	-2105.807	189.8917	1.825776	1.070891
47250	-1902.765	-2092.742	189.9765	1.849337	0.9643183
47256	-1912.172	-2102.081	189.9091	1.856192	1.025163
47262	-1924.767	-2114.336	189.5688	1.722247	1.42804
47268	-1927.965	-2117.585	189.6202	1.590714	1.489003
47274	-1919.832	-2109.201	189.3691	1.514338	1.726804
47280	-1911.026	-2100.896	189.8693	1.766862	1.145024
47286	-1922.487	-2112.19	189.7031	1.933095	1.145024
47292	-1927.917	-2117.105	189.1881	1.58411	1.804368
47298	-1917.609	-2106.691	189.0815	1.446511	1.970525
47304	-1901.432	-2091.309	189.8766	1.829788	1.081244
47310	-1910.922	-2100.085	189.1635	1.515147	1.868716
47316	-1906.161	-2095.847	189.6859	1.664916	1.381607
47322	-1912.323	-2101.988	189.6655	1.55278	1.483419
47328	-1909.109	-2098.998	189.8892	1.674253	1.208287
47334	-1917.152	-2106.148	188.9956	1.433055	2.036713
47340	-1924.142	-2113.756	189.6134	1.790723	1.339469
47346	-1926.424	-2115.89	189.4658	1.660852	1.551779
47352	-1915.416	-2105.236	189.8196	1.998967	0.9718324
47358	-1928.256	-2118.174	189.9185	1.95112	0.9175217
47364	-1926.753	-2116.718	189.9649	1.954742	0.860341
47370	-1922.719	-2112.642	189.9232	2.026353	0.8234934
47376	-1911.017	-2101.007	189.9899	2.051997	0.6859812
47382	-1924.198	-2113.194	188.9956	1.525779	1.974976
47388	-1918.561	-2107.794	189.2323	1.54014	1.804211
47394	-1926.303	-2116.312	190.0091	1.988391	0.7582528
47400	-1915.957	-2105.544	189.5875	1.687558	1.440263
47406	-1919.804	-2109.545	189.7413	1.864434	1.171832
47412	-1908.291	-2098.112	189.8206	1.93044	1.039005
47418	-1911.59	-2101.44	189.8499	1.782931	1.148013
47424	-1909.7	-2099.314	189.6135	1.761573	1.362545
47430	-1919.179	-2109.203	190.0247	1.716464	1.048498
47436	-1922.345	-2111.96	189.6148	1.743342	1.375897
47442	-1917.329	-2107.118	189.7885	1.513689	1.419389
47448	-1920.695	-2110.469	189.774	1.592153	1.369529
47454	-1908.106	-2098.124	190.0171	1.941848	0.8114164
47460	-1927.374	-2117.263	189.8888	1.964849	0.9349542
47466	-1925.177	-2114.974	189.7972	1.873832	1.113765
47472	-1916.351	-2106.233	189.8816	1.644225	1.240018
47478	-1925.678	-2115.5	189.8214	1.741093	1.20906
47484	-1922.974	-2112.846	189.872	2.187685	0.6507187
47490	-1919.933	-2109.87	189.9367	1.990471	0.8513445
47496	-1912.878	-2102.764	189.8863	1.936812	0.9671561
47502	-1915.838	-2105.697	189.8599	2.149552	0.7403368
47508	-1910.483	-2100.392	189.9092	2.016164	0.8535191
47514	-1920.152	-2109.937	189.7853	1.826155	1.166812
47520	-1919.652	-2109.371	189.719	1.65383	1.364306
47526	-1912.782	-2102.522	189.7397	1.817323	1.213769
47532	-1911.244	-2101.293	190.0491	1.826012	0.9114666
47538	-1913.871	-2103.647	189.7763	1.77662	1.217244
47544	-1934.052	-2123.923	189.8719	1.98935	0.9267619
47550	-1929.638	-2119.353	189.7154	1.769173	1.274321
47556	-1930.97	-2120.948	189.9783	1.723735	1.085307
47562	-1921.604	-2111.604	189.9998	1.882507	0.9035407
47568	-1923.19	-2113.09	189.8997	1.773211	1.112007
47574	-1925.116	-2114.873	189.7574	1.627659	1.354624
47580	-1919.043	-2109.084	190.0409	1.796521	0.9521626
47586	-1916.13	-2106.062	189.9321	1.905574	0.9518797
47592	-1907.636	-2097.527	189.8913	1.921009	0.9782329
47598	-1907.201	-2097.045	189.844	2.077473	0.858245
47604	-1911.449	-2101.097	189.6484	1.830826	1.27868
47610	-1908.84	-2098.666	189.8264	1.779191	1.171876
47616	-1911.349	-2101.406	190.0572	1.834425	0.8930227
47622	-1925.213	-2114.757	189.5444	1.497182	1.613914
47628	-1916.643	-2106.062	189.4197	1.621932	1.613914
47634	-1930.581	-2120.191	189.6108	1.734379	1.386005
47640	-1931.75	-2121.326	189.5761	1.770982	1.384503
47646	-1940.614	-2129.521	188.9065	1.600607	1.98451
47652	-1913.597	-2103.434	189.8362	2.242327	0.6040848
47658	-1908.457	-2098.381	189.9242	2.154358	0.6040848
47664	-1913.983	-2102.769	188.7857	1.486459	2.139639
47670	-1913.504	-2102.179	188.6746	1.440152	2.24161
47676	-1921.861	-2111.01	189.1494	1.523723	1.872456
47682	-1926.961	-2116.29	189.329	1.454458	1.796616
47688	-1919.151	-2108.426	189.2744	1.443901	1.841568
47694	-1923.532	-2113.461	189.9284	2.161984	0.5626066
47700	-1912.591	-2102.474	189.8838	1.708877	1.183121
47706	-1912.9	-2102.704	189.8041	1.756863	1.210386
47712	-1911.957	-2101.503	189.5463	1.933764	1.278054
47718	-1918.812	-2108.699	189.8869	1.884164	1.019484
47724	-1909.908	-2099.73	189.8217	2.267132	0.5692073
47730	-1912.456	-2102.386	189.9304	1.968997	0.8841399
47736	-1912.323	-2102.184	189.8608	1.961276	0.9681776
47742	-1918.828	-2108.734	189.9063	1.888719	0.9957092
47748	-1925.768	-2115.66	189.8919	2.040279	0.8452541
47754	-1905.122	-2094.821	189.699	2.393409	0.4505819
47760	-1913.729	-2103.589	189.86	1.867439	1.061523
47766	-1920.236	-2110.028	189.7926	1.811134	1.173545
47772	-1913.912	-2103.687	189.7749	2.30826	0.5899251
47778	-1909.288	-2099.145	189.8569	2.193718	0.6693711
47784	-1920.336	-2110.206	189.8705	1.931342	0.9888881
47790	-1924.344	-2114.149	189.8046	1.997227	0.9888881
47796	-1921.444	-2110.876	189.4315	1.786349	1.483746
47802	-1909.596	-2099.447	189.8515	2.246108	0.5056553
47808	-1910.346	-2100.158	189.8116	2.285376	0.5184718
47814	-1914.716	-2104.165	189.4497	1.68421	1.546412
47820	-1909.537	-2099.4	189.8634	2.214876	0.6049934
47826	-1919.842	-2109.661	189.8191	2.277623	0.4788351
47832	-1910.196	-2099.576	189.3805	1.630201	1.636223
47838	-1917.616	-2107.074	189.4571	1.765749	1.479962
47844	-1914.936	-2104.729	189.793	1.887999	1.104665
47850	-1906.487	-2096.523	190.0353	1.8178	0.935483
47856	-1913.848	-2103.972	190.1241	1.760631	0.9007743
47862	-1916.137	-2105.984	189.8468	1.80695	1.129327
47868	-1915.246	-2104.918	189.6718	1.748658	1.326414
47874	-1920.372	-2110.093	189.7205	1.648609	1.367248
47880	-1907.991	-2097.959	189.968	2.024894	0.7649457
47886	-1915.552	-2105.434	189.8825	2.193468	0.6113716
47892	-1919.962	-2109.819	189.8575	2.226845	0.5860745
47898	-1914.272	-2104.005	189.7336	2.362228	0.4708905
47904	-1917.047	-2106.809	189.7618	2.332978	0.4633822
47910	-1903.442	-2093.312	189.8709	2.203476	0.6157552
47916	-1914.205	-2104.083	189.8781	2.163508	0.68652
47922	-1925.739	-2115.672	189.933	2.087595	0.7227008
47928	-1913.745	-2103.595	189.8498	2.042062	0.8927179
47934	-1917.862	-2107.822	189.9592	1.901155	0.9276743
47940	-1911.616	-2101.043	189.4277	1.575122	1.641921
47946	-1919.84	-2109.557	189.7169	1.465948	1.509998
47952	-1919.119	-2108.457	189.3382	1.631432	1.665699
47958	-1915.267	-2104.534	189.2676	1.561883	1.764652
47964	-1916.2	-2106.158	189.9579	1.94193	0.8836581
47970	-1912.026	-2101.334	189.3082	1.551656	1.74336
47976	-1910.154	-2098.855	188.7008	1.270313	2.333543
47982	-1909.57	-2099.297	189.7269	1.914442	1.140422
47988	-1900.008	-2089.553	189.5445	1.770538	1.409495
47994	-1915.717	-2105.115	189.3981	1.634767	1.620241
48000	-1919.524	-2108.028	188.5039	1.411954	2.368642
48006	-1910.406	-2099.526	189.1192	1.344429	2.013527
48012	-1913.486	-2101.884	188.3977	1.347981	2.475826
48018	-1924.102	-2113.072	188.9705	1.406235	2.071072
48024	-1915.254	-2104.608	189.3543	1.708693	1.598417
48030	-1908.742	-2097.782	189.0397	1.561549	1.921255
48036	-1912.089	-2101.809	189.7197	1.585551	1.417044
48042	-1912.609	-2101.67	189.0612	1.587492	1.889094
48048	-1906.812	-2096.395	189.5837	1.639387	1.479831
48054	-1906.849	-2096.089	189.2393	1.560885	1.785035
48060	-1918.459	-2107.921	189.4623	1.631786	1.575678
48066	-1909.178	-2098.811	189.633	1.570118	1.49482
48072	-1904.431	-2093.106	188.6749	1.498772	2.203618
48078	-1904.557	-2093.911	189.3545	1.613768	1.666692
48084	-1917.989	-2107.578	189.5889	1.628903	1.483789
48090	-1919.267	-2108.969	189.7016	1.815772	1.24714
48096	-1922.237	-2111.819	189.5814	1.813102	1.347111
48102	-1919.908	-2109.814	189.9059	1.833671	1.050024
48108	-1931.637	-2121.487	189.8503	1.849861	1.087064
48114	-1920.511	-2110.107	189.5962	1.819258	1.330442
48120	-1921.346	-2110.855	189.5088	1.689508	1.498445
48126	-1916.072	-2105.7	189.6281	1.633683	1.450465
48132	-1922.403	-2112.37	189.967	1.827279	0.996512
48138	-1921.823	-2111.439	189.6154	1.752693	1.368054
48144	-1925.11	-2114.969	189.8595	1.789767	1.133387
48150	-1928.988	-2118.914	189.9258	2.113953	0.6899262
48156	-1918.547	-2108.399	189.8514	2.090446	0.8332293
48162	-1928.52	-2118.255	189.7357	1.647924	1.355798
48168	-1919.239	-2108.773	189.5346	1.770615	1.4171
48174	-1920.12	-2109.977	189.8573	2.142691	0.7545688
48180	-1917.415	-2107.368	189.9532	2.120285	0.6180017
48186	-1909.643	-2099.512	189.8687	2.2173	0.5800321
48192	-1914.008	-2103.841	189.8335	1.750714	1.190465
48198	-1916.89	-2106.632	189.7422	1.841949	1.190465
48204	-1915.66	-2105.631	189.9706	1.974917	0.8286775
48210	-1895.945	-2085.893	189.9475	2.034223	0.780846
48216	-1903.782	-2093.744	189.9623	2.019392	0.780846
48222	-1893.686	-2083.619	189.9332	1.838355	1.019081
48228	-1904.247	-2094.179	189.9323	1.783397	1.072538
48234	-1900.04	-2089.931	189.8914	1.947917	0.9501856
48240	-1933.116	-2123.02	189.9035	1.938615	0.9472458
48246	-1929.117	-2119.107	189.9904	1.741361	1.057424
48252	-1906.399	-2096.35	189.9516	2.01598	0.8000472
48258	-1901.452	-2091.335	189.8824	1.957131	0.9499587
48264	-1904.61	-2094.547	189.9369	2.0518	0.7710193
48270	-1920.834	-2110.58	189.7459	1.908889	1.128397
48276	-1924.755	-2114.277	189.5223	1.856634	1.359495
48282	-1913.056	-2102.884	189.8284	1.993169	0.9686896
48288	-1913.973	-2103.722	189.7499	1.936539	1.099653
48294	-1903.022	-2092.837	189.815	1.957669	1.017986
48300	-1908.12	-2098.046	189.9257	1.906085	0.9580983
48306	-1906.041	-2095.479	189.4378	1.677514	1.560124
48312	-1910.67	-2100.411	189.7411	1.870947	1.166265
48318	-1911.942	-2101.651	189.709	1.814377	1.24211
48324	-1911.463	-2101.374	189.9108	1.841833	1.037489
48330	-1912.311	-2101.7	189.3891	1.556418	1.682878
48336	-1905.789	-2095.692	189.9028	1.884561	1.003459
48342	-1909.785	-2099.741	189.9556	1.831754	1.003459
48348	-1910.774	-2100.791	190.0173	1.843572	0.9271218
48354	-1925.458	-2115.309	189.8501	1.968632	0.9716798
48360	-1925.093	-2114.7	189.6065	1.80098	1.336756
48366	-1923.178	-2112.773	189.5945	1.748495	1.387729
48372	-1910.473	-2100.376	189.9038	1.777627	1.1043
48378	-1905.106	-2094.862	189.7556	1.604523	1.374314
48384	-1920.806	-2110.567	189.7613	1.665026	1.321716
48390	-1909.797	-2099.489	189.6927	1.68002	1.364371
48396	-1930.213	-2119.878	189.6656	1.760836	1.321605
48402	-1908.535	-2097.582	189.0468	1.425931	2.007429
48408	-1912.582	-2101.792	189.21	1.440042	1.888175
48414	-1917.27	-2106.283	189.0131	1.493524	1.984837
48420	-1917.829	-2107.625	189.7961	1.674578	1.285687
48426	-1919.401	-2109.263	189.8615	1.633709	1.265539
48432	-1910.612	-2100.462	189.8501	1.867881	1.070449
48438	-1913.658	-2103.571	189.913	1.967771	0.905184
48444	-1922.431	-2112.152	189.7203	1.72955	1.30269
48450	-1922.431	-2112.043	189.6121	1.655674	1.445848
48456	-1929.939	-2119.468	189.5294	1.665063	1.501307
48462	-1908.926	-2098.81	189.8839	2.186823	0.6252279
48468	-1910.602	-2100.58	189.9774	2.079351	0.6569102
48474	-1912.754	-2102.525	189.7713	2.325198	0.4768556
48480	-1917.716	-2107.458	189.7427	2.353985	0.4789358
48486	-1925.18	-2114.872	189.6923	2.400998	0.5479654
48492	-1929.573	-2119.2	189.6265	1.782531	1.335566
48498	-1923.565	-2113.173	189.6084	1.71672	1.401669
48504	-1921.869	-2111.766	189.8966	1.951984	0.9403338
48510	-1927.138	-2116.857	189.7188	1.937504	1.126997
48516	-1918.329	-2108.383	190.0532	1.770652	0.9663811
48522	-1923.309	-2113.233	189.9247	2.003883	0.8496403
48528	-1917.776	-2107.745	189.969	1.959562	0.8496403
48534	-1925.81	-2115.536	189.7262	2.370713	0.4812074
48540	-1923.429	-2113.166	189.7369	2.359854	0.5215935
48546	-1907.318	-2097.112	189.7941	2.302599	0.5215935
48552	-1909.58	-2099.409	189.8283	2.234261	0.6444671
48558	-1927.787	-2117.638	189.8516	2.238713	0.5631855
48564	-1918.136	-2107.819	189.6833	2.413825	0.4843941
48570	-1923.348	-2112.698	189.3499	2.655772	0.3150257
48576	-1925.646	-2115.037	189.3914	2.614207	0.3150257
48582	-1923.024	-2113.012	189.9878	2.016806	0.7477077
48588	-1924.659	-2114.664	190.0049	1.926578	0.8460343
48594	-1919.263	-2108.756	189.4928	2.546558	0.3481015
48600	-1920.819	-2110.279	189.4594	2.573965	0.3414625
48606	-1913.254	-2102.772	189.5179	2.522683	0.3495806
48612	-1912.896	-2102.446	189.5507	2.494799	0.35538
48618	-1925.679	-2115.039	189.3602	2.608832	0.2873617
48624	-1914.927	-2104.727	189.7991	2.264831	0.64133
48630	-1914.667	-2104.074	189.4074	2.580926	0.301116
48636	-1904.412	-2093.999	189.5869	2.480385	0.386633
48642	-1915.366	-2105.279	189.9136	2.147655	0.6472637
48648	-1918.65	-2108.441	189.7911	2.27012	0.6472637
48654	-1919.551	-2109.475	189.9241	2.043815	0.7996421
48660	-1908.316	-2097.898	189.5814	2.503461	0.4242082
48666	-1915.619	-2105.362	189.7423	2.342286	0.4236428
48672	-1914.172	-2103.82	189.6476	2.436986	0.4236428
48678	-1911.058	-2100.653	189.5946	2.465431	0.3751745
48684	-1922.948	-2112.509	189.5614	2.517286	0.4088471
48690	-1927.383	-2116.962	189.5789	2.461788	0.3497269
48696	-1914.502	-2104.102	189.6003	2.4729	0.397507
48702	-1938.499	-2126.981	188.4817	1.288354	2.460547
48708	-1936.391	-2124.652	188.2608	1.203443	2.650669
48714	-1923.558	-2113.282	189.7241	2.361051	0.4250731
48720	-1926.334	-2115.299	188.9657	1.40511	2.074989
48726	-1927.705	-2117.174	189.4692	1.513992	1.655981
48732	-1919.969	-2109.792	189.8224	1.779694	1.174945
48738	-1912.68	-2102.434	189.7536	1.848482	1.174945
48744	-1918.394	-2108.263	189.8692	2.226307	0.5336828
48750	-1913.394	-2103.177	189.7832	2.314137	0.5130155
48756	-1908.664	-2098.35	189.6858	2.381288	0.6339637
48762	-1909.703	-2099.656	189.9537	2.091184	0.6804557
48768	-1915.847	-2105.822	189.9758	1.984462	0.8097501
48774	-1913.867	-2103.874	190.0063	2.023896	0.7068016
48780	-1914.928	-2104.675	189.7467	1.87255	1.15998
48786	-1908.48	-2098.448	189.9686	1.999426	0.7995454
48792	-1899.772	-2089.729	189.9571	2.100318	0.6555192
48798	-1908.173	-2098.116	189.9434	2.12063	0.6411518
48804	-1915.092	-2105.114	190.0228	2.034438	0.655889
48810	-1916.089	-2106.119	190.0301	1.79984	0.9599752
48816	-1920.461	-2110.298	189.8365	1.97317	0.9809359
48822	-1922.153	-2112.03	189.8767	2.024137	0.8824699
48828	-1913.237	-2103.167	189.9299	1.984708	0.8663554
48834	-1903.573	-2093.606	190.0329	1.965274	0.7572992
48840	-1910.464	-2100.506	190.0417	1.854946	0.8872062
48846	-1921.896	-2111.911	190.0146	1.907941	0.8568982
48852	-1912.501	-2102.311	189.811	2.196884	0.7428298
48858	-1923.766	-2113.724	189.9578	2.137919	0.5319039
48864	-1920.896	-2110.666	189.7695	2.326253	0.5309978
48870	-1924.478	-2114.282	189.8036	2.291397	0.4645861
48876	-1921.062	-2110.858	189.7965	2.301092	0.505697
48882	-1913.143	-2103.014	189.8708	2.018214	0.8959632
48888	-1918.205	-2108.131	189.9261	2.1078	0.7003976
48894	-1909.013	-2098.729	189.7162	2.346609	0.3793076
48900	-1909.027	-2098.715	189.6877	2.395808	0.4206595
48906	-1915.148	-2104.813	189.6649	2.403418	0.3885444
48912	-1899.338	-2088.933	189.5944	2.465838	0.3754698
48918	-1910.167	-2099.749	189.5815	2.465838	0.357757
48924	-1917.061	-2106.976	189.9149	2.113922	0.7090527
48930	-1908.658	-2098.25	189.5927	2.472734	0.3835445
48936	-1901.345	-2090.925	189.5797	2.472734	0.3643999
48942	-1904.493	-2093.944	189.4508	2.552132	0.3127265
48948	-1903.462	-2092.922	189.4605	2.552132	0.3211176
48954	-1937.245	-2127.13	189.8853	1.961322	0.9424326
48960	-1925.052	-2114.994	189.942	1.79183	1.055496
48966	-1918.881	-2108.766	189.8851	1.781348	1.117892
48972	-1916.022	-2105.974	189.9522	1.782633	1.054484
48978	-1914.411	-2104.323	189.9115	1.823397	1.054484
48984	-1918.083	-2107.837	189.7538	2.335082	0.4366595
48990	-1914.104	-2103.989	189.8846	2.1911	0.6120591
48996	-1919.201	-2109.007	189.8065	2.277895	0.585821
49002	-1903.564	-2093.409	189.8451	2.245939	0.5594686
49008	-1902.36	-2092.143	189.783	2.308049	0.5594686
49014	-1905.285	-2095.167	189.8818	2.203279	0.5836251
49020	-1916.191	-2106.152	189.9609	2.131485	0.5527914
49026	-1908.239	-2098.157	189.918	2.131485	0.6716083
49032	-1918.651	-2108.41	189.7594	2.33163	0.5598533
49038	-1911.476	-2101.329	189.8531	2.161972	0.7316485
49044	-1906.557	-2096.088	189.5313	2.519266	0.361855
49050	-1921.839	-2111.814	189.9751	1.965781	0.8345058
49056	-1925.19	-2115.092	189.9024	1.959346	0.9262248
49062	-1920.991	-2111.053	190.0624	1.73903	0.9892553
49068	-1914.007	-2103.651	189.6436	1.626423	1.444111
49074	-1907.609	-2097.313	189.7034	1.597589	1.420319
49080	-1907.859	-2097.59	189.7302	1.691698	1.325267
49086	-1924.131	-2113.859	189.7276	1.596734	1.402272
49092	-1914.004	-2103.432	189.4282	1.57445	1.642059
49098	-1923.448	-2112.898	189.4497	1.553519	1.641642
49104	-1913.992	-2103.894	189.9025	2.185933	0.5710151
49110	-1904.722	-2094.473	189.7513	2.096188	0.9415382
49116	-1906.923	-2096.807	189.8839	2.068865	0.8194198
49122	-1905.084	-2094.981	189.8978	2.116837	0.7323319
49128	-1916.16	-2106.052	189.8919	2.105719	0.7581393
49134	-1908.728	-2098.657	189.9296	2.066504	0.7603973
49140	-1908.864	-2098.701	189.8376	2.158461	0.7603973
49146	-1911.792	-2101.729	189.9375	2.089215	0.7127118
49152	-1914.003	-2103.912	189.9092	1.998991	0.8738563
49158	-1911.144	-2101.119	189.9748	1.850758	0.9645446
49164	-1934.506	-2124.456	189.9501	1.767011	1.071282
49170	-1914.56	-2104.265	189.7048	1.579813	1.432927
49176	-1913.865	-2103.274	189.4096	1.474311	1.726489
49182	-1917.349	-2106.988	189.6389	1.816308	1.298289
49188	-1928.108	-2118.066	189.9581	1.735303	1.09324
49194	-1919.065	-2109.005	189.9409	1.800036	1.048679
49200	-1916.634	-2106.305	189.6712	1.811321	1.276
49206	-1922.096	-2111.787	189.6919	1.765816	1.296263
49212	-1924.569	-2114.358	189.7889	1.668869	1.296263
49218	-1923.232	-2113.08	189.8488	1.84631	1.09174
49224	-1920.723	-2110.505	189.7828	2.129022	0.869638
49230	-1919.221	-2109.108	189.8876	1.751874	1.142067
49236	-1928.313	-2118.027	189.714	1.724354	1.312008
49242	-1923.578	-2113.63	190.0519	1.941455	0.7643395
49248	-1941.403	-2131.387	189.9837	2.072497	0.6580669
49254	-1915.956	-2105.649	189.6925	1.731922	1.32322
49260	-1905.274	-2095.147	189.873	1.901843	1.015781
49266	-1919.513	-2109.386	189.873	1.901843	1.015781
49272	-1916.823	-2106.332	189.5092	1.753004	1.450112
49278	-1908.078	-2097.937	189.8591	1.807278	1.117934
49284	-1909.287	-2098.935	189.6477	1.562766	1.489304
49290	-1907.314	-2096.906	189.5916	1.618931	1.489304
49296	-1904.077	-2093.298	189.2209	1.586661	1.77986
49302	-1919.208	-2109.044	189.8359	2.256441	0.5534769
49308	-1915.587	-2105.575	189.9885	2.069481	0.6542522
49314	-1917.671	-2107.317	189.6466	1.386564	1.620041
49320	-1921.588	-2110.72	189.132	1.331213	2.01379
49326	-1913.687	-2102.506	188.8187	1.528798	2.090302
49332	-1916.956	-2106.384	189.4281	1.67574	1.568573
49338	-1922.303	-2112.29	189.9868	1.681668	1.11608
49344	-1920.597	-2110.638	190.0408	1.884586	0.8534905
49350	-1925.303	-2115.285	189.9813	2.114865	0.5276605
49356	-1921.25	-2111.051	189.8012	2.262602	0.6415889
49362	-1921.59	-2111.524	189.9343	2.124695	0.6521713
49368	-1930.876	-2120.877	190.0009	2.040393	0.6870554
49374	-1924.569	-2114.535	189.9653	2.076078	0.6870554
49380	-1932.06	-2121.857	189.7971	2.25983	0.6564461
49386	-1925.393	-2115.097	189.7047	2.382294	0.4306766
49392	-1918.694	-2108.682	189.9881	2.009919	0.7575651
49398	-1919.21	-2109.147	189.937	1.999995	0.8392779
49404	-1918.794	-2108.813	190.0198	1.765335	1.005668
49410	-1926.326	-2116.287	189.9611	1.884072	0.9440143
49416	-1913.911	-2103.843	189.9323	1.998602	0.8467625
49422	-1912.177	-2102.051	189.8735	1.750514	1.155732
49428	-1905.449	-2095.437	189.988	1.912199	0.8831412
49434	-1906.285	-2096.138	189.8534	2.046834	0.8831412
49440	-1908.875	-2098.943	190.0676	2.001833	0.6282659
49446	-1906.229	-2096.157	189.9281	2.149719	0.6063071
49452	-1905.134	-2094.986	189.8516	2.027793	0.9067623
49458	-1906.381	-2096.375	189.994	1.913432	0.8747462
49464	-1902.057	-2091.863	189.8064	1.829155	1.145534
49470	-1903.189	-2093.172	189.983	1.837757	0.969594
49476	-1902.168	-2092.036	189.8685	1.930287	0.991978
49482	-1912.604	-2102.63	190.0255	1.77329	0.991978
49488	-1915.668	-2105.613	189.9453	1.918777	0.9236067
49494	-1905.216	-2095.146	189.9297	2.08567	0.7311266
49500	-1923.353	-2113.351	189.9985	1.954126	0.8196078
49506	-1914.985	-2105.113	190.1289	1.927874	0.656947
49512	-1916.161	-2106.049	189.8887	2.193788	0.5922112
49518	-1897.315	-2087.203	189.8884	2.194085	0.5922112
49524	-1895.908	-2085.871	189.9631	2.11706	0.5994227
49530	-1906.712	-2096.562	189.8498	2.226916	0.6092555
49536	-1901.085	-2090.936	189.8504	2.226314	0.6092555
49542	-1911.014	-2100.879	189.8642	2.230264	0.5409212
49548	-1915.74	-2105.653	189.9129	2.132951	0.6786786
49554	-1911.735	-2101.643	189.9079	2.142567	0.669663
49560	-1921.604	-2111.429	189.8254	2.232912	0.6536935
49566	-1913.453	-2103.231	189.7783	2.318434	0.4787372
49572	-1918.245	-2108.034	189.7893	2.307439	0.4787372
49578	-1907.984	-2097.856	189.8723	2.225248	0.4955758
49584	-1905.527	-2095.393	189.8654	2.225248	0.5614618
49590	-1929.557	-2119.335	189.7782	2.031015	0.9814049
49596	-1928.607	-2118.559	189.952	1.882157	0.9556626
49602	-1927.911	-2117.741	189.8301	1.941903	1.018618
49608	-1932.654	-2122.44	189.7857	1.986303	1.018618
49614	-1912.629	-2102.619	189.9903	1.859676	0.9388749
49620	-1914.974	-2104.791	189.8177	2.0691	0.8984737
49626	-1922.106	-2112.009	189.9036	1.815884	1.069062
49632	-1915.555	-2105.344	189.789	2.303709	0.551433
49638	-1914.35	-2104.203	189.8529	2.207871	0.6483309
49644	-1915.853	-2105.735	189.8824	2.107046	0.7699698
49650	-1924.221	-2113.992	189.7711	2.320095	0.5591563
49656	-1916.8	-2106.561	189.7606	2.305822	0.6354333
49662	-1916.315	-2106.297	189.9821	2.098143	0.5991093
49668	-1916.553	-2106.142	189.589	2.508147	0.4841168
49674	-1926.905	-2116.795	189.8895	2.188275	0.6063637
49680	-1914.161	-2104.063	189.9021	2.135163	0.6943592
49686	-1902.965	-2092.784	189.8193	2.201301	0.722684
49692	-1902.644	-2092.524	189.8804	2.115572	0.7604997
49698	-1902.965	-2092.867	189.902	1.967519	0.9176824
49704	-1914.299	-2104.235	189.9358	1.857159	0.9977957
49710	-1900.282	-2089.707	189.4253	2.581295	0.3158311
49716	-1899.089	-2088.651	189.5617	2.474564	0.3446036
49722	-1900.394	-2090.09	189.6968	2.395287	0.4492579
49728	-1911.566	-2101.294	189.7275	2.367627	0.536203
49734	-1921.727	-2111.62	189.893	2.189662	0.5915434
49740	-1911.409	-2101.406	189.9969	2.059036	0.6585676
49746	-1905.557	-2095.505	189.9475	2.059036	0.7447784
49752	-1910.916	-2100.864	189.9479	2.089164	0.6947797
49758	-1911.38	-2101.396	190.0151	2.009113	0.7168694
49764	-1907.388	-2097.215	189.8275	1.951057	1.012128
49770	-1908.411	-2098.313	189.9022	2.142747	0.6803029
49776	-1910.725	-2100.567	189.8426	2.242841	0.5822306
49782	-1902.048	-2091.856	189.808	2.27742	0.5822306
49788	-1912.191	-2102.053	189.8621	2.211738	0.6172367
49794	-1913.734	-2103.537	189.8034	1.803374	1.170901
49800	-1907.713	-2097.556	189.8427	2.210148	0.6649289
49806	-1905.304	-2095.053	189.749	2.344841	0.5451179
49812	-1921.329	-2111.104	189.7749	2.036613	0.9790634
49818	-1916.302	-2106.061	189.7587	2.001212	1.030428
49824	-1920.644	-2110.477	189.8326	2.138951	0.7948212
49830	-1910.057	-2099.978	189.9214	2.029485	0.8218417
49836	-1914.152	-2103.815	189.6632	1.719986	1.356125
49842	-1916.01	-2105.682	189.672	1.691576	1.371615
49848	-1908.291	-2098.129	189.8383	1.862019	1.086934
49854	-1911.731	-2101.642	189.9117	1.999841	0.8699959
49860	-1910.024	-2099.92	189.8962	2.015316	0.8699959
49866	-1903.617	-2093.377	189.76	2.003004	1.027415
49872	-1920.436	-2110.31	189.874	2.215393	0.5670844
49878	-1915.48	-2105.265	189.7852	2.303234	0.5709165
49884	-1909.369	-2099.175	189.8062	2.288287	0.5406884
49890	-1910.626	-2100.467	189.8412	2.213789	0.6606087
49896	-1903.085	-2092.937	189.8526	2.226082	0.6038113
49902	-1899.01	-2088.943	189.9327	1.979555	0.8691033
49908	-1913.915	-2103.927	190.0115	1.938381	0.8230873
49914	-1921.295	-2111.214	189.9193	2.058361	0.7865124
49920	-1910.899	-2100.734	189.8342	1.957419	0.9991698
49926	-1918.944	-2108.917	189.9729	1.898594	0.9154836
49932	-1905.845	-2095.613	189.7673	2.329754	0.4829538
49938	-1901.968	-2091.766	189.7977	2.298999	0.5220596
49944	-1915.13	-2104.991	189.8611	2.138623	0.7549636
49950	-1909.791	-2099.639	189.8484	1.747294	1.180514
49956	-1900.09	-2089.832	189.7411	1.861304	1.174658
49962	-1911.164	-2101.015	189.8511	1.768172	1.15993
49968	-1907.561	-2097.452	189.8911	1.716126	1.170471
49974	-1908.762	-2098.514	189.7521	1.640625	1.348539
49980	-1926.541	-2115.945	189.404	1.711902	1.559688
49986	-1919.142	-2108.071	188.9291	1.640695	1.942508
49992	-1919.486	-2108.179	188.6932	1.446751	2.225411
49998	-1921.436	-2110.669	189.2333	1.545318	1.799954
50004	-1915.51	-2104.821	189.3108	1.5492	1.743305
50010	-1913.837	-2103.355	189.5179	1.661868	1.512332
50016	-1904.534	-2093.998	189.4636	1.639028	1.569472
50022	-1910.317	-2099.658	189.3412	1.451914	1.789896
50028	-1916.508	-2104.958	188.4499	1.386554	2.418828
50034	-1906.93	-2095.667	188.7373	1.498062	2.163606
50040	-1904.451	-2094.282	189.8314	1.671863	1.258892
50046	-1909.995	-2099.652	189.6574	1.699123	1.37717
50052	-1906.337	-2095.154	188.8173	1.480835	2.122684
50058	-1904.022	-2092.469	188.4472	1.29621	2.477242
50064	-1900.263	-2088.687	188.4244	1.319087	2.477242
50070	-1905.467	-2093.053	187.5863	1.181969	3.072507
50076	-1913.034	-2100.494	187.4597	1.308518	3.072507
50082	-1914.259	-2103.654	189.3949	1.348323	1.824422
50088	-1904.529	-2093.18	188.6509	1.334095	2.324685
50094	-1909.691	-2098.181	188.4904	1.137787	2.54918
50100	-1906.973	-2094.069	187.0963	1.063391	3.432149
50106	-1907.151	-2094.117	186.9667	1.192995	3.432149
50112	-1906.157	-2093.957	187.8002	1.172728	2.949767
50118	-1903.302	-2091.689	188.3863	1.112688	2.629266
50124	-1901.767	-2091.591	189.8236	1.867387	1.095536
50130	-1906.327	-2094.146	187.8189	1.163799	2.943927
50136	-1918.809	-2107.751	188.9423	1.35572	2.12274
50142	-1920.77	-2110.601	189.8311	2.100581	0.845802
50148	-1916.748	-2106.655	189.9065	2.114982	0.7212976
50154	-1910.165	-2100.139	189.9736	2.033818	0.7434319
50160	-1924.813	-2114.425	189.6119	1.763819	1.362052
50166	-1908.355	-2098.2	189.8453	1.701903	1.222101
50172	-1916.188	-2106.014	189.8256	1.794382	1.159331
50178	-1916.295	-2106.23	189.9349	1.850835	1.005032
50184	-1922.357	-2112.128	189.7715	1.857839	1.151101
50190	-1922.226	-2112.156	189.9295	1.897608	0.9630078
50196	-1913.699	-2103.629	189.9301	1.896985	0.9630078
50202	-1923.831	-2113.692	189.8605	1.975174	0.9540086
50208	-1918.578	-2108.49	189.9115	1.901838	0.9772068
50214	-1924.131	-2114.149	190.0181	2.063916	0.5937095
50220	-1911.7	-2101.564	189.8638	1.85424	1.070399
50226	-1913.457	-2103.431	189.9739	1.80659	1.010279
50232	-1931.043	-2121.077	190.0337	1.9403	0.7914171
50238	-1915.279	-2105.203	189.9243	2.045986	0.7964715
50244	-1912.305	-2102.23	189.9253	2.012623	0.8381002
50250	-1923.344	-2113.214	189.8697	1.990077	0.9283111
50256	-1916.475	-2106.514	190.0392	1.840157	0.9068318
50262	-1906.893	-2096.735	189.8421	2.146709	0.7708331
50268	-1908.844	-2098.921	190.0774	1.906436	0.7779122
50274	-1919.935	-2109.852	189.9173	2.137539	0.6609819
50280	-1918.261	-2108.288	190.0267	1.996326	0.7187195
50286	-1919.523	-2109.51	189.9869	2.084751	0.6228132
50292	-1919.956	-2109.879	189.9223	1.796096	1.070034
50298	-1917.664	-2107.392	189.7279	1.823411	1.218605
50304	-1911.716	-2101.329	189.6129	1.755443	1.367864
50310	-1923.44	-2113.321	189.8812	2.133655	0.7318742
50316	-1916.604	-2106.532	189.9273	2.114113	0.6868662
50322	-1911.334	-2101.245	189.9105	2.081108	0.7668036
50328	-1909.793	-2099.745	189.952	1.912406	0.9232313
50334	-1914.65	-2104.521	189.8712	2.056836	0.8503153
50340	-1912.438	-2102.41	189.9723	1.955681	0.8503153
50346	-1924.546	-2114.522	189.9765	2.005434	0.7804911
50352	-1932.592	-2122.505	189.9133	1.997724	0.8706289
50358	-1930.791	-2120.601	189.8103	2.103962	0.8667969
50364	-1914.666	-2104.27	189.6038	1.633872	1.46876
50370	-1921.66	-2111.568	189.9086	1.809	1.07081
50376	-1931.904	-2121.934	190.0295	1.796905	0.9637212
50382	-1921.01	-2110.909	189.8995	1.916128	0.9748427
50388	-1913.208	-2103.162	189.9541	1.965808	0.8601119
50394	-1917.957	-2107.94	189.9833	1.976307	0.8106204
50400	-1904.882	-2094.849	189.9669	1.943752	0.8709899
50406	-1912.329	-2102.254	189.9249	1.731065	1.127369
50412	-1914.303	-2104.119	189.8168	1.834441	1.131558
50418	-1911.899	-2101.737	189.8377	1.806759	1.137618
50424	-1915.224	-2105.15	189.9256	1.846923	1.018137
50430	-1929.911	-2119.486	189.5752	1.654297	1.474993
50436	-1912.732	-2101.918	189.186	1.737443	1.698545
50442	-1902.416	-2092.347	189.9314	1.882112	0.9769523
50448	-1911.856	-2101.757	189.9002	1.795979	1.090695
50454	-1914.244	-2104.14	189.8959	1.919287	0.9753055
50460	-1928.556	-2118.101	189.545	1.637754	1.510135
50466	-1921.033	-2110.99	189.9566	1.786999	1.046164
50472	-1925.605	-2115.438	189.8331	1.846207	1.10625
50478	-1918.265	-2107.775	189.51	1.669702	1.512358
50484	-1921.323	-2111.172	189.849	1.727428	1.197135
50490	-1912.757	-2102.783	190.0264	1.972135	0.7567773
50496	-1932.237	-2122.244	190.0062	2.013684	0.7238203
50502	-1926.564	-2116.554	189.9902	1.807876	0.9926602
50508	-1922.324	-2112.311	189.9874	1.930445	0.8625792
50514	-1922.313	-2112.288	189.9756	1.96301	0.8372727
50520	-1928.691	-2118.59	189.8993	2.062681	0.8074798
50526	-1916.643	-2106.541	189.8981	2.06393	0.8074798
50532	-1919.714	-2109.593	189.8795	2.210993	0.5622596
50538	-1925.142	-2115.005	189.8622	2.234349	0.5241253
50544	-1919.677	-2109.344	189.667	1.778612	1.3061
50550	-1909.335	-2098.738	189.4023	1.634749	1.617195
50556	-1905.97	-2095.493	189.5227	1.467264	1.651115
50562	-1904.584	-2094.43	189.8456	1.790496	1.145095
50568	-1912.307	-2102.17	189.8634	1.795835	1.12444
50574	-1915.755	-2105.719	189.9647	1.780065	1.045057
50580	-1908.957	-2098.943	189.9859	2.039685	0.7145738
50586	-1923.542	-2113.4	189.8578	2.18017	0.6931265
50592	-1927.364	-2117.307	189.9438	2.096624	0.6886794
50598	-1911.668	-2101.516	189.8477	2.228326	0.6112576
50604	-1916.41	-2105.825	189.4143	2.632686	0.3573171
50610	-1914.033	-2103.616	189.5825	2.501639	0.4223982
50616	-1919.961	-2109.581	189.6199	2.468396	0.4345814
50622	-1933.261	-2123.047	189.7863	2.302287	0.4356737
50628	-1920.135	-2110.13	189.9948	2.096306	0.5593693
50634	-1919.917	-2109.733	189.8154	2.275663	0.5593693
50640	-1913.385	-2103.169	189.7836	2.313616	0.4860155
50646	-1931.073	-2120.894	189.8207	2.273632	0.5418825
50652	-1914.731	-2104.611	189.8795	2.209468	0.568605
50658	-1927.001	-2116.848	189.8468	2.232403	0.6023021
50664	-1918.747	-2108.415	189.6678	2.424392	0.4494991
50670	-1919.082	-2108.825	189.7427	2.354723	0.4892271
50676	-1927.534	-2117.187	189.6524	2.426465	0.4093309
50682	-1910.264	-2100.043	189.7793	2.314483	0.5453882
50688	-1925.596	-2115.32	189.7243	2.370078	0.5416132
50694	-1922.323	-2112.116	189.7938	2.300518	0.5416132
50700	-1912.43	-2102.304	189.8739	2.222062	0.5298726
50706	-1917.461	-2107.335	189.8736	2.216352	0.5644429
50712	-1899.889	-2089.673	189.7839	2.310382	0.4604282
50718	-1902.429	-2092.062	189.6333	2.447147	0.412911
50724	-1903.648	-2093.557	189.9087	2.071017	0.7835968
50730	-1923.514	-2113.456	189.9428	2.12983	0.6203285
50736	-1914.987	-2104.889	189.9016	2.146423	0.6744773
50742	-1930.544	-2120.268	189.7238	2.37104	0.53844
50748	-1919.371	-2109.342	189.9707	2.114868	0.5817708
50754	-1910.253	-2100.102	189.8489	2.193166	0.6857183
50760	-1916.781	-2106.66	189.8791	2.210828	0.5646778
50766	-1919.557	-2109.426	189.8691	2.176326	0.679429
50772	-1921.963	-2111.679	189.7158	2.355649	0.3941137
50778	-1906.192	-2096.059	189.8667	2.229361	0.5289432
50784	-1916.558	-2106.433	189.8747	2.20481	0.6014552
50790	-1917.479	-2107.38	189.9013	2.176228	0.6071448
50796	-1912.483	-2102.38	189.897	2.181681	0.6036749
50802	-1909.463	-2099.374	189.9114	1.971473	0.9028808
50808	-1909.84	-2099.745	189.905	2.136668	0.6864746
50814	-1908.408	-2098.398	189.9898	1.987917	0.7863051
50820	-1909.108	-2099.047	189.9391	2.038393	0.7866152
50826	-1909.541	-2099.478	189.9368	1.886849	0.9665186
50832	-1909.524	-2099.54	190.0164	1.916024	0.8449646
50838	-1910.29	-2099.753	189.4628	1.694298	1.529254
50844	-1910.658	-2100.594	189.9363	1.956503	0.8916499
50850	-1911.171	-2100.713	189.5421	1.632115	1.516451
50856	-1917.426	-2106.891	189.465	1.610258	1.58945
50862	-1910.246	-2100.231	189.9846	2.000537	0.776025
50868	-1912.549	-2102.493	189.9447	2.032261	0.7874348
50874	-1909.95	-2099.803	189.8538	1.8509	1.082878
50880	-1916.659	-2106.55	189.8904	2.112656	0.7500768
50886	-1923.145	-2112.99	189.8447	2.156564	0.7527587
50892	-1923.481	-2113.276	189.7951	2.084683	0.9062667
50898	-1926.227	-2115.996	189.7689	1.848932	1.161174
50904	-1907.103	-2096.607	189.5045	1.669054	1.516963
50910	-1911.547	-2101.051	189.5037	1.615645	1.557165
50916	-1919.67	-2108.974	189.3041	1.520998	1.767683
50922	-1912.121	-2101.35	189.2286	1.469935	1.855059
50928	-1909.509	-2098.981	189.4726	1.455872	1.695005
50934	-1919.284	-2108.666	189.3824	1.546013	1.695005
50940	-1910.731	-2099.708	188.9769	1.23884	2.17635
50946	-1919.208	-2108.425	189.2177	1.569211	1.794202
50952	-1922.582	-2111.838	189.2556	1.438164	1.858352
50958	-1918.01	-2107.222	189.2122	1.443914	1.884044
50964	-1923.739	-2112.956	189.2168	1.465524	1.866151
50970	-1910.916	-2099.291	188.3747	1.32187	2.506572
50976	-1911.008	-2099.933	188.9248	1.459316	2.066157
50982	-1917.499	-2106.24	188.7403	1.47058	2.179511
50988	-1922.738	-2111.922	189.1845	1.420713	1.91861
50994	-1916.21	-2105.958	189.7481	1.803172	1.218587
51000	-1904.55	-2094.383	189.8334	1.717916	1.218587
51006	-1909.185	-2098.977	189.7919	1.759445	1.218587
51012	-1911.055	-2100.998	189.943	1.821908	1.025591
51018	-1909.939	-2099.851	189.9112	2.089692	0.7533445
51024	-1914.953	-2104.897	189.9439	2.035777	0.7836095
51030	-1919.827	-2109.768	189.9408	2.061697	0.7508371
51036	-1918.258	-2108.222	189.9634	2.006107	0.7974474
51042	-1920.667	-2110.513	189.8455	1.775514	1.158426
51048	-1911.441	-2101.303	189.8623	1.758716	1.158426
51054	-1922.201	-2112.119	189.9183	1.979342	0.8861681
51060	-1930.195	-2120.236	190.0409	1.873415	0.8667394
51066	-1919.905	-2109.544	189.639	1.807697	1.305228
51072	-1916.392	-2106.317	189.9251	1.777742	1.084514
51078	-1913.006	-2102.671	189.665	1.84506	1.253238
51084	-1919.183	-2109.145	189.9615	2.107769	0.6287873
51090	-1922.352	-2112.305	189.9531	1.763503	1.071718
51096	-1915.338	-2105.269	189.9311	1.93237	0.9242426
51102	-1918.159	-2107.974	189.8151	1.962305	1.013329
51108	-1916.964	-2106.871	189.9064	2.013505	0.8600778
51114	-1917.087	-2106.976	189.889	2.194072	0.5902749
51120	-1912.62	-2102.528	189.9086	2.176086	0.5848197
51126	-1913.184	-2103.124	189.9403	2.121003	0.6471706
51132	-1921.385	-2111.071	189.6866	1.718185	1.338962
51138	-1925.471	-2114.574	189.1034	1.715005	1.772374
51144	-1924.599	-2114.104	189.5051	1.624995	1.54923
51150	-1918.894	-2108.694	189.8001	1.726529	1.239379
51156	-1915.948	-2105.585	189.6364	1.812141	1.303756
51162	-1902.276	-2092.054	189.778	1.67052	1.303756
51168	-1910.88	-2100.44	189.56	1.695069	1.455517
51174	-1933.597	-2123.178	189.5809	1.706606	1.43075
51180	-1936.84	-2126.506	189.6657	1.666625	1.396021
51186	-1927.991	-2117.686	189.695	1.63735	1.396021
51192	-1923.661	-2113.268	189.6078	1.724566	1.396021
51198	-1912.466	-2102.225	189.7593	1.633207	1.34868
51204	-1912.996	-2102.83	189.8338	1.8547	1.097809
51210	-1910.241	-2098.917	188.6758	1.369253	2.286337
51216	-1915.605	-2105.099	189.4944	1.466198	1.672171
51222	-1924.754	-2113.121	188.3672	1.494659	2.402789
51228	-1923.844	-2113.439	189.5957	1.589864	1.508017
51234	-1932.506	-2121.943	189.4362	1.740615	1.514508
51240	-1919.575	-2109.061	189.4866	1.661792	1.53565
51246	-1913.197	-2102.337	189.1398	1.470945	1.914819
51252	-1916.064	-2105.005	188.941	1.669784	1.914819
51258	-1912.501	-2102.147	189.6456	1.621597	1.446259
51264	-1910.498	-2100.392	189.8938	2.034063	0.8504557
51270	-1919.201	-2108.944	189.7428	1.706116	1.303467
51276	-1910.556	-2100.312	189.7554	1.867931	1.156403
51282	-1914.006	-2103.949	189.9426	1.969955	0.8688228
51288	-1905.547	-2095.532	189.9857	2.0024	0.7718907
51294	-1917.319	-2107.226	189.907	1.691427	1.178182
51300	-1917.717	-2107.503	189.7868	2.252486	0.6907361
51306	-1935.206	-2125.081	189.8747	2.208113	0.5910453
51312	-1914.102	-2103.401	189.2988	1.629683	1.694965
51318	-1914.061	-2103.394	189.333	1.595501	1.694965
51324	-1910.525	-2100.251	189.7262	1.669253	1.3464
51330	-1918.473	-2108.282	189.809	2.28785	0.4802158
51336	-1922.073	-2111.931	189.8586	2.218236	0.6090708
51342	-1923.674	-2113.433	189.7597	2.334478	0.5427099
51348	-1913.07	-2102.82	189.7496	2.344622	0.5427099
51354	-1912.658	-2102.34	189.6821	2.413003	0.5365625
51360	-1921.461	-2111.224	189.7635	2.308556	0.6216805
51366	-1926.273	-2116.256	189.9829	1.982	0.8035781
51372	-1927.691	-2117.623	189.9317	2.123036	0.6610767
51378	-1918.137	-2108.081	189.9441	2.066989	0.7378779
51384	-1914.83	-2104.733	189.9035	2.005938	0.872467
51390	-1910.584	-2100.466	189.8816	2.027797	0.872467
51396	-1920.874	-2110.768	189.8942	1.96448	0.9294725
51402	-1913.933	-2103.803	189.8701	2.109347	0.7840345
51408	-1921.222	-2111.174	189.9522	2.049759	0.7516586
51414	-1929.523	-2116.262	186.7386	1.165005	3.581484
51420	-1909.457	-2099.263	189.8068	1.968288	1.015559
51426	-1917.388	-2107.268	189.8802	2.158882	0.6911911
51432	-1910.917	-2100.908	189.9906	1.954877	0.8287009
51438	-1917.723	-2107.675	189.9524	1.890547	0.9463001
51444	-1919.831	-2109.783	189.9516	1.937599	0.8957108
51450	-1932.059	-2120.736	188.6768	1.401068	2.265308
51456	-1925.76	-2114.694	188.9333	1.516072	2.023006
51462	-1913.494	-2103.376	189.8817	1.929035	0.9798025
51468	-1911.27	-2101.075	189.8053	1.874364	1.105907
51474	-1915.73	-2105.487	189.7577	1.804014	1.209734
51480	-1910.515	-2099.537	189.0221	1.413014	2.032468
51486	-1903.122	-2091.96	188.8384	1.482778	2.107588
51492	-1913.382	-2102.759	189.3765	1.561107	1.688508
51498	-1915.127	-2104.741	189.6146	1.762866	1.360657
51504	-1917.269	-2107.09	189.8214	1.609673	1.317825
51510	-1927.34	-2117.269	189.9288	1.997397	0.8525028
51516	-1914.229	-2104.121	189.8917	2.049224	0.8344352
51522	-1918.681	-2108.494	189.8126	2.040013	0.9360504
51528	-1918.515	-2108.46	189.9442	1.983053	0.8511978
51534	-1925.254	-2115.205	189.9509	1.921269	0.9147092
51540	-1917.944	-2107.904	189.9598	1.944056	0.8789923
51546	-1915.34	-2105.357	190.0169	1.886901	0.8789923
51552	-1924.73	-2114.345	189.6151	1.774881	1.350726
51558	-1915.743	-2105.644	189.9012	1.766037	1.117142
51564	-1921.323	-2111.184	189.8608	1.880691	1.048189
51570	-1916.274	-2106.299	190.0241	1.908489	0.8447639
51576	-1910.972	-2100.877	189.9044	2.028187	0.8447639
51582	-1902.242	-2092.144	189.9022	2.012811	0.8658462
51588	-1907.2	-2097.163	189.9633	1.929248	0.891921
51594	-1916.398	-2106.207	189.8088	2.083804	0.891921
51600	-1899.333	-2089.236	189.9029	2.188891	0.5562203
51606	-1907.669	-2097.611	189.9423	2.152786	0.5369239
51612	-1907.897	-2097.663	189.7657	2.331977	0.5008898
51618	-1918.78	-2108.564	189.7839	2.313052	0.5188075
51624	-1907.832	-2097.713	189.8804	2.13055	0.7379575
51630	-1922.377	-2112.241	189.8638	2.139058	0.7503281
51636	-1914.328	-2104.118	189.7901	2.205728	0.7607695
51642	-1927.634	-2117.386	189.7513	2.125389	0.9098055
51648	-1922.558	-2112.408	189.8499	2.095597	0.8286992
51654	-1927.083	-2116.884	189.8012	1.873837	1.110118
51660	-1921.479	-2111.404	189.925	1.965936	0.893722
51666	-1921.919	-2111.838	189.9184	2.040571	0.8113745
51672	-1924.291	-2114.133	189.8417	1.895704	1.052056
51678	-1925.188	-2114.989	189.8002	1.886492	1.099498
51684	-1932.301	-2122.205	189.9044	1.744686	1.133515
51690	-1927.953	-2117.58	189.6265	1.758838	1.354414
51696	-1920.71	-2110.448	189.7383	1.87985	1.160939
51702	-1911.19	-2101.011	189.8208	1.935544	1.033852
51708	-1907.588	-2097.488	189.9	1.936496	0.9531131
51714	-1915.759	-2105.743	189.9836	1.935532	0.8609387
51720	-1922.307	-2112.086	189.7796	1.791963	1.201355
51726	-1920.067	-2109.906	189.8389	1.769616	1.169329
51732	-1913.583	-2102.989	189.4059	1.793887	1.49736
51738	-1917.12	-2106.683	189.5633	1.644275	1.491479
51744	-1903.327	-2093.315	189.9884	2.037477	0.7139774
51750	-1911.096	-2101.094	189.9985	1.957274	0.8155536
51756	-1924.863	-2114.732	189.8686	2.128581	0.7588307
51762	-1916.662	-2106.345	189.6836	1.487789	1.518581
51768	-1906.588	-2096.205	189.6168	1.554605	1.518581
51774	-1909.212	-2098.923	189.7106	1.689131	1.342986
51780	-1909.241	-2099.116	189.8751	1.831971	1.080599
51786	-1911.155	-2100.925	189.7702	1.780433	1.219179
51792	-1910.459	-2100.475	190.0159	1.899565	0.8653704
51798	-1913.633	-2103.538	189.9043	2.043789	0.8253848
51804	-1910.801	-2100.785	189.9832	2.030119	0.7342813
51810	-1910.971	-2100.916	189.9456	2.047113	0.7653304
51816	-1919.233	-2109.264	190.031	1.963286	0.7630549
51822	-1912.951	-2102.977	190.0263	2.049158	0.612918
51828	-1905.505	-2095.43	189.925	2.110351	0.6978514
51834	-1906.145	-2096.006	189.8615	2.232613	0.543062
51840	-1911.587	-2101.417	189.8298	2.227567	0.6556649
51846	-1908.515	-2098.564	190.0494	1.999519	0.6726655
51852	-1907.094	-2097.034	189.9399	2.072498	0.7357608
51858	-1903.191	-2092.995	189.804	2.221669	0.7144597
51864	-1900.951	-2090.771	189.8198	2.186367	0.7453914
51870	-1897.692	-2087.641	189.9491	2.057016	0.7453914
51876	-1904.04	-2094.035	189.9945	2.064649	0.6518482
51882	-1894.37	-2084.287	189.9174	2.156368	0.6173683
51888	-1899.481	-2089.452	189.9715	2.091727	0.6429307
51894	-1904.17	-2093.97	189.7995	2.290549	0.4410686
51900	-1925.575	-2115.424	189.8488	1.935451	1.006503
51906	-1908.074	-2098.003	189.9295	1.854732	1.006503
51912	-1915.148	-2105.014	189.8664	2.107782	0.79118
51918	-1912.133	-2102.081	189.9483	2.007654	0.8153878
51924	-1904.321	-2094.275	189.9539	2.107082	0.6479378
51930	-1914.461	-2104.114	189.6527	2.410789	0.3804311
51936	-1918.029	-2107.606	189.5771	2.518883	0.4716645
51942	-1918.298	-2108.281	189.9831	1.837218	0.9699753
51948	-1921.834	-2111.799	189.9645	1.956281	0.8590143
51954	-1924.23	-2114.053	189.8229	2.107133	0.8478746
51960	-1909.978	-2099.825	189.8475	2.238502	0.5802964
51966	-1917.707	-2107.607	189.8997	2.186301	0.5802964
51972	-1903.409	-2093.288	189.8787	2.074229	0.8192183
51978	-1901.632	-2091.592	189.9599	1.993024	0.8192183
51984	-1901.117	-2090.996	189.8786	1.9273	0.9847939
51990	-1905.83	-2095.177	189.3472	1.606732	1.676921
51996	-1908.906	-2098.295	189.3887	1.547488	1.689549
52002	-1900.884	-2090.201	189.317	1.565639	1.727341
52008	-1901.284	-2091.177	189.8928	1.761255	1.129073
52014	-1909.622	-2099.393	189.7707	1.786965	1.213154
52020	-1913.893	-2103.566	189.6729	1.944296	1.161795
52026	-1909.055	-2098.989	189.9338	1.775941	1.078106
52032	-1910.357	-2100.198	189.841	1.785045	1.153982
52038	-1920.169	-2110.034	189.8656	2.073261	0.8369699
52044	-1916.102	-2106.083	189.9817	1.974146	0.8155122
52050	-1915.92	-2105.888	189.9679	1.966022	0.8431499
52056	-1918.699	-2108.735	190.0356	1.807637	0.946011
52062	-1908.236	-2097.94	189.7032	1.529488	1.472573
52068	-1915.666	-2104.419	188.7529	1.355722	2.245542
52074	-1910.423	-2098.904	188.4814	1.416041	2.380299
52080	-1919.391	-2108.765	189.3747	1.59512	1.665554
52086	-1923.799	-2113.485	189.6856	1.820997	1.256094
52092	-1918.739	-2107.873	189.134	1.596584	1.833081
52098	-1905.333	-2094.872	189.5391	1.630057	1.520262
52104	-1905.741	-2095.456	189.7154	1.48342	1.498109
52110	-1909.175	-2098.66	189.485	1.58739	1.591563
52116	-1925.202	-2114.662	189.4597	1.612631	1.591563
52122	-1915.31	-2104.74	189.4301	1.775845	1.492707
52128	-1905.579	-2095.14	189.5614	1.644569	1.492707
52134	-1909.411	-2099.124	189.7138	1.517804	1.473401
52140	-1908.177	-2097.978	189.8005	1.655733	1.297512
52146	-1923.791	-2113.543	189.7522	1.661591	1.331706
52152	-1911.701	-2100.765	189.0636	1.536756	1.921847
52158	-1912.164	-2101.854	189.6897	1.724307	1.331528
52164	-1905.538	-2094.96	189.422	1.594066	1.632394
52170	-1903.947	-2093.271	189.3238	1.485426	1.778695
52176	-1909.701	-2098.958	189.257	1.554965	1.776807
52182	-1902.852	-2092.481	189.6291	1.739114	1.367967
52188	-1908.057	-2097.876	189.8187	1.638958	1.296346
52194	-1905.002	-2094.732	189.7299	1.727771	1.296346
52200	-1912.921	-2102.812	189.8906	1.738516	1.151296
52206	-1911.291	-2101.188	189.8963	1.720377	1.162181
52212	-1914.74	-2104.589	189.8489	1.64312	1.268169
52218	-1916.185	-2105.728	189.5431	1.550559	1.57604
52224	-1921.607	-2111.465	189.858	1.90806	1.024396
52230	-1923.251	-2113.105	189.8537	1.878174	1.057312
52236	-1924.807	-2114.623	189.8161	1.808961	1.154845
52242	-1931.776	-2121.37	189.5941	1.756909	1.381492
52248	-1945.283	-2134.969	189.6865	1.661167	1.384036
52254	-1922.076	-2111.914	189.8387	1.942288	1.009791
52260	-1917.278	-2107.009	189.7315	2.033659	1.025273
52266	-1907.33	-2097.315	189.9842	1.919042	0.8796537
52272	-1919.542	-2109.183	189.6411	1.651065	1.427169
52278	-1921.766	-2111.629	189.8634	1.803332	1.117588
52284	-1922.565	-2112.452	189.887	1.860431	1.042521
52290	-1925.608	-2115.426	189.8183	2.225712	0.6821288
52296	-1923.421	-2113.311	189.8892	2.145333	0.6992627
52302	-1917.572	-2107.488	189.9159	2.09275	0.7415085
52308	-1906.373	-2096.306	189.9332	2.119548	0.6651969
52314	-1906.339	-2096.19	189.8511	2.01989	0.9160983
52320	-1901.93	-2091.945	190.0146	1.962286	0.7874534
52326	-1906.781	-2096.765	189.984	2.06775	0.6672336
52332	-1914.833	-2104.729	189.8962	2.015197	0.8701395
52338	-1913.539	-2103.387	189.848	1.972659	0.9696204
52344	-1918.11	-2108.003	189.8922	1.766713	1.124669
52350	-1920.949	-2110.561	189.6118	1.547899	1.527289
52356	-1926.219	-2116	189.7813	1.676881	1.295931
52362	-1913.305	-2103.201	189.8952	1.731022	1.153824
52368	-1916.521	-2106.386	189.8642	1.887035	1.038826
52374	-1916.031	-2105.872	189.8416	2.02162	0.9245891
52380	-1908.149	-2097.894	189.745	1.649197	1.347404
52386	-1912.329	-2101.731	189.4013	1.791004	1.502943
52392	-1925.712	-2115.645	189.9328	2.114361	0.6761921
52398	-1930.295	-2120.156	189.8608	2.114361	0.7899246
52404	-1919.743	-2109.742	189.999	1.811636	0.9799821
52410	-1917.585	-2107.585	190.0006	1.793881	0.9962802
52416	-1913.461	-2103.462	190.0006	1.793881	0.9962802
52422	-1918.407	-2108.369	189.9622	1.900411	0.9252327
52428	-1909.917	-2099.855	189.938	1.912189	0.9386409
52434	-1906.505	-2096.362	189.8574	1.983113	0.9489558
52440	-1912.105	-2101.968	189.8628	2.142418	0.7468344
52446	-1920.403	-2110.286	189.8836	2.14959	0.7015361
52452	-1920.485	-2110.291	189.8061	1.975001	1.009673
52458	-1913.122	-2103.117	189.9954	1.923259	0.8615932
52464	-1913.628	-2103.587	189.9587	1.878091	0.9528521
52470	-1920.678	-2110.626	189.948	1.858535	0.9841394
52476	-1912.11	-2101.98	189.8695	1.945422	0.9755121
52482	-1919.517	-2109.355	189.8376	2.199169	0.6953643
52488	-1911.894	-2101.678	189.7842	2.252578	0.6953643
52494	-1911.234	-2100.643	189.409	1.779215	1.505994
52500	-1915.525	-2105.099	189.5735	1.888733	1.292643
52506	-1922.191	-2111.928	189.7362	2.074166	0.9802067
52512	-1932.049	-2122.12	190.0704	1.902715	0.7926798
52518	-1923.354	-2113.344	189.9906	2.106046	0.5221974
52524	-1915.945	-2105.863	189.9183	1.988419	0.8756714
52530	-1923.134	-2113.039	189.9053	2.143729	0.6725753
52536	-1921.706	-2111.514	189.8079	1.892581	1.086724
52542	-1908.398	-2098.322	189.9237	2.090321	0.7332377
52548	-1907.858	-2097.87	190.0117	2.002276	0.7332377
52554	-1910.127	-2100.113	189.9859	1.930393	0.864393
52560	-1930.009	-2119.63	189.6209	1.826221	1.304911
52566	-1929.403	-2119.047	189.6435	1.787357	1.318041
52572	-1908.945	-2098.852	189.907	2.016605	0.855665
52578	-1913.474	-2103.471	189.9965	1.910152	0.8757145
52584	-1911.679	-2101.623	189.9448	1.940052	0.9006552
52590	-1914.223	-2104.205	189.9818	1.807452	1.001516
52596	-1917.987	-2108.051	190.0639	1.828323	0.8922535
52602	-1917.808	-2107.67	189.8611	2.079884	0.8343276
52608	-1918.509	-2108.418	189.9089	1.805491	1.073836
52614	-1921.941	-2111.798	189.8576	1.790905	1.134068
52620	-1914.837	-2104.536	189.6994	1.605207	1.417573
52626	-1917.426	-2107.043	189.6165	1.82749	1.307434
52632	-1921.678	-2111.557	189.8792	1.935227	0.9760651
52638	-1921.113	-2110.963	189.851	2.010324	0.9266836
52644	-1908.322	-2097.95	189.6278	1.555657	1.509555
52650	-1917.919	-2107.481	189.5626	1.66389	1.477269
52656	-1903.77	-2093.26	189.4892	1.565343	1.604549
52662	-1907.862	-2097.359	189.4972	1.598592	1.574438
52668	-1907.575	-2097.099	189.5243	1.571517	1.574438
52674	-1907.103	-2096.953	189.8503	1.870002	1.068221
52680	-1908.518	-2098.352	189.834	1.797867	1.148832
52686	-1909.059	-2098.751	189.692	1.710853	1.340488
52692	-1910.627	-2100.554	189.9266	1.802872	1.059642
52698	-1911.146	-2101.01	189.8644	1.733753	1.17837
52704	-1913.872	-2103.406	189.5338	1.633915	1.521311
52710	-1910.285	-2099.725	189.4395	1.62674	1.595997
52716	-1910.746	-2100.206	189.4595	1.606806	1.595997
52722	-1910.044	-2099.578	189.5339	1.532387	1.595997
52728	-1928.815	-2117.862	189.0475	1.498622	1.958407
52734	-1928.595	-2117.386	188.7905	1.428022	2.174511
52740	-1918.701	-2107.849	189.1476	1.548601	1.8567
52746	-1919.046	-2108.463	189.4167	1.546436	1.670357
52752	-1929.75	-2118.269	188.5186	1.296318	2.432334
52758	-1917.633	-2106.712	189.0786	1.389841	2.010317
52764	-1916.248	-2105.477	189.2295	1.500516	1.833525
52770	-1908.186	-2098.169	189.9832	1.808634	0.9989783
52776	-1913.88	-2103.708	189.8278	1.851635	1.106052
52782	-1923.347	-2113.177	189.8302	2.176942	0.7439072
52788	-1919.798	-2109.753	189.9552	2.068515	0.7176192
52794	-1916.631	-2106.518	189.8866	2.116352	0.7501634
52800	-1914.268	-2103.301	189.0332	1.489151	1.974318
52806	-1920.35	-2109.552	189.202	1.508906	1.846627
52812	-1905.753	-2095.634	189.8813	2.00516	0.8988347
52818	-1911.824	-2101.713	189.8887	2.207737	0.525304
52824	-1903.195	-2093.063	189.8681	2.212726	0.5974226
52830	-1911.039	-2100.917	189.8786	2.20121	0.6003109
52836	-1920.077	-2109.817	189.7394	2.349975	0.5669397
52842	-1912.105	-2101.903	189.7985	2.29213	0.4431878
52848	-1902.532	-2092.389	189.8572	2.239101	0.4744955
52854	-1902.259	-2092.097	189.8378	2.252755	0.5618452
52860	-1908.968	-2098.782	189.8137	2.280748	0.5413118
52866	-1910.712	-2100.579	189.8672	2.123532	0.7680571
52872	-1908.141	-2098.118	189.977	1.943562	0.8593226
52878	-1924.705	-2114.805	190.1001	1.820447	0.8593226
52884	-1910.119	-2100.059	189.94	1.808091	1.04186
52890	-1919.336	-2108.496	189.1603	1.556068	1.842844
52896	-1915.282	-2104.561	189.2789	1.450923	1.833648
52902	-1923.511	-2113.419	189.9083	1.727104	1.145697
52908	-1908.708	-2098.472	189.7638	1.737167	1.260732
52914	-1903.838	-2093.264	189.4265	1.584081	1.63634
52920	-1907.572	-2096.791	189.2194	1.705061	1.697824
52926	-1911.212	-2100.22	189.0081	1.5262	1.966343
52932	-1901.268	-2090.021	188.7536	1.40451	2.21369
52938	-1901.224	-2090.131	188.9073	1.513289	2.042074
52944	-1918.56	-2107.451	188.8912	1.436579	2.103266
52950	-1908.442	-2097.565	189.123	1.474629	1.923735
52956	-1905.223	-2094.484	189.2604	1.337181	1.923735
52962	-1904.412	-2093.487	189.0749	1.392031	2.011352
52968	-1912.18	-2100.39	188.2098	1.366373	2.581469
52974	-1915.991	-2104.903	188.9114	1.452361	2.079579
52980	-1917.177	-2106.672	189.4948	1.459859	1.676383
52986	-1929.228	-2118.172	188.9443	1.311537	2.150257
52992	-1929.137	-2118.303	189.1663	1.504632	1.873921
52998	-1914.435	-2103.768	189.333	1.53624	1.736798
53004	-1924.722	-2114.545	189.8233	1.684587	1.255037
53010	-1910.834	-2100.035	189.2013	1.565754	1.807966
53016	-1913.253	-2103.001	189.7481	1.869256	1.161601
53022	-1907.863	-2097.584	189.7212	1.921237	1.139407
53028	-1906.632	-2096.567	189.935	1.815332	1.039705
53034	-1913.609	-2102.927	189.3187	1.483777	1.783429
53040	-1905.308	-2095.136	189.8279	1.864911	1.093858
53046	-1917.591	-2107.576	189.9849	1.829988	0.9755749
53052	-1919.306	-2109.217	189.9114	1.733462	1.13728
53058	-1907.832	-2097.463	189.6305	1.558031	1.505782
53064	-1906.397	-2096.083	189.6866	1.75017	1.313234
53070	-1914.881	-2104.231	189.3507	1.470743	1.770258
53076	-1913.568	-2102.297	188.7294	1.484952	2.17727
53082	-1915.292	-2105.042	189.7495	1.746602	1.264772
53088	-1908.639	-2098.217	189.5773	1.918852	1.264772
53094	-1907.115	-2096.848	189.7327	1.799766	1.23449
53100	-1917.363	-2106.825	189.4625	1.534029	1.646424
53106	-1912.36	-2101.784	189.4243	1.639907	1.597548
53112	-1907.836	-2097.252	189.416	1.669363	1.582055
53118	-1906.393	-2096.23	189.837	1.665525	1.259479
53124	-1910.966	-2101.06	190.0945	1.782722	0.9091824
53130	-1917.664	-2107.568	189.9032	1.876199	1.011369
53136	-1906.592	-2096.391	189.7989	1.955605	1.03562
53142	-1912.685	-2102.748	190.063	1.880456	0.8312783
53148	-1917.071	-2106.886	189.8146	1.880456	1.0918
53154	-1923.158	-2113.057	189.8986	2.0163	0.8659729
53160	-1929.785	-2119.024	189.239	1.585492	1.768068
53166	-1929.308	-2119.037	189.7289	1.680169	1.335485
53172	-1919.253	-2108.712	189.4591	1.803331	1.4499
53178	-1928.225	-2117.815	189.5898	1.672687	1.4499
53184	-1926.25	-2115.817	189.5665	1.638976	1.493085
53190	-1917.187	-2106.993	189.8061	2.057652	0.9240321
53196	-1912.621	-2102.624	190.0036	2.006839	0.7387867
53202	-1916.791	-2106.693	189.9013	2.176842	0.6053215
53208	-1908.682	-2098.532	189.8502	2.239226	0.5670431
53214	-1925.428	-2114.857	189.4298	1.472085	1.713839
53220	-1916.818	-2106.75	189.9322	2.116089	0.6740354
53226	-1919.592	-2109.666	190.0732	1.975046	0.6740354
53232	-1912.064	-2101.963	189.8985	2.149766	0.6740354
53238	-1914.064	-2103.918	189.8545	2.215938	0.6257495
53244	-1930.584	-2120.627	190.0435	2.035548	0.6027874
53250	-1920.829	-2110.904	190.0743	1.881277	0.815855
53256	-1904.305	-2094.276	189.9706	2.072955	0.6828553
53262	-1906.317	-2096.186	189.8686	1.93871	0.9833771
53268	-1902.336	-2092.256	189.9202	1.883337	0.9871229
53274	-1902.916	-2092.869	189.9532	1.936516	0.8951376
53280	-1905.355	-2095.288	189.933	1.956698	0.8951376
53286	-1907.885	-2097.828	189.9432	1.826523	1.020877
53292	-1904.138	-2094.155	190.0167	1.838754	0.9330054
53298	-1910.246	-2100.131	189.8844	1.788086	1.112391
53304	-1917.307	-2107.291	189.9837	2.065797	0.6715907
53310	-1906.017	-2095.828	189.8106	1.8891	1.087437
53316	-1910.742	-2100.599	189.8577	1.922526	1.010538
53322	-1912.705	-2102.426	189.7209	2.376584	0.5088801
53328	-1916.214	-2106.071	189.8573	2.221428	0.6036681
53334	-1917.751	-2107.601	189.8503	2.221428	0.622717
53340	-1911.839	-2101.794	189.9552	2.118604	0.6173165
53346	-1923.149	-2113.139	189.9902	2.046798	0.6949729
53352	-1920.072	-2110.003	189.9311	2.109065	0.6891381
53358	-1919.715	-2109.655	189.9398	2.086959	0.7125467
53364	-1924.523	-2114.353	189.8299	2.266963	0.5202197
53370	-1909.971	-2099.907	189.9353	2.052173	0.7727118
53376	-1927.413	-2117.32	189.9076	2.013758	0.8583151
53382	-1915.694	-2105.543	189.8489	2.196076	0.6802993
53388	-1915.845	-2105.62	189.7754	2.314233	0.56615
53394	-1913.817	-2103.739	189.9215	2.020148	0.8335357
53400	-1912.133	-2101.833	189.6996	2.379451	0.4097864
53406	-1919.21	-2108.696	189.4858	2.542738	0.336366
53412	-1918.239	-2107.85	189.611	2.446839	0.3719306
53418	-1908.273	-2097.76	189.4864	2.557639	0.353612
53424	-1912.522	-2102.254	189.7328	2.364815	0.5043763
53430	-1916.398	-2106.143	189.7449	2.341489	0.5789263
53436	-1906.809	-2096.606	189.7968	2.272723	0.6281367
53442	-1925.669	-2115.565	189.8959	2.02021	0.864564
53448	-1932.754	-2122.534	189.7797	2.047463	0.9629464
53454	-1915.286	-2105.069	189.7832	1.764432	1.221726
53460	-1918.623	-2108.515	189.8922	2.047463	0.8360267
53466	-1936.875	-2126.692	189.8173	2.12356	0.8345562
53472	-1909.445	-2098.925	189.4804	1.762814	1.464572
53478	-1907.48	-2096.896	189.4156	1.746642	1.525418
53484	-1915.37	-2105.1	189.7297	2.36532	0.5372099
53490	-1914.85	-2104.525	189.6743	2.423284	0.4985821
53496	-1924.314	-2114.04	189.7259	2.37174	0.4985821
53502	-1919.284	-2109.108	189.8232	2.228347	0.6674999
53508	-1905.726	-2095.687	189.9609	2.019427	0.7827298
53514	-1916.314	-2106.279	189.9652	2.047862	0.7348124
53520	-1923.192	-2112.84	189.6478	2.433741	0.4156213
53526	-1923.795	-2113.448	189.6533	2.436813	0.4412595
53532	-1919.164	-2109.169	190.0055	2.053986	0.6511168
53538	-1922.758	-2112.659	189.9005	2.121518	0.7203991
53544	-1921.457	-2111.233	189.7762	1.892978	1.115403
53550	-1932.388	-2120.996	188.6086	1.309624	2.367146
53556	-1913.053	-2102.094	189.041	1.596324	1.89685
53562	-1913.555	-2103.457	189.9018	2.139322	0.6874777
53568	-1916.705	-2106.576	189.8709	2.216983	0.5731572
53574	-1900.487	-2090.223	189.7364	1.68218	1.327913
53580	-1901.883	-2091.666	189.7826	1.870936	1.129507
53586	-1903.482	-2093.081	189.5985	1.77508	1.363687
53592	-1918.134	-2108.074	189.9396	2.061993	0.752275
53598	-1922.27	-2112.307	190.0376	1.976202	0.7336642
53604	-1919.321	-2109.306	189.9847	1.812246	0.9938544
53610	-1909.742	-2099.659	189.9166	1.900339	0.9734832
53616	-1900.492	-2090.414	189.9213	1.953868	0.9114344
53622	-1898.872	-2088.736	189.8638	1.96651	0.9596267
53628	-1895.735	-2085.628	189.8926	1.728935	1.157907
53634	-1904.907	-2094.716	189.8092	2.015843	0.9651328
53640	-1917.82	-2107.883	190.0635	1.807968	0.915485
53646	-1907.277	-2096.96	189.6835	1.801773	1.27375
53652	-1914.685	-2104.575	189.8906	2.184936	0.612697
53658	-1911.236	-2101.183	189.9473	2.055856	0.749991
53664	-1925.752	-2115.729	189.9772	2.112225	0.5667725
53670	-1912.091	-2102.091	190.0001	1.959877	0.8100968
53676	-1913.627	-2103.588	189.9615	2.045358	0.744249
53682	-1905.935	-2095.824	189.8889	1.901135	1.000737
53688	-1909.526	-2099.488	189.9618	1.876134	0.9516814
53694	-1914.839	-2104.759	189.9201	2.02731	0.8262144
53700	-1931.331	-2121.052	189.7209	1.8442	1.206851
53706	-1916.462	-2106.326	189.8633	1.960851	0.966078
53712	-1911.178	-2101.048	189.8696	2.206608	0.610876
53718	-1907.719	-2097.599	189.8797	2.187619	0.6335361
53724	-1906.538	-2096.358	189.8197	2.275226	0.5378132
53730	-1916.125	-2105.766	189.6416	2.452761	0.4608863
53736	-1913.901	-2103.675	189.7746	2.322443	0.5176404
53742	-1914.931	-2104.609	189.6785	2.410097	0.4356029
53748	-1901.355	-2091.072	189.7169	2.372658	0.4390921
53754	-1913.154	-2102.889	189.735	2.362537	0.5086209
53760	-1901.812	-2091.642	189.8302	2.266577	0.4799106
53766	-1902.185	-2092.055	189.8694	2.197439	0.6344753
53772	-1900.02	-2089.981	189.9617	2.082051	0.6826125
53778	-1897.172	-2086.971	189.7996	2.294197	0.4575187
53784	-1905.875	-2095.62	189.7452	2.348641	0.4575187
53790	-1915.659	-2105.347	189.688	2.405779	0.4575187
53796	-1918.997	-2108.737	189.7394	2.354387	0.4575187
53802	-1920.363	-2110.084	189.7209	2.37497	0.5299099
53808	-1919.165	-2108.958	189.7928	2.30186	0.5393054
53814	-1913.945	-2103.743	189.7977	2.296896	0.5397907
53820	-1911.432	-2101.102	189.6703	2.419747	0.4409942
53826	-1917.866	-2107.743	189.8772	2.214198	0.5581331
53832	-1923.935	-2113.824	189.8889	1.819702	1.079208
53838	-1932.898	-2122.676	189.7789	1.81816	1.179361
53844	-1912.565	-2102.481	189.9166	2.103687	0.7231749
53850	-1905.582	-2095.542	189.96	1.986847	0.8269702
53856	-1902.889	-2092.82	189.9307	1.920392	0.9376713
53862	-1907.542	-2097.468	189.9263	1.891625	0.9724994
53868	-1900.63	-2090.445	189.8154	1.922961	1.05114
53874	-1915.282	-2104.974	189.6918	1.780187	1.284673
53880	-1910.551	-2100.281	189.7295	1.728245	1.296227
53886	-1903.132	-2092.87	189.7382	1.822327	1.21079
53892	-1902.387	-2092.368	189.9816	1.841424	0.9672261
53898	-1906.123	-2095.771	189.6476	1.868632	1.248095
53904	-1906.773	-2096.608	189.8343	1.922904	1.033069
53910	-1905.662	-2095.602	189.9402	1.817025	1.033069
53916	-1905.014	-2094.942	189.9282	2.004002	0.8451607
53922	-1927.656	-2117.562	189.906	2.1511	0.6562364
53928	-1921.152	-2111.095	189.943	2.1511	0.5434168
53934	-1917.398	-2107.215	189.817	2.271636	0.570163
53940	-1921.618	-2111.55	189.9325	2.09215	0.7161754
53946	-1921.385	-2111.208	189.8225	2.171945	0.7628412
53952	-1931.831	-2121.595	189.7643	2.329978	0.4603863
53958	-1923.325	-2113.052	189.7271	2.358779	0.4272528
53964	-1926.817	-2116.748	189.9308	2.153348	0.5868003
53970	-1917.866	-2107.886	190.0201	2.032983	0.664368
53976	-1917.152	-2107.137	189.9846	2.086518	0.6240405
53982	-1929.957	-2119.796	189.8388	1.797372	1.145011
53988	-1931.322	-2121.144	189.8213	1.787663	1.16896
53994	-1921.736	-2111.694	189.9583	1.88821	0.9425562
54000	-1931.359	-2121.266	189.9077	2.138175	0.6785923
54006	-1917.676	-2107.492	189.8158	2.232111	0.6747178
54012	-1909.028	-2098.863	189.8353	2.25975	0.5369552
54018	-1910.525	-2100.124	189.5992	2.496264	0.4677006
54024	-1912.937	-2102.761	189.8236	2.264178	0.5736751
54030	-1902.001	-2091.831	189.8306	2.264178	0.5385807
54036	-1905.781	-2095.645	189.8649	2.216282	0.596389
54042	-1911.948	-2101.587	189.6388	2.445498	0.4228224
54048	-1899.32	-2088.981	189.6611	2.421662	0.418522
54054	-1902.544	-2092.12	189.5764	2.492396	0.3894027
54060	-1904.101	-2093.673	189.5717	2.490815	0.3788871
54066	-1926.786	-2116.442	189.6562	2.415173	0.3939709
54072	-1921.379	-2111.094	189.7151	2.376347	0.5578625
54078	-1925.303	-2115.093	189.79	2.277103	0.6338657
54084	-1909.721	-2099.603	189.8818	1.884981	1.023757
54090	-1910.631	-2100.518	189.8871	2.185775	0.6196538
54096	-1914.536	-2104.403	189.867	2.205869	0.6196538
54102	-1921.571	-2111.407	189.8353	2.260528	0.530262
54108	-1913.869	-2103.788	189.9188	2.107317	0.713578
54114	-1912.805	-2102.557	189.7527	2.344913	0.495193
54120	-1912.447	-2102.284	189.8375	2.259521	0.4826636
54126	-1911.499	-2101.485	189.9856	1.968663	0.8175178
54132	-1925.797	-2115.53	189.733	2.090344	0.9669081
54138	-1914.013	-2103.869	189.8563	2.014986	0.9156822
54144	-1917.249	-2107.111	189.8615	2.180167	0.6865262
54150	-1916.843	-2106.728	189.8845	2.172525	0.656322
54156	-1904.203	-2094.154	189.9514	2.114894	0.6358749
54162	-1907.904	-2097.567	189.6635	1.611152	1.440569
54168	-1914.442	-2104.227	189.7852	1.697339	1.275997
54174	-1906.67	-2096.451	189.7812	2.315955	0.48452
54180	-1908.444	-2098.199	189.7549	2.342276	0.48452
54186	-1903.675	-2093.525	189.8507	2.216477	0.633766
54192	-1907.257	-2097.048	189.7908	2.303787	0.5402318
54198	-1906.538	-2096.379	189.8416	2.231841	0.6181592
54204	-1915.779	-2105.737	189.9585	2.081391	0.6896604
54210	-1914.636	-2104.525	189.8887	1.905412	0.9966801
54216	-1915.205	-2105.071	189.8661	1.930222	0.9944854
54222	-1911.998	-2101.752	189.754	1.962867	1.071506
54228	-1916.746	-2106.731	189.9855	1.894596	0.9059448
54234	-1908.303	-2098.267	189.9637	1.916379	0.9059448
54240	-1912.3	-2102.252	189.9515	1.682253	1.147136
54246	-1908.881	-2098.921	190.0402	1.760579	0.989986
54252	-1907.997	-2097.972	189.9753	1.861188	0.9532002
54258	-1902.323	-2092.266	189.9426	1.972256	0.8660873
54264	-1907.067	-2097.053	189.986	1.995687	0.7809535
54270	-1905.947	-2095.496	189.5491	1.56225	1.563024
54276	-1906.631	-2096.072	189.4412	1.539466	1.657833
54282	-1908.693	-2098.663	189.9708	1.891619	0.9254832
54288	-1919.125	-2108.942	189.817	2.045362	0.9254832
54294	-1909.382	-2099.271	189.8888	2.034319	0.8562541
54300	-1910.496	-2100.436	189.9399	1.982559	0.8570206
54306	-1909.328	-2099.207	189.8797	2.02159	0.8818881
54312	-1915.865	-2105.889	190.0238	1.940475	0.8045203
54318	-1913.124	-2103.054	189.9302	2.058832	0.7705916
54324	-1910.852	-2100.674	189.8221	2.257564	0.6009969
54330	-1906.054	-2096.006	189.9522	2.101355	0.6634281
54336	-1904.854	-2094.726	189.8721	2.057384	0.8485694
54342	-1905.96	-2095.856	189.8959	2.033552	0.8485694
54348	-1919.489	-2109.422	189.9324	1.983671	0.8645988
54354	-1932.356	-2121.854	189.4977	1.509542	1.638705
54360	-1919.456	-2109.48	190.0238	1.857027	0.9050979
54366	-1923.12	-2113.095	189.9755	1.981961	0.8134121
54372	-1911.84	-2101.722	189.8824	1.99448	0.9095879
54378	-1909.27	-2099.296	190.0259	1.850898	0.9095879
54384	-1915.264	-2105.163	189.8994	1.920675	0.9702389
54390	-1922.349	-2111.89	189.5412	1.669013	1.489497
54396	-1920.458	-2109.736	189.2778	1.51628	1.789259
54402	-1933.178	-2122.341	189.163	1.536158	1.854636
54408	-1918.357	-2107.981	189.6237	1.63341	1.453975
54414	-1915.353	-2105.298	189.9448	2.028452	0.7924944
54420	-1908.777	-2098.612	189.8356	1.813177	1.133756
54426	-1911.668	-2101.578	189.9106	1.815004	1.06329
54432	-1919.931	-2109.811	189.8799	1.893638	1.017143
54438	-1916.646	-2106.543	189.8971	1.893638	1.000042
54444	-1914.361	-2104.407	190.0452	1.929649	0.7902844
54450	-1922.88	-2112.888	190.008	1.927994	0.8405946
54456	-1911.145	-2101.024	189.8793	1.895641	1.015719
54462	-1908.249	-2098.218	189.9689	1.895641	0.9231635
54468	-1905.688	-2095.651	189.9629	1.953856	0.8638444
54474	-1930.807	-2120.365	189.5583	1.713839	1.442535
54480	-1913.054	-2103.001	189.9469	2.070885	0.7272944
54486	-1904.82	-2094.827	190.0067	2.012452	0.7250609
54492	-1903.979	-2093.909	189.9299	2.058502	0.7714428
54498	-1912.438	-2102.352	189.9134	2.172368	0.5811137
54504	-1922.623	-2112.44	189.8167	1.800628	1.161608
54510	-1908.637	-2098.6	189.9628	1.786494	1.040703
54516	-1912.384	-2102.234	189.8494	2.020318	0.9175101
54522	-1911.263	-2101.093	189.8293	1.908947	1.051224
54528	-1914.091	-2103.976	189.8852	1.791565	1.10848
54534	-1914.094	-2104.093	189.9986	2.092494	0.5593707
54540	-1910.331	-2099.987	189.6558	1.803654	1.294887
54546	-1908.26	-2098.147	189.8862	1.907271	0.9973298
54552	-1900.088	-2090.068	189.9791	1.886823	0.9216248
54558	-1904.878	-2094.709	189.8312	2.073302	0.8781996
54564	-1907.919	-2097.765	189.8459	2.110363	0.8148816
54570	-1927.821	-2117.715	189.8947	2.046927	0.8335004
54576	-1913.985	-2103.902	189.9169	2.116032	0.7021242
54582	-1914.365	-2104.236	189.8709	1.936145	0.9836497
54588	-1910.031	-2100.067	190.0356	1.897163	0.844492
54594	-1908.232	-2097.939	189.7077	1.834075	1.226672
54600	-1920.501	-2110.408	189.9074	1.740699	1.134418
54606	-1920.266	-2110.155	189.8882	1.745401	1.147331
54612	-1915.361	-2105.38	190.0185	1.989434	0.7427077
54618	-1912.328	-2102.265	189.9369	1.98055	0.8630173
54624	-1924.867	-2114.714	189.8469	2.039022	0.8993919
54630	-1908.236	-2098.063	189.8273	1.95036	1.013047
54636	-1912.066	-2101.923	189.857	1.920612	1.013047
54642	-1911.472	-2101.205	189.7329	1.979297	1.075836
54648	-1899.704	-2089.598	189.8944	1.925878	0.970022
54654	-1909.463	-2099.358	189.8944	1.925878	0.970022
54660	-1915.158	-2105.176	190.0183	1.961115	0.7840198
54666	-1913.26	-2103.309	190.049	1.872282	0.8584578
54672	-1914.017	-2103.924	189.9073	2.075537	0.7792952
54678	-1912.878	-2102.746	189.8675	2.123841	0.7672828
54684	-1911.541	-2101.07	189.5296	1.696532	1.477489
54690	-1907.397	-2096.928	189.5311	1.752568	1.433707
54696	-1911.971	-2101.451	189.48	1.567954	1.609338
54702	-1910.488	-2099.991	189.5037	1.682725	1.507349
54708	-1911.651	-2101.217	189.5658	1.620663	1.507349
54714	-1917.455	-2106.73	189.2753	1.470219	1.822858
54720	-1916.916	-2106.075	189.1589	1.504459	1.8791
54726	-1912.689	-2102.217	189.5274	1.571472	1.572217
54732	-1919.237	-2108.314	189.0765	1.52449	1.921458
54738	-1923.163	-2112.632	189.4697	1.630864	1.570981
54744	-1916.41	-2106.013	189.6032	1.618626	1.480765
54750	-1922.267	-2111.644	189.3765	1.609454	1.654014
54756	-1924.904	-2114.568	189.664	1.886339	1.219435
54762	-1928.562	-2118.409	189.8472	1.827631	1.110304
54768	-1916.155	-2105.966	189.8108	1.942028	1.037266
54774	-1918.857	-2108.657	189.7998	1.864312	1.120025
54780	-1917.927	-2107.683	189.7555	1.871595	1.153091
54786	-1911.229	-2101.079	189.8497	1.808302	1.125486
54792	-1911.629	-2100.957	189.3279	1.485215	1.776052
54798	-1913.804	-2102.698	188.8948	1.37026	2.144248
54804	-1923.581	-2112.21	188.6284	1.323249	2.345871
54810	-1916.705	-2106.211	189.5057	1.637915	1.539204
54816	-1914.401	-2104.085	189.6836	1.61719	1.420503
54822	-1909.718	-2098.731	189.0126	1.531829	1.959522
54828	-1902.668	-2092.173	189.5056	1.540665	1.61053
54834	-1918.392	-2107.963	189.5708	1.787881	1.375422
54840	-1918.828	-2108.724	189.896	1.980959	0.9094191
54846	-1934.879	-2124.659	189.7797	1.726724	1.256247
54852	-1907.393	-2097.352	189.959	1.777519	1.052956
54858	-1919.84	-2109.839	189.9992	1.844578	0.945474
54864	-1912.092	-2101.765	189.6736	2.391753	0.3834299
54870	-1904.259	-2093.576	189.3172	2.7111	0.336129
54876	-1908.697	-2098.186	189.4889	2.535559	0.3323094
54882	-1906.878	-2096.253	189.3748	2.640249	0.3232994
54888	-1912.016	-2101.402	189.3854	2.629588	0.3232994
54894	-1904.474	-2094.154	189.6803	2.414346	0.4620254
54900	-1909.7	-2099.41	189.7099	2.386666	0.476851
54906	-1914.876	-2104.748	189.8724	2.224947	0.4873187
54912	-1913.747	-2103.696	189.9493	1.893642	0.9463513
54918	-1907.697	-2097.412	189.7152	1.800098	1.248817
54924	-1916.284	-2105.721	189.4369	2.549259	0.2994883
54930	-1908.994	-2098.643	189.6494	2.432501	0.4165663
54936	-1903.3	-2092.769	189.4693	2.565194	0.3426906
54942	-1905.093	-2094.68	189.5872	2.447261	0.3426906
54948	-1909.73	-2099.126	189.3956	2.560644	0.2789765
54954	-1912.342	-2101.715	189.3726	2.578114	0.2755684
54960	-1926.631	-2116.513	189.8817	1.578969	1.293854
54966	-1914.564	-2104.185	189.6207	1.59586	1.484721
54972	-1919.236	-2108.919	189.6823	1.716866	1.343399
54978	-1908.42	-2098.193	189.7726	1.626588	1.343399
54984	-1902.109	-2091.982	189.8726	1.756378	1.151343
54990	-1913.078	-2102.972	189.8935	2.167872	0.6469556
54996	-1927.577	-2117.476	189.8984	2.136749	0.6982055
55002	-1921.661	-2111.536	189.8748	2.145338	0.7234081
55008	-1925.169	-2115.108	189.9386	1.992046	0.8470757
55014	-1918.959	-2108.805	189.8451	1.909229	1.035828
55020	-1920.649	-2110.458	189.8095	1.900148	1.078248
55026	-1914.83	-2104.269	189.4394	1.80982	1.460031
55032	-1926.823	-2116.516	189.6936	1.772011	1.289871
55038	-1917.401	-2107.042	189.6407	1.757335	1.344285
55044	-1922.777	-2112.521	189.744	1.878712	1.156871
55050	-1917.413	-2107.342	189.929	1.862257	0.9995402
55056	-1915.797	-2105.708	189.9111	1.923203	0.9554618
55062	-1912.247	-2101.783	189.5362	1.548771	1.58239
55068	-1912.567	-2102.36	189.7926	1.767879	1.210783
55074	-1917.151	-2107.055	189.9047	2.144121	0.6729938
55080	-1919.188	-2109.13	189.942	2.029787	0.7944133
55086	-1927.341	-2117.341	189.9996	1.930006	0.84835
55092	-1916.471	-2106.338	189.8671	2.061816	0.849264
55098	-1921.202	-2111.17	189.9677	2.116235	0.5874484
55104	-1920.58	-2110.569	189.9889	1.957703	0.8273092
55110	-1917.953	-2107.882	189.929	2.138346	0.6334731
55116	-1915.983	-2105.847	189.8643	2.233218	0.4928198
55122	-1917.312	-2106.995	189.6827	2.401564	0.4226338
55128	-1917.883	-2107.477	189.5945	2.474918	0.3905048
55134	-1920.978	-2111.021	190.0425	1.955286	0.7578662
55140	-1907.064	-2096.936	189.8716	1.816535	1.098087
55146	-1906.805	-2096.72	189.9148	2.085783	0.7537832
55152	-1898.862	-2088.87	190.0084	2.009685	0.7267807
55158	-1901.939	-2091.804	189.8653	2.213252	0.6042106
55164	-1909.503	-2099.345	189.8426	2.206102	0.6731504
55170	-1905.911	-2095.717	189.8065	2.264161	0.6252292
55176	-1905.164	-2094.993	189.8291	2.160423	0.7699154
55182	-1906.965	-2096.214	189.2484	1.481578	1.833556
55188	-1906.278	-2095.924	189.6467	1.848055	1.265895
55194	-1903.76	-2093.662	189.9019	2.165351	0.633684
55200	-1910.543	-2100.51	189.9667	1.84722	0.9765504
55206	-1916.623	-2106.5	189.8769	1.904031	1.009836
55212	-1904.173	-2094.103	189.9302	2.114621	0.680636
55218	-1916.084	-2106.082	189.9975	2.092171	0.5658932
55224	-1909.58	-2099.381	189.8005	2.289157	0.5658932
55230	-1905.156	-2095.039	189.8828	2.210272	0.5493556
55236	-1910.286	-2100.224	189.9384	2.065405	0.7489178
55242	-1905.128	-2095.069	189.9408	2.04122	0.7804195
55248	-1909.092	-2098.963	189.8707	2.00026	0.9160894
55254	-1912.184	-2101.813	189.6289	1.886575	1.248678
55260	-1907.552	-2097.419	189.8676	1.688942	1.214165
55266	-1910.706	-2100.483	189.7768	1.752266	1.237363
55272	-1920.764	-2110.477	189.7128	1.637694	1.381839
55278	-1921.6	-2111.232	189.6318	1.604812	1.469542
55284	-1915.301	-2104.483	189.1825	1.323306	1.98543
55290	-1916.994	-2105.912	188.9179	1.56157	2.002962
55296	-1916.346	-2106.143	189.7964	1.831357	1.152501
55302	-1907.269	-2096.736	189.4662	1.498809	1.669006
55308	-1916.509	-2106.039	189.5302	1.50495	1.618585
55314	-1916.039	-2105.716	189.6778	1.675811	1.379433
55320	-1919.143	-2108.952	189.8089	1.832611	1.14027
55326	-1911.178	-2100.884	189.7061	1.568852	1.440399
55332	-1921.913	-2111.716	189.8037	2.273524	0.608032
55338	-1919.241	-2109.065	189.8238	2.273524	0.5122084
55344	-1916.984	-2106.965	189.9816	1.983548	0.8033656
55350	-1910.523	-2100.464	189.9406	2.024502	0.8033656
55356	-1920.629	-2110.554	189.9251	1.939702	0.922831
55362	-1928.708	-2118.666	189.9573	2.022511	0.7835351
55368	-1919.093	-2108.903	189.81	2.284244	0.5425285
55374	-1920.235	-2110.028	189.7922	2.298653	0.5605937
55380	-1908.566	-2098.257	189.6907	2.406152	0.4801831
55386	-1910.831	-2100.636	189.8055	2.287117	0.5519727
55392	-1919.45	-2109.221	189.7704	2.326757	0.5152427
55398	-1913.248	-2103.015	189.7669	2.326757	0.4566046
55404	-1915.893	-2105.676	189.783	2.312869	0.470613
55410	-1924.655	-2114.401	189.7462	1.651966	1.344199
55416	-1914.356	-2104.015	189.6593	1.648143	1.415385
55422	-1915.339	-2104.896	189.5569	2.479223	0.344553
55428	-1905.703	-2095.306	189.6028	2.474289	0.4054711
55434	-1908.605	-2098.172	189.5667	2.51041	0.4054711
55440	-1909.02	-2098.825	189.8044	2.287538	0.4486601
55446	-1906.91	-2096.616	189.7064	2.389947	0.4745993
55452	-1908.659	-2098.39	189.7302	2.36577	0.471394
55458	-1917.443	-2107.171	189.7282	2.36577	0.458551
55464	-1902.701	-2092.488	189.7876	2.309677	0.4863665
55470	-1905.993	-2095.802	189.8093	2.28732	0.5224756
55476	-1909.726	-2099.55	189.8237	2.265495	0.5676847
55482	-1900.33	-2090.133	189.8025	2.29499	0.5096842
55488	-1910.481	-2100.084	189.6031	2.47889	0.4166358
55494	-1917.614	-2107.223	189.6093	2.478577	0.4333795
55500	-1907.835	-2097.553	189.7181	2.369819	0.4333795
55506	-1915.039	-2104.768	189.7299	2.367374	0.4862178
55512	-1908.711	-2098.464	189.7531	2.333558	0.4296225
55518	-1908.241	-2097.889	189.6482	2.440798	0.4369928
55524	-1917.424	-2107.134	189.7103	1.755299	1.289864
55530	-1913.531	-2103.013	189.4819	1.700667	1.510239
55536	-1915.633	-2105.522	189.8889	1.80595	1.091905
55542	-1907.773	-2097.611	189.838	1.934612	1.018058
55548	-1912.059	-2102.054	189.9943	1.879891	0.9125422
55554	-1910.382	-2100.298	189.9156	1.958578	0.9125422
55560	-1894.323	-2084.393	190.0701	1.922129	0.7659896
55566	-1904.139	-2094.051	189.9122	2.096694	0.7412241
55572	-1900.524	-2090.451	189.9272	2.096694	0.7174068
55578	-1898.469	-2088.382	189.9131	2.135829	0.6726848
55584	-1902.463	-2092.397	189.9337	1.954043	0.8973874
55590	-1902.235	-2092.226	189.9909	1.829412	0.9699788
55596	-1901.519	-2091.433	189.9137	1.90816	0.968431
55602	-1907.559	-2097.177	189.618	1.711657	1.398165
55608	-1901.008	-2090.494	189.4854	1.636904	1.55495
55614	-1896.343	-2085.691	189.3485	1.584567	1.691744
55620	-1904.429	-2094.263	189.8342	1.654952	1.270564
55626	-1913.249	-2103.019	189.7703	1.71879	1.270564
55632	-1914.475	-2104.245	189.7703	1.71879	1.270564
55638	-1905.576	-2095.531	189.9553	1.839595	0.9958418
55644	-1908.31	-2098.263	189.9526	1.906478	0.9291107
55650	-1933.705	-2123.626	189.921	2.153963	0.6141567
55656	-1909.807	-2099.656	189.8491	2.15911	0.7423193
55662	-1909.385	-2099.315	189.9291	2.04854	0.7864465
55668	-1911.572	-2101.535	189.9638	1.935575	0.8841189
55674	-1915.683	-2105.589	189.906	2.033781	0.8358485
55680	-1914.405	-2104.037	189.6327	1.795607	1.320062
55686	-1921.784	-2111.491	189.7066	1.729693	1.313659
55692	-1909.316	-2099.05	189.7344	1.81149	1.223138
55698	-1909.585	-2099.492	189.9064	1.790923	1.089622
55704	-1918.977	-2108.388	189.4107	1.697642	1.565227
55710	-1905.91	-2095.735	189.8253	1.802334	1.152554
55716	-1910.799	-2100.458	189.659	1.7885	1.304549
55722	-1918.534	-2108.288	189.7545	1.758027	1.251149
55728	-1917.764	-2107.533	189.7696	1.742957	1.251149
55734	-1917.091	-2106.577	189.4869	1.781495	1.445391
55740	-1917.524	-2107.137	189.6126	1.61865	1.47365
55746	-1915.522	-2105.206	189.6842	1.88105	1.206711
55752	-1915.137	-2104.966	189.8292	1.985681	0.9755586
55758	-1909.074	-2098.996	189.9219	2.079425	0.7526727
55764	-1907.994	-2097.899	189.9045	2.006649	0.8704624
55770	-1903.131	-2093.078	189.947	1.768765	1.072481
55776	-1905.851	-2095.496	189.6455	1.713299	1.375328
55782	-1922.059	-2111.519	189.4603	1.53408	1.647996
55788	-1923.343	-2112.929	189.5863	1.739899	1.400827
55794	-1916.044	-2105.901	189.8571	1.986254	0.9459098
55800	-1915.448	-2105.365	189.9166	1.904685	0.9689858
55806	-1909.16	-2099.038	189.8773	1.873408	1.039306
55812	-1906.457	-2096.375	189.9179	1.882525	0.9902844
55818	-1914.576	-2104.598	190.0221	1.8568	0.9072583
55824	-1908.265	-2098.265	190.0005	1.723156	1.065062
55830	-1903.083	-2093.15	190.0669	1.800684	0.9198546
55836	-1897.768	-2087.709	189.9405	1.869202	0.9808953
55842	-1902.92	-2092.418	189.4976	1.76833	1.447295
55848	-1903.455	-2093.044	189.5892	1.676688	1.447295
55854	-1905.516	-2095.227	189.7109	1.653295	1.371139
55860	-1916.544	-2106.208	189.6646	1.786425	1.301689
55866	-1916.477	-2106.246	189.7684	1.704895	1.283598
55872	-1912.511	-2102.191	189.6791	1.774898	1.299302
55878	-1910.546	-2100.006	189.46	1.493078	1.677493
55884	-1915.708	-2105.233	189.5247	1.570115	1.575168
55890	-1924.795	-2114.337	189.5425	1.55462	1.573445
55896	-1911.762	-2101.414	189.6515	1.508161	1.527323
55902	-1918.322	-2108.194	189.8721	1.767834	1.141687
55908	-1918.508	-2108.431	189.9231	1.74922	1.11257
55914	-1914.266	-2103.725	189.4591	1.447964	1.710128
55920	-1917.285	-2106.854	189.569	1.413769	1.656313
55926	-1915.501	-2104.675	189.1741	1.388228	1.947524
55932	-1913.559	-2103.4	189.8414	1.673923	1.248815
55938	-1915.643	-2105.294	189.6508	1.742741	1.347867
55944	-1923.37	-2113.154	189.7847	1.60892	1.347867
55950	-1916.78	-2106.701	189.9215	1.726733	1.13428
55956	-1915.71	-2105.685	189.9747	1.777055	1.038327
55962	-1919.175	-2109.026	189.8512	1.777055	1.152054
55968	-1911.234	-2101.127	189.893	1.744128	1.144203
55974	-1914.816	-2104.544	189.7274	1.921346	1.133826
55980	-1918.89	-2108.693	189.8034	1.614267	1.328666
55986	-1922.053	-2111.862	189.8097	1.613992	1.323823
55992	-1912.805	-2102.684	189.8787	1.612509	1.268868
55998	-1902.048	-2091.974	189.9265	1.651988	1.195372
56004	-1912.928	-2102.74	189.8122	1.766347	1.195372
56010	-1921.412	-2110.382	188.9698	1.596585	1.9448
56016	-1932.233	-2121.729	189.496	1.576456	1.591536
56022	-1914.113	-2103.979	189.8652	1.879755	1.044814
56028	-1912.168	-2101.92	189.7515	1.977614	1.059963
56034	-1921.62	-2111.462	189.8418	1.644621	1.272802
56040	-1921.095	-2110.989	189.8947	1.816075	1.07719
56046	-1915.988	-2105.909	189.9211	1.866357	1.003365
56052	-1906.917	-2096.681	189.7634	1.781809	1.22376
56058	-1900.913	-2090.8	189.8875	1.733555	1.158401
56064	-1903.634	-2093.443	189.809	1.812055	1.158401
56070	-1911.852	-2101.833	189.9804	1.810058	1.000373
56076	-1906.824	-2096.635	189.8116	1.650151	1.292987
56082	-1906.112	-2095.924	189.8123	1.786631	1.177748
56088	-1914.572	-2104.405	189.8339	1.747799	1.192613
56094	-1909.55	-2099.271	189.7211	1.997933	1.069416
56100	-1917.123	-2106.953	189.8304	1.862395	1.093822
56106	-1923.23	-2113	189.7694	1.958335	1.061203
56112	-1932.408	-2122.34	189.932	2.081888	0.7333731
56118	-1934.429	-2124.394	189.9653	1.861653	0.9631167
56124	-1907.729	-2097.674	189.9453	1.872142	0.9729915
56130	-1915.483	-2105.352	189.8694	1.928108	0.9932256
56136	-1921.373	-2111.201	189.8286	1.862917	1.095025
56142	-1917.364	-2107.184	189.8193	2.095218	0.8664846
56148	-1915.057	-2104.817	189.7593	2.011284	1.020031
56154	-1904.811	-2094.726	189.9145	2.17504	0.5661837
56160	-1910.616	-2100.496	189.8796	2.210004	0.5661837
56166	-1909.515	-2099.35	189.8349	2.25773	0.5518151
56172	-1900.774	-2090.638	189.8638	2.232195	0.5291185
56178	-1911.135	-2100.864	189.7285	2.367469	0.5291185
56184	-1908.26	-2098.128	189.8674	2.205714	0.6191424
56190	-1916.232	-2106.128	189.8955	2.18934	0.5842802
56196	-1917.338	-2107.062	189.7239	2.364208	0.4342127
56202	-1908.147	-2097.919	189.7724	2.325215	0.4995516
56208	-1903.05	-2092.902	189.8526	2.238388	0.5596647
56214	-1903.883	-2093.737	189.8537	2.236158	0.5649391
56220	-1905.173	-2095.057	189.8836	2.213727	0.5129039
56226	-1901.887	-2091.834	189.9465	2.128166	0.6149693
56232	-1901.508	-2091.314	189.8062	2.290625	0.5207847
56238	-1909.667	-2099.451	189.7839	2.313323	0.5140317
56244	-1919.788	-2109.457	189.6689	2.400395	0.3901615
56250	-1916.891	-2106.416	189.5243	2.527158	0.3630701
56256	-1919.094	-2108.774	189.6797	2.401909	0.4157784
56262	-1906.657	-2096.339	189.6825	2.39507	0.4063945
56268	-1902.12	-2091.802	189.6825	2.39507	0.4063945
56274	-1905.092	-2094.721	189.6291	2.448495	0.4063945
56280	-1903.448	-2093.136	189.6876	2.397764	0.4257525
56286	-1905.917	-2095.636	189.719	2.374731	0.4571795
56292	-1907.922	-2097.459	189.537	2.49656	0.3416905
56298	-1908.103	-2097.551	189.4478	2.587781	0.3438634
47502	-2480.967	-2663.052	182.0858	1.048336	6.244167
47508	-2878.132	-3023.152	145.0198	0.7230815	25.64617
52206	-1.012415e+73	-3537.254	-1.012415e+73	3.572615e+14	5.062074e+72
62904	-8.058791e+93	-3537.254	-8.058791e+93	8.417931e+21	4.029396e+93
57906	-2.260957e+155	-3537.254	-2.260957e+155	3.606751e+33	1.130479e+155
72102	-2.475516e+230	-3537.254	-2.475516e+230	1.851e+55	1.237758e+230
72108	-5.666867e+230	-3537.254	-5.666867e+230	2.45153e+55	2.833434e+230
310002	-inf	-3537.254	-inf	3.491645e+307	8.150339e+307
310008	-inf	-3537.254	-inf	4.4928e+307	7.118077e+307
731502	-8.603736e+307	-3537.254	-8.603736e+307	5.433206e+307	1.585265e+307
731508	-1.250122e+308	-3537.254	-1.250122e+308	6.717163e+307	2.892029e+307
881202	-1.318987e+308	-3537.254	-1.318987e+308	5.560363e+307	3.814752e+307
881208	-inf	-3537.254	-inf	6.131445e+307	6.488662e+307
881214	-inf	-3537.254	-inf	5.65495e+307	7.328075e+307
996504	-6.839437e+307	-3537.254	-6.839437e+307	4.559982e+306	3.191719e+307
1121604	-1.214844e+308	-3537.254	-1.214844e+308	1.35515e+307	5.396644e+307
1239906	-1.28096e+308	-3537.254	-1.28096e+308	3.583806e+307	4.612897e+307
